2026-05-14 11:10:22 INFO  [restartedMain] c.p.p.h.PathologyHospitalServiceApplication requestId= tenantId= hospitalId= branchId= userId= - Starting PathologyHospitalServiceApplication using Java 17.0.8 with PID 19892 (C:\Users\ms\OneDrive\Desktop\pathology-hospital-service\target\classes started by ms in C:\Users\ms\OneDrive\Desktop\pathology-hospital-service)
2026-05-14 11:10:22 DEBUG [restartedMain] c.p.p.h.PathologyHospitalServiceApplication requestId= tenantId= hospitalId= branchId= userId= - Running with Spring Boot v3.4.4, Spring v6.2.5
2026-05-14 11:10:22 INFO  [restartedMain] c.p.p.h.PathologyHospitalServiceApplication requestId= tenantId= hospitalId= branchId= userId= - No active profile set, falling back to 1 default profile: "default"
2026-05-14 11:10:23 INFO  [restartedMain] o.s.b.d.e.DevToolsPropertyDefaultsPostProcessor requestId= tenantId= hospitalId= branchId= userId= - Devtools property defaults active! Set 'spring.devtools.add-properties' to 'false' to disable
2026-05-14 11:10:23 INFO  [restartedMain] o.s.b.d.e.DevToolsPropertyDefaultsPostProcessor requestId= tenantId= hospitalId= branchId= userId= - For additional web related logging consider setting the 'logging.level.web' property to 'DEBUG'
2026-05-14 11:10:26 INFO  [restartedMain] o.s.b.w.e.tomcat.TomcatWebServer requestId= tenantId= hospitalId= branchId= userId= - Tomcat initialized with port 8097 (http)
2026-05-14 11:10:26 INFO  [restartedMain] o.a.catalina.core.StandardService requestId= tenantId= hospitalId= branchId= userId= - Starting service [Tomcat]
2026-05-14 11:10:26 INFO  [restartedMain] o.a.catalina.core.StandardEngine requestId= tenantId= hospitalId= branchId= userId= - Starting Servlet engine: [Apache Tomcat/10.1.39]
2026-05-14 11:10:26 INFO  [restartedMain] o.a.c.c.C.[Tomcat].[localhost].[/] requestId= tenantId= hospitalId= branchId= userId= - Initializing Spring embedded WebApplicationContext
2026-05-14 11:10:26 INFO  [restartedMain] o.s.b.w.s.c.ServletWebServerApplicationContext requestId= tenantId= hospitalId= branchId= userId= - Root WebApplicationContext: initialization completed in 3352 ms
2026-05-14 11:10:26 DEBUG [restartedMain] c.p.p.h.s.JwtAuthenticationFilter requestId= tenantId= hospitalId= branchId= userId= - Filter 'jwtAuthenticationFilter' configured for use
2026-05-14 11:10:26 WARN  [restartedMain] o.s.b.a.s.s.UserDetailsServiceAutoConfiguration requestId= tenantId= hospitalId= branchId= userId= - 

Using generated security password: 7358ce2c-825c-4639-9c99-0ec753cf1079

This generated password is for development use only. Your security configuration must be updated before running your application in production.

2026-05-14 11:10:26 INFO  [restartedMain] o.s.s.c.a.a.c.InitializeUserDetailsBeanManagerConfigurer$InitializeUserDetailsManagerConfigurer requestId= tenantId= hospitalId= branchId= userId= - Global AuthenticationManager configured with UserDetailsService bean with name inMemoryUserDetailsManager
2026-05-14 11:10:27 WARN  [restartedMain] o.s.b.d.a.OptionalLiveReloadServer requestId= tenantId= hospitalId= branchId= userId= - Unable to start LiveReload server
2026-05-14 11:10:27 INFO  [restartedMain] o.s.b.w.e.tomcat.TomcatWebServer requestId= tenantId= hospitalId= branchId= userId= - Tomcat started on port 8097 (http) with context path '/'
2026-05-14 11:10:27 INFO  [restartedMain] c.p.p.h.PathologyHospitalServiceApplication requestId= tenantId= hospitalId= branchId= userId= - Started PathologyHospitalServiceApplication in 5.715 seconds (process running for 7.021)
2026-05-14 11:13:13 INFO  [http-nio-8097-exec-2] o.a.c.c.C.[Tomcat].[localhost].[/] requestId= tenantId= hospitalId= branchId= userId= - Initializing Spring DispatcherServlet 'dispatcherServlet'
2026-05-14 11:13:13 INFO  [http-nio-8097-exec-2] o.s.web.servlet.DispatcherServlet requestId= tenantId= hospitalId= branchId= userId= - Initializing Servlet 'dispatcherServlet'
2026-05-14 11:13:13 INFO  [http-nio-8097-exec-2] o.s.web.servlet.DispatcherServlet requestId= tenantId= hospitalId= branchId= userId= - Completed initialization in 4 ms
2026-05-14 11:13:13 INFO  [http-nio-8097-exec-2] com.zaxxer.hikari.HikariDataSource requestId=c09c0ab9-f8b4-4a9e-9ce5-3a31ba99c3ee tenantId=1 hospitalId=1 branchId=br_main userId=1 - HikariPool-1 - Starting...
2026-05-14 11:13:13 INFO  [http-nio-8097-exec-2] com.zaxxer.hikari.pool.HikariPool requestId=c09c0ab9-f8b4-4a9e-9ce5-3a31ba99c3ee tenantId=1 hospitalId=1 branchId=br_main userId=1 - HikariPool-1 - Added connection com.mysql.cj.jdbc.ConnectionImpl@65a1b529
2026-05-14 11:13:13 INFO  [http-nio-8097-exec-2] com.zaxxer.hikari.HikariDataSource requestId=c09c0ab9-f8b4-4a9e-9ce5-3a31ba99c3ee tenantId=1 hospitalId=1 branchId=br_main userId=1 - HikariPool-1 - Start completed.
2026-05-14 11:27:33 WARN  [http-nio-8097-exec-4] o.s.w.s.m.m.a.ExceptionHandlerExceptionResolver requestId=794613d5-cf41-434f-8cab-80be6e5bcb9a tenantId=1 hospitalId=1 branchId=br_main userId=1 - Resolved [com.plasmit.pathology.hospital.common.exception.ApiException: Pathology specimen not found.]
2026-05-14 11:31:20 WARN  [http-nio-8097-exec-7] o.s.w.s.m.m.a.ExceptionHandlerExceptionResolver requestId=107e70af-6f40-4171-95e2-36023b4a77c0 tenantId=1 hospitalId=1 branchId=br_main userId=1 - Resolved [com.plasmit.pathology.hospital.common.exception.ApiException: Verified or released specimen cannot be rejected.]
2026-05-14 11:31:36 WARN  [http-nio-8097-exec-9] o.s.w.s.m.m.a.ExceptionHandlerExceptionResolver requestId=d0aaa426-7b03-4234-8240-1967190652db tenantId=1 hospitalId=1 branchId=br_main userId=1 - Resolved [com.plasmit.pathology.hospital.common.exception.ApiException: Pathology specimen not found.]
2026-05-14 11:41:47 INFO  [File Watcher] o.s.b.d.a.LocalDevToolsAutoConfiguration$RestartingClassPathChangeChangedEventListener requestId= tenantId= hospitalId= branchId= userId= - Restarting due to 1 class path change (1 addition, 0 deletions, 0 modifications)
2026-05-14 11:41:48 INFO  [Thread-1] o.s.b.w.e.tomcat.GracefulShutdown requestId= tenantId= hospitalId= branchId= userId= - Commencing graceful shutdown. Waiting for active requests to complete
2026-05-14 11:41:48 INFO  [tomcat-shutdown] o.s.b.w.e.tomcat.GracefulShutdown requestId= tenantId= hospitalId= branchId= userId= - Graceful shutdown complete
2026-05-14 11:41:48 INFO  [Thread-1] com.zaxxer.hikari.HikariDataSource requestId= tenantId= hospitalId= branchId= userId= - HikariPool-1 - Shutdown initiated...
2026-05-14 11:41:49 INFO  [Thread-1] com.zaxxer.hikari.HikariDataSource requestId= tenantId= hospitalId= branchId= userId= - HikariPool-1 - Shutdown completed.
2026-05-14 11:41:51 INFO  [restartedMain] c.p.p.h.PathologyHospitalServiceApplication requestId= tenantId= hospitalId= branchId= userId= - Starting PathologyHospitalServiceApplication using Java 17.0.8 with PID 19892 (C:\Users\ms\OneDrive\Desktop\pathology-hospital-service\target\classes started by ms in C:\Users\ms\OneDrive\Desktop\pathology-hospital-service)
2026-05-14 11:41:51 DEBUG [restartedMain] c.p.p.h.PathologyHospitalServiceApplication requestId= tenantId= hospitalId= branchId= userId= - Running with Spring Boot v3.4.4, Spring v6.2.5
2026-05-14 11:41:51 INFO  [restartedMain] c.p.p.h.PathologyHospitalServiceApplication requestId= tenantId= hospitalId= branchId= userId= - No active profile set, falling back to 1 default profile: "default"
2026-05-14 11:41:52 INFO  [restartedMain] o.s.b.w.e.tomcat.TomcatWebServer requestId= tenantId= hospitalId= branchId= userId= - Tomcat initialized with port 8097 (http)
2026-05-14 11:41:52 INFO  [restartedMain] o.a.catalina.core.StandardService requestId= tenantId= hospitalId= branchId= userId= - Starting service [Tomcat]
2026-05-14 11:41:52 INFO  [restartedMain] o.a.catalina.core.StandardEngine requestId= tenantId= hospitalId= branchId= userId= - Starting Servlet engine: [Apache Tomcat/10.1.39]
2026-05-14 11:41:52 INFO  [restartedMain] o.a.c.c.C.[Tomcat].[localhost].[/] requestId= tenantId= hospitalId= branchId= userId= - Initializing Spring embedded WebApplicationContext
2026-05-14 11:41:52 INFO  [restartedMain] o.s.b.w.s.c.ServletWebServerApplicationContext requestId= tenantId= hospitalId= branchId= userId= - Root WebApplicationContext: initialization completed in 1209 ms
2026-05-14 11:41:52 DEBUG [restartedMain] c.p.p.h.s.JwtAuthenticationFilter requestId= tenantId= hospitalId= branchId= userId= - Filter 'jwtAuthenticationFilter' configured for use
2026-05-14 11:41:52 WARN  [restartedMain] o.s.b.a.s.s.UserDetailsServiceAutoConfiguration requestId= tenantId= hospitalId= branchId= userId= - 

Using generated security password: 64f948b4-0a0d-4f49-a6fc-069fdc791ad7

This generated password is for development use only. Your security configuration must be updated before running your application in production.

2026-05-14 11:41:52 INFO  [restartedMain] o.s.s.c.a.a.c.InitializeUserDetailsBeanManagerConfigurer$InitializeUserDetailsManagerConfigurer requestId= tenantId= hospitalId= branchId= userId= - Global AuthenticationManager configured with UserDetailsService bean with name inMemoryUserDetailsManager
2026-05-14 11:41:54 WARN  [restartedMain] o.s.b.d.a.OptionalLiveReloadServer requestId= tenantId= hospitalId= branchId= userId= - Unable to start LiveReload server
2026-05-14 11:41:54 INFO  [restartedMain] o.s.b.w.e.tomcat.TomcatWebServer requestId= tenantId= hospitalId= branchId= userId= - Tomcat started on port 8097 (http) with context path '/'
2026-05-14 11:41:54 INFO  [restartedMain] c.p.p.h.PathologyHospitalServiceApplication requestId= tenantId= hospitalId= branchId= userId= - Started PathologyHospitalServiceApplication in 3.256 seconds (process running for 1893.427)
2026-05-14 11:41:54 INFO  [restartedMain] o.s.b.d.a.ConditionEvaluationDeltaLoggingListener requestId= tenantId= hospitalId= branchId= userId= - Condition evaluation unchanged
2026-05-14 11:42:13 INFO  [File Watcher] o.s.b.d.a.LocalDevToolsAutoConfiguration$RestartingClassPathChangeChangedEventListener requestId= tenantId= hospitalId= branchId= userId= - Restarting due to 1 class path change (0 additions, 0 deletions, 1 modification)
2026-05-14 11:42:14 INFO  [Thread-5] o.s.b.w.e.tomcat.GracefulShutdown requestId= tenantId= hospitalId= branchId= userId= - Commencing graceful shutdown. Waiting for active requests to complete
2026-05-14 11:42:14 INFO  [tomcat-shutdown] o.s.b.w.e.tomcat.GracefulShutdown requestId= tenantId= hospitalId= branchId= userId= - Graceful shutdown complete
2026-05-14 11:42:15 INFO  [restartedMain] c.p.p.h.PathologyHospitalServiceApplication requestId= tenantId= hospitalId= branchId= userId= - Starting PathologyHospitalServiceApplication using Java 17.0.8 with PID 19892 (C:\Users\ms\OneDrive\Desktop\pathology-hospital-service\target\classes started by ms in C:\Users\ms\OneDrive\Desktop\pathology-hospital-service)
2026-05-14 11:42:15 DEBUG [restartedMain] c.p.p.h.PathologyHospitalServiceApplication requestId= tenantId= hospitalId= branchId= userId= - Running with Spring Boot v3.4.4, Spring v6.2.5
2026-05-14 11:42:15 INFO  [restartedMain] c.p.p.h.PathologyHospitalServiceApplication requestId= tenantId= hospitalId= branchId= userId= - No active profile set, falling back to 1 default profile: "default"
2026-05-14 11:42:17 INFO  [restartedMain] o.s.b.w.e.tomcat.TomcatWebServer requestId= tenantId= hospitalId= branchId= userId= - Tomcat initialized with port 8097 (http)
2026-05-14 11:42:17 INFO  [restartedMain] o.a.catalina.core.StandardService requestId= tenantId= hospitalId= branchId= userId= - Starting service [Tomcat]
2026-05-14 11:42:17 INFO  [restartedMain] o.a.catalina.core.StandardEngine requestId= tenantId= hospitalId= branchId= userId= - Starting Servlet engine: [Apache Tomcat/10.1.39]
2026-05-14 11:42:17 INFO  [restartedMain] o.a.c.c.C.[Tomcat].[localhost].[/] requestId= tenantId= hospitalId= branchId= userId= - Initializing Spring embedded WebApplicationContext
2026-05-14 11:42:17 INFO  [restartedMain] o.s.b.w.s.c.ServletWebServerApplicationContext requestId= tenantId= hospitalId= branchId= userId= - Root WebApplicationContext: initialization completed in 2763 ms
2026-05-14 11:42:17 DEBUG [restartedMain] c.p.p.h.s.JwtAuthenticationFilter requestId= tenantId= hospitalId= branchId= userId= - Filter 'jwtAuthenticationFilter' configured for use
2026-05-14 11:42:17 WARN  [restartedMain] o.s.b.a.s.s.UserDetailsServiceAutoConfiguration requestId= tenantId= hospitalId= branchId= userId= - 

Using generated security password: 148df35e-d0ac-43d6-887f-87be463014c1

This generated password is for development use only. Your security configuration must be updated before running your application in production.

2026-05-14 11:42:18 INFO  [restartedMain] o.s.s.c.a.a.c.InitializeUserDetailsBeanManagerConfigurer$InitializeUserDetailsManagerConfigurer requestId= tenantId= hospitalId= branchId= userId= - Global AuthenticationManager configured with UserDetailsService bean with name inMemoryUserDetailsManager
2026-05-14 11:42:19 WARN  [restartedMain] o.s.b.d.a.OptionalLiveReloadServer requestId= tenantId= hospitalId= branchId= userId= - Unable to start LiveReload server
2026-05-14 11:42:19 INFO  [restartedMain] o.s.b.w.e.tomcat.TomcatWebServer requestId= tenantId= hospitalId= branchId= userId= - Tomcat started on port 8097 (http) with context path '/'
2026-05-14 11:42:19 INFO  [restartedMain] c.p.p.h.PathologyHospitalServiceApplication requestId= tenantId= hospitalId= branchId= userId= - Started PathologyHospitalServiceApplication in 4.231 seconds (process running for 1918.405)
2026-05-14 11:42:19 INFO  [restartedMain] o.s.b.d.a.ConditionEvaluationDeltaLoggingListener requestId= tenantId= hospitalId= branchId= userId= - Condition evaluation unchanged
2026-05-14 11:42:54 INFO  [File Watcher] o.s.b.d.a.LocalDevToolsAutoConfiguration$RestartingClassPathChangeChangedEventListener requestId= tenantId= hospitalId= branchId= userId= - Restarting due to 1 class path change (1 addition, 0 deletions, 0 modifications)
2026-05-14 11:42:54 INFO  [Thread-9] o.s.b.w.e.tomcat.GracefulShutdown requestId= tenantId= hospitalId= branchId= userId= - Commencing graceful shutdown. Waiting for active requests to complete
2026-05-14 11:42:54 INFO  [tomcat-shutdown] o.s.b.w.e.tomcat.GracefulShutdown requestId= tenantId= hospitalId= branchId= userId= - Graceful shutdown complete
2026-05-14 11:42:54 INFO  [restartedMain] c.p.p.h.PathologyHospitalServiceApplication requestId= tenantId= hospitalId= branchId= userId= - Starting PathologyHospitalServiceApplication using Java 17.0.8 with PID 19892 (C:\Users\ms\OneDrive\Desktop\pathology-hospital-service\target\classes started by ms in C:\Users\ms\OneDrive\Desktop\pathology-hospital-service)
2026-05-14 11:42:54 DEBUG [restartedMain] c.p.p.h.PathologyHospitalServiceApplication requestId= tenantId= hospitalId= branchId= userId= - Running with Spring Boot v3.4.4, Spring v6.2.5
2026-05-14 11:42:54 INFO  [restartedMain] c.p.p.h.PathologyHospitalServiceApplication requestId= tenantId= hospitalId= branchId= userId= - No active profile set, falling back to 1 default profile: "default"
2026-05-14 11:42:54 INFO  [restartedMain] o.s.b.w.e.tomcat.TomcatWebServer requestId= tenantId= hospitalId= branchId= userId= - Tomcat initialized with port 8097 (http)
2026-05-14 11:42:54 INFO  [restartedMain] o.a.catalina.core.StandardService requestId= tenantId= hospitalId= branchId= userId= - Starting service [Tomcat]
2026-05-14 11:42:54 INFO  [restartedMain] o.a.catalina.core.StandardEngine requestId= tenantId= hospitalId= branchId= userId= - Starting Servlet engine: [Apache Tomcat/10.1.39]
2026-05-14 11:42:54 INFO  [restartedMain] o.a.c.c.C.[Tomcat].[localhost].[/] requestId= tenantId= hospitalId= branchId= userId= - Initializing Spring embedded WebApplicationContext
2026-05-14 11:42:54 INFO  [restartedMain] o.s.b.w.s.c.ServletWebServerApplicationContext requestId= tenantId= hospitalId= branchId= userId= - Root WebApplicationContext: initialization completed in 415 ms
2026-05-14 11:42:54 DEBUG [restartedMain] c.p.p.h.s.JwtAuthenticationFilter requestId= tenantId= hospitalId= branchId= userId= - Filter 'jwtAuthenticationFilter' configured for use
2026-05-14 11:42:54 WARN  [restartedMain] o.s.b.a.s.s.UserDetailsServiceAutoConfiguration requestId= tenantId= hospitalId= branchId= userId= - 

Using generated security password: e07528b4-c1a7-4900-9bf0-ca57983c4d9b

This generated password is for development use only. Your security configuration must be updated before running your application in production.

2026-05-14 11:42:54 INFO  [restartedMain] o.s.s.c.a.a.c.InitializeUserDetailsBeanManagerConfigurer$InitializeUserDetailsManagerConfigurer requestId= tenantId= hospitalId= branchId= userId= - Global AuthenticationManager configured with UserDetailsService bean with name inMemoryUserDetailsManager
2026-05-14 11:42:55 WARN  [restartedMain] o.s.b.d.a.OptionalLiveReloadServer requestId= tenantId= hospitalId= branchId= userId= - Unable to start LiveReload server
2026-05-14 11:42:55 INFO  [restartedMain] o.s.b.w.e.tomcat.TomcatWebServer requestId= tenantId= hospitalId= branchId= userId= - Tomcat started on port 8097 (http) with context path '/'
2026-05-14 11:42:55 INFO  [restartedMain] c.p.p.h.PathologyHospitalServiceApplication requestId= tenantId= hospitalId= branchId= userId= - Started PathologyHospitalServiceApplication in 0.966 seconds (process running for 1954.641)
2026-05-14 11:42:55 INFO  [restartedMain] o.s.b.d.a.ConditionEvaluationDeltaLoggingListener requestId= tenantId= hospitalId= branchId= userId= - Condition evaluation unchanged
2026-05-14 11:43:15 INFO  [File Watcher] o.s.b.d.a.LocalDevToolsAutoConfiguration$RestartingClassPathChangeChangedEventListener requestId= tenantId= hospitalId= branchId= userId= - Restarting due to 1 class path change (0 additions, 0 deletions, 1 modification)
2026-05-14 11:43:15 INFO  [Thread-13] o.s.b.w.e.tomcat.GracefulShutdown requestId= tenantId= hospitalId= branchId= userId= - Commencing graceful shutdown. Waiting for active requests to complete
2026-05-14 11:43:15 INFO  [tomcat-shutdown] o.s.b.w.e.tomcat.GracefulShutdown requestId= tenantId= hospitalId= branchId= userId= - Graceful shutdown complete
2026-05-14 11:43:15 INFO  [restartedMain] c.p.p.h.PathologyHospitalServiceApplication requestId= tenantId= hospitalId= branchId= userId= - Starting PathologyHospitalServiceApplication using Java 17.0.8 with PID 19892 (C:\Users\ms\OneDrive\Desktop\pathology-hospital-service\target\classes started by ms in C:\Users\ms\OneDrive\Desktop\pathology-hospital-service)
2026-05-14 11:43:15 DEBUG [restartedMain] c.p.p.h.PathologyHospitalServiceApplication requestId= tenantId= hospitalId= branchId= userId= - Running with Spring Boot v3.4.4, Spring v6.2.5
2026-05-14 11:43:15 INFO  [restartedMain] c.p.p.h.PathologyHospitalServiceApplication requestId= tenantId= hospitalId= branchId= userId= - No active profile set, falling back to 1 default profile: "default"
2026-05-14 11:43:16 INFO  [restartedMain] o.s.b.w.e.tomcat.TomcatWebServer requestId= tenantId= hospitalId= branchId= userId= - Tomcat initialized with port 8097 (http)
2026-05-14 11:43:16 INFO  [restartedMain] o.a.catalina.core.StandardService requestId= tenantId= hospitalId= branchId= userId= - Starting service [Tomcat]
2026-05-14 11:43:16 INFO  [restartedMain] o.a.catalina.core.StandardEngine requestId= tenantId= hospitalId= branchId= userId= - Starting Servlet engine: [Apache Tomcat/10.1.39]
2026-05-14 11:43:16 INFO  [restartedMain] o.a.c.c.C.[Tomcat].[localhost].[/] requestId= tenantId= hospitalId= branchId= userId= - Initializing Spring embedded WebApplicationContext
2026-05-14 11:43:16 INFO  [restartedMain] o.s.b.w.s.c.ServletWebServerApplicationContext requestId= tenantId= hospitalId= branchId= userId= - Root WebApplicationContext: initialization completed in 842 ms
2026-05-14 11:43:16 DEBUG [restartedMain] c.p.p.h.s.JwtAuthenticationFilter requestId= tenantId= hospitalId= branchId= userId= - Filter 'jwtAuthenticationFilter' configured for use
2026-05-14 11:43:16 WARN  [restartedMain] o.s.b.a.s.s.UserDetailsServiceAutoConfiguration requestId= tenantId= hospitalId= branchId= userId= - 

Using generated security password: 97109c52-cabe-4fde-aee5-06c7c95899da

This generated password is for development use only. Your security configuration must be updated before running your application in production.

2026-05-14 11:43:16 INFO  [restartedMain] o.s.s.c.a.a.c.InitializeUserDetailsBeanManagerConfigurer$InitializeUserDetailsManagerConfigurer requestId= tenantId= hospitalId= branchId= userId= - Global AuthenticationManager configured with UserDetailsService bean with name inMemoryUserDetailsManager
2026-05-14 11:43:17 WARN  [restartedMain] o.s.b.d.a.OptionalLiveReloadServer requestId= tenantId= hospitalId= branchId= userId= - Unable to start LiveReload server
2026-05-14 11:43:17 INFO  [restartedMain] o.s.b.w.e.tomcat.TomcatWebServer requestId= tenantId= hospitalId= branchId= userId= - Tomcat started on port 8097 (http) with context path '/'
2026-05-14 11:43:17 INFO  [restartedMain] c.p.p.h.PathologyHospitalServiceApplication requestId= tenantId= hospitalId= branchId= userId= - Started PathologyHospitalServiceApplication in 1.517 seconds (process running for 1976.424)
2026-05-14 11:43:17 INFO  [restartedMain] o.s.b.d.a.ConditionEvaluationDeltaLoggingListener requestId= tenantId= hospitalId= branchId= userId= - Condition evaluation unchanged
2026-05-14 11:43:44 INFO  [File Watcher] o.s.b.d.a.LocalDevToolsAutoConfiguration$RestartingClassPathChangeChangedEventListener requestId= tenantId= hospitalId= branchId= userId= - Restarting due to 1 class path change (1 addition, 0 deletions, 0 modifications)
2026-05-14 11:43:44 INFO  [Thread-17] o.s.b.w.e.tomcat.GracefulShutdown requestId= tenantId= hospitalId= branchId= userId= - Commencing graceful shutdown. Waiting for active requests to complete
2026-05-14 11:43:44 INFO  [tomcat-shutdown] o.s.b.w.e.tomcat.GracefulShutdown requestId= tenantId= hospitalId= branchId= userId= - Graceful shutdown complete
2026-05-14 11:43:44 INFO  [restartedMain] c.p.p.h.PathologyHospitalServiceApplication requestId= tenantId= hospitalId= branchId= userId= - Starting PathologyHospitalServiceApplication using Java 17.0.8 with PID 19892 (C:\Users\ms\OneDrive\Desktop\pathology-hospital-service\target\classes started by ms in C:\Users\ms\OneDrive\Desktop\pathology-hospital-service)
2026-05-14 11:43:44 DEBUG [restartedMain] c.p.p.h.PathologyHospitalServiceApplication requestId= tenantId= hospitalId= branchId= userId= - Running with Spring Boot v3.4.4, Spring v6.2.5
2026-05-14 11:43:44 INFO  [restartedMain] c.p.p.h.PathologyHospitalServiceApplication requestId= tenantId= hospitalId= branchId= userId= - No active profile set, falling back to 1 default profile: "default"
2026-05-14 11:43:45 INFO  [restartedMain] o.s.b.w.e.tomcat.TomcatWebServer requestId= tenantId= hospitalId= branchId= userId= - Tomcat initialized with port 8097 (http)
2026-05-14 11:43:45 INFO  [restartedMain] o.a.catalina.core.StandardService requestId= tenantId= hospitalId= branchId= userId= - Starting service [Tomcat]
2026-05-14 11:43:45 INFO  [restartedMain] o.a.catalina.core.StandardEngine requestId= tenantId= hospitalId= branchId= userId= - Starting Servlet engine: [Apache Tomcat/10.1.39]
2026-05-14 11:43:45 INFO  [restartedMain] o.a.c.c.C.[Tomcat].[localhost].[/] requestId= tenantId= hospitalId= branchId= userId= - Initializing Spring embedded WebApplicationContext
2026-05-14 11:43:45 INFO  [restartedMain] o.s.b.w.s.c.ServletWebServerApplicationContext requestId= tenantId= hospitalId= branchId= userId= - Root WebApplicationContext: initialization completed in 786 ms
2026-05-14 11:43:45 DEBUG [restartedMain] c.p.p.h.s.JwtAuthenticationFilter requestId= tenantId= hospitalId= branchId= userId= - Filter 'jwtAuthenticationFilter' configured for use
2026-05-14 11:43:45 WARN  [restartedMain] o.s.b.a.s.s.UserDetailsServiceAutoConfiguration requestId= tenantId= hospitalId= branchId= userId= - 

Using generated security password: 11f0be3d-fbe5-4db5-9124-ff3b035ca86f

This generated password is for development use only. Your security configuration must be updated before running your application in production.

2026-05-14 11:43:45 INFO  [restartedMain] o.s.s.c.a.a.c.InitializeUserDetailsBeanManagerConfigurer$InitializeUserDetailsManagerConfigurer requestId= tenantId= hospitalId= branchId= userId= - Global AuthenticationManager configured with UserDetailsService bean with name inMemoryUserDetailsManager
2026-05-14 11:43:45 WARN  [restartedMain] o.s.b.d.a.OptionalLiveReloadServer requestId= tenantId= hospitalId= branchId= userId= - Unable to start LiveReload server
2026-05-14 11:43:45 INFO  [restartedMain] o.s.b.w.e.tomcat.TomcatWebServer requestId= tenantId= hospitalId= branchId= userId= - Tomcat started on port 8097 (http) with context path '/'
2026-05-14 11:43:45 INFO  [restartedMain] c.p.p.h.PathologyHospitalServiceApplication requestId= tenantId= hospitalId= branchId= userId= - Started PathologyHospitalServiceApplication in 1.329 seconds (process running for 2004.831)
2026-05-14 11:43:45 INFO  [restartedMain] o.s.b.d.a.ConditionEvaluationDeltaLoggingListener requestId= tenantId= hospitalId= branchId= userId= - Condition evaluation unchanged
2026-05-14 11:44:04 INFO  [File Watcher] o.s.b.d.a.LocalDevToolsAutoConfiguration$RestartingClassPathChangeChangedEventListener requestId= tenantId= hospitalId= branchId= userId= - Restarting due to 1 class path change (0 additions, 0 deletions, 1 modification)
2026-05-14 11:44:04 INFO  [Thread-21] o.s.b.w.e.tomcat.GracefulShutdown requestId= tenantId= hospitalId= branchId= userId= - Commencing graceful shutdown. Waiting for active requests to complete
2026-05-14 11:44:04 INFO  [tomcat-shutdown] o.s.b.w.e.tomcat.GracefulShutdown requestId= tenantId= hospitalId= branchId= userId= - Graceful shutdown complete
2026-05-14 11:44:05 INFO  [restartedMain] c.p.p.h.PathologyHospitalServiceApplication requestId= tenantId= hospitalId= branchId= userId= - Starting PathologyHospitalServiceApplication using Java 17.0.8 with PID 19892 (C:\Users\ms\OneDrive\Desktop\pathology-hospital-service\target\classes started by ms in C:\Users\ms\OneDrive\Desktop\pathology-hospital-service)
2026-05-14 11:44:05 DEBUG [restartedMain] c.p.p.h.PathologyHospitalServiceApplication requestId= tenantId= hospitalId= branchId= userId= - Running with Spring Boot v3.4.4, Spring v6.2.5
2026-05-14 11:44:05 INFO  [restartedMain] c.p.p.h.PathologyHospitalServiceApplication requestId= tenantId= hospitalId= branchId= userId= - No active profile set, falling back to 1 default profile: "default"
2026-05-14 11:44:06 INFO  [restartedMain] o.s.b.w.e.tomcat.TomcatWebServer requestId= tenantId= hospitalId= branchId= userId= - Tomcat initialized with port 8097 (http)
2026-05-14 11:44:06 INFO  [restartedMain] o.a.catalina.core.StandardService requestId= tenantId= hospitalId= branchId= userId= - Starting service [Tomcat]
2026-05-14 11:44:06 INFO  [restartedMain] o.a.catalina.core.StandardEngine requestId= tenantId= hospitalId= branchId= userId= - Starting Servlet engine: [Apache Tomcat/10.1.39]
2026-05-14 11:44:06 INFO  [restartedMain] o.a.c.c.C.[Tomcat].[localhost].[/] requestId= tenantId= hospitalId= branchId= userId= - Initializing Spring embedded WebApplicationContext
2026-05-14 11:44:06 INFO  [restartedMain] o.s.b.w.s.c.ServletWebServerApplicationContext requestId= tenantId= hospitalId= branchId= userId= - Root WebApplicationContext: initialization completed in 1147 ms
2026-05-14 11:44:06 DEBUG [restartedMain] c.p.p.h.s.JwtAuthenticationFilter requestId= tenantId= hospitalId= branchId= userId= - Filter 'jwtAuthenticationFilter' configured for use
2026-05-14 11:44:06 WARN  [restartedMain] o.s.b.a.s.s.UserDetailsServiceAutoConfiguration requestId= tenantId= hospitalId= branchId= userId= - 

Using generated security password: 90daec57-3d58-4bb2-8fb1-0c1b40a89edd

This generated password is for development use only. Your security configuration must be updated before running your application in production.

2026-05-14 11:44:06 INFO  [restartedMain] o.s.s.c.a.a.c.InitializeUserDetailsBeanManagerConfigurer$InitializeUserDetailsManagerConfigurer requestId= tenantId= hospitalId= branchId= userId= - Global AuthenticationManager configured with UserDetailsService bean with name inMemoryUserDetailsManager
2026-05-14 11:44:07 WARN  [restartedMain] o.s.b.d.a.OptionalLiveReloadServer requestId= tenantId= hospitalId= branchId= userId= - Unable to start LiveReload server
2026-05-14 11:44:07 INFO  [restartedMain] o.s.b.w.e.tomcat.TomcatWebServer requestId= tenantId= hospitalId= branchId= userId= - Tomcat started on port 8097 (http) with context path '/'
2026-05-14 11:44:07 INFO  [restartedMain] c.p.p.h.PathologyHospitalServiceApplication requestId= tenantId= hospitalId= branchId= userId= - Started PathologyHospitalServiceApplication in 2.797 seconds (process running for 2027.187)
2026-05-14 11:44:07 INFO  [restartedMain] o.s.b.d.a.ConditionEvaluationDeltaLoggingListener requestId= tenantId= hospitalId= branchId= userId= - Condition evaluation unchanged
2026-05-14 11:44:31 INFO  [File Watcher] o.s.b.d.a.LocalDevToolsAutoConfiguration$RestartingClassPathChangeChangedEventListener requestId= tenantId= hospitalId= branchId= userId= - Restarting due to 1 class path change (1 addition, 0 deletions, 0 modifications)
2026-05-14 11:44:31 INFO  [Thread-25] o.s.b.w.e.tomcat.GracefulShutdown requestId= tenantId= hospitalId= branchId= userId= - Commencing graceful shutdown. Waiting for active requests to complete
2026-05-14 11:44:31 INFO  [tomcat-shutdown] o.s.b.w.e.tomcat.GracefulShutdown requestId= tenantId= hospitalId= branchId= userId= - Graceful shutdown complete
2026-05-14 11:44:32 INFO  [restartedMain] c.p.p.h.PathologyHospitalServiceApplication requestId= tenantId= hospitalId= branchId= userId= - Starting PathologyHospitalServiceApplication using Java 17.0.8 with PID 19892 (C:\Users\ms\OneDrive\Desktop\pathology-hospital-service\target\classes started by ms in C:\Users\ms\OneDrive\Desktop\pathology-hospital-service)
2026-05-14 11:44:32 DEBUG [restartedMain] c.p.p.h.PathologyHospitalServiceApplication requestId= tenantId= hospitalId= branchId= userId= - Running with Spring Boot v3.4.4, Spring v6.2.5
2026-05-14 11:44:32 INFO  [restartedMain] c.p.p.h.PathologyHospitalServiceApplication requestId= tenantId= hospitalId= branchId= userId= - No active profile set, falling back to 1 default profile: "default"
2026-05-14 11:44:32 INFO  [restartedMain] o.s.b.w.e.tomcat.TomcatWebServer requestId= tenantId= hospitalId= branchId= userId= - Tomcat initialized with port 8097 (http)
2026-05-14 11:44:32 INFO  [restartedMain] o.a.catalina.core.StandardService requestId= tenantId= hospitalId= branchId= userId= - Starting service [Tomcat]
2026-05-14 11:44:32 INFO  [restartedMain] o.a.catalina.core.StandardEngine requestId= tenantId= hospitalId= branchId= userId= - Starting Servlet engine: [Apache Tomcat/10.1.39]
2026-05-14 11:44:32 INFO  [restartedMain] o.a.c.c.C.[Tomcat].[localhost].[/] requestId= tenantId= hospitalId= branchId= userId= - Initializing Spring embedded WebApplicationContext
2026-05-14 11:44:32 INFO  [restartedMain] o.s.b.w.s.c.ServletWebServerApplicationContext requestId= tenantId= hospitalId= branchId= userId= - Root WebApplicationContext: initialization completed in 648 ms
2026-05-14 11:44:32 DEBUG [restartedMain] c.p.p.h.s.JwtAuthenticationFilter requestId= tenantId= hospitalId= branchId= userId= - Filter 'jwtAuthenticationFilter' configured for use
2026-05-14 11:44:32 WARN  [restartedMain] o.s.b.a.s.s.UserDetailsServiceAutoConfiguration requestId= tenantId= hospitalId= branchId= userId= - 

Using generated security password: 13ef034e-7905-49cd-bc80-c69e59097995

This generated password is for development use only. Your security configuration must be updated before running your application in production.

2026-05-14 11:44:32 INFO  [restartedMain] o.s.s.c.a.a.c.InitializeUserDetailsBeanManagerConfigurer$InitializeUserDetailsManagerConfigurer requestId= tenantId= hospitalId= branchId= userId= - Global AuthenticationManager configured with UserDetailsService bean with name inMemoryUserDetailsManager
2026-05-14 11:44:33 WARN  [restartedMain] o.s.b.d.a.OptionalLiveReloadServer requestId= tenantId= hospitalId= branchId= userId= - Unable to start LiveReload server
2026-05-14 11:44:33 INFO  [restartedMain] o.s.b.w.e.tomcat.TomcatWebServer requestId= tenantId= hospitalId= branchId= userId= - Tomcat started on port 8097 (http) with context path '/'
2026-05-14 11:44:33 INFO  [restartedMain] c.p.p.h.PathologyHospitalServiceApplication requestId= tenantId= hospitalId= branchId= userId= - Started PathologyHospitalServiceApplication in 1.143 seconds (process running for 2052.398)
2026-05-14 11:44:33 INFO  [restartedMain] o.s.b.d.a.ConditionEvaluationDeltaLoggingListener requestId= tenantId= hospitalId= branchId= userId= - Condition evaluation unchanged
2026-05-14 11:44:53 INFO  [File Watcher] o.s.b.d.a.LocalDevToolsAutoConfiguration$RestartingClassPathChangeChangedEventListener requestId= tenantId= hospitalId= branchId= userId= - Restarting due to 1 class path change (0 additions, 0 deletions, 1 modification)
2026-05-14 11:44:53 INFO  [Thread-29] o.s.b.w.e.tomcat.GracefulShutdown requestId= tenantId= hospitalId= branchId= userId= - Commencing graceful shutdown. Waiting for active requests to complete
2026-05-14 11:44:53 INFO  [tomcat-shutdown] o.s.b.w.e.tomcat.GracefulShutdown requestId= tenantId= hospitalId= branchId= userId= - Graceful shutdown complete
2026-05-14 11:44:53 INFO  [restartedMain] c.p.p.h.PathologyHospitalServiceApplication requestId= tenantId= hospitalId= branchId= userId= - Starting PathologyHospitalServiceApplication using Java 17.0.8 with PID 19892 (C:\Users\ms\OneDrive\Desktop\pathology-hospital-service\target\classes started by ms in C:\Users\ms\OneDrive\Desktop\pathology-hospital-service)
2026-05-14 11:44:53 DEBUG [restartedMain] c.p.p.h.PathologyHospitalServiceApplication requestId= tenantId= hospitalId= branchId= userId= - Running with Spring Boot v3.4.4, Spring v6.2.5
2026-05-14 11:44:53 INFO  [restartedMain] c.p.p.h.PathologyHospitalServiceApplication requestId= tenantId= hospitalId= branchId= userId= - No active profile set, falling back to 1 default profile: "default"
2026-05-14 11:44:54 INFO  [restartedMain] o.s.b.w.e.tomcat.TomcatWebServer requestId= tenantId= hospitalId= branchId= userId= - Tomcat initialized with port 8097 (http)
2026-05-14 11:44:54 INFO  [restartedMain] o.a.catalina.core.StandardService requestId= tenantId= hospitalId= branchId= userId= - Starting service [Tomcat]
2026-05-14 11:44:54 INFO  [restartedMain] o.a.catalina.core.StandardEngine requestId= tenantId= hospitalId= branchId= userId= - Starting Servlet engine: [Apache Tomcat/10.1.39]
2026-05-14 11:44:54 INFO  [restartedMain] o.a.c.c.C.[Tomcat].[localhost].[/] requestId= tenantId= hospitalId= branchId= userId= - Initializing Spring embedded WebApplicationContext
2026-05-14 11:44:54 INFO  [restartedMain] o.s.b.w.s.c.ServletWebServerApplicationContext requestId= tenantId= hospitalId= branchId= userId= - Root WebApplicationContext: initialization completed in 922 ms
2026-05-14 11:44:54 DEBUG [restartedMain] c.p.p.h.s.JwtAuthenticationFilter requestId= tenantId= hospitalId= branchId= userId= - Filter 'jwtAuthenticationFilter' configured for use
2026-05-14 11:44:54 WARN  [restartedMain] o.s.b.a.s.s.UserDetailsServiceAutoConfiguration requestId= tenantId= hospitalId= branchId= userId= - 

Using generated security password: 414f91a6-dc69-4ff7-89b4-cdab2a166aaf

This generated password is for development use only. Your security configuration must be updated before running your application in production.

2026-05-14 11:44:54 INFO  [restartedMain] o.s.s.c.a.a.c.InitializeUserDetailsBeanManagerConfigurer$InitializeUserDetailsManagerConfigurer requestId= tenantId= hospitalId= branchId= userId= - Global AuthenticationManager configured with UserDetailsService bean with name inMemoryUserDetailsManager
2026-05-14 11:44:55 WARN  [restartedMain] o.s.b.d.a.OptionalLiveReloadServer requestId= tenantId= hospitalId= branchId= userId= - Unable to start LiveReload server
2026-05-14 11:44:55 INFO  [restartedMain] o.s.b.w.e.tomcat.TomcatWebServer requestId= tenantId= hospitalId= branchId= userId= - Tomcat started on port 8097 (http) with context path '/'
2026-05-14 11:44:55 INFO  [restartedMain] c.p.p.h.PathologyHospitalServiceApplication requestId= tenantId= hospitalId= branchId= userId= - Started PathologyHospitalServiceApplication in 2.313 seconds (process running for 2074.972)
2026-05-14 11:44:55 INFO  [restartedMain] o.s.b.d.a.ConditionEvaluationDeltaLoggingListener requestId= tenantId= hospitalId= branchId= userId= - Condition evaluation unchanged
2026-05-14 11:45:27 INFO  [File Watcher] o.s.b.d.a.LocalDevToolsAutoConfiguration$RestartingClassPathChangeChangedEventListener requestId= tenantId= hospitalId= branchId= userId= - Restarting due to 1 class path change (1 addition, 0 deletions, 0 modifications)
2026-05-14 11:45:27 INFO  [Thread-33] o.s.b.w.e.tomcat.GracefulShutdown requestId= tenantId= hospitalId= branchId= userId= - Commencing graceful shutdown. Waiting for active requests to complete
2026-05-14 11:45:27 INFO  [tomcat-shutdown] o.s.b.w.e.tomcat.GracefulShutdown requestId= tenantId= hospitalId= branchId= userId= - Graceful shutdown complete
2026-05-14 11:45:27 INFO  [restartedMain] c.p.p.h.PathologyHospitalServiceApplication requestId= tenantId= hospitalId= branchId= userId= - Starting PathologyHospitalServiceApplication using Java 17.0.8 with PID 19892 (C:\Users\ms\OneDrive\Desktop\pathology-hospital-service\target\classes started by ms in C:\Users\ms\OneDrive\Desktop\pathology-hospital-service)
2026-05-14 11:45:27 DEBUG [restartedMain] c.p.p.h.PathologyHospitalServiceApplication requestId= tenantId= hospitalId= branchId= userId= - Running with Spring Boot v3.4.4, Spring v6.2.5
2026-05-14 11:45:27 INFO  [restartedMain] c.p.p.h.PathologyHospitalServiceApplication requestId= tenantId= hospitalId= branchId= userId= - No active profile set, falling back to 1 default profile: "default"
2026-05-14 11:45:28 INFO  [restartedMain] o.s.b.w.e.tomcat.TomcatWebServer requestId= tenantId= hospitalId= branchId= userId= - Tomcat initialized with port 8097 (http)
2026-05-14 11:45:28 INFO  [restartedMain] o.a.catalina.core.StandardService requestId= tenantId= hospitalId= branchId= userId= - Starting service [Tomcat]
2026-05-14 11:45:28 INFO  [restartedMain] o.a.catalina.core.StandardEngine requestId= tenantId= hospitalId= branchId= userId= - Starting Servlet engine: [Apache Tomcat/10.1.39]
2026-05-14 11:45:28 INFO  [restartedMain] o.a.c.c.C.[Tomcat].[localhost].[/] requestId= tenantId= hospitalId= branchId= userId= - Initializing Spring embedded WebApplicationContext
2026-05-14 11:45:28 INFO  [restartedMain] o.s.b.w.s.c.ServletWebServerApplicationContext requestId= tenantId= hospitalId= branchId= userId= - Root WebApplicationContext: initialization completed in 834 ms
2026-05-14 11:45:28 DEBUG [restartedMain] c.p.p.h.s.JwtAuthenticationFilter requestId= tenantId= hospitalId= branchId= userId= - Filter 'jwtAuthenticationFilter' configured for use
2026-05-14 11:45:28 WARN  [restartedMain] o.s.b.a.s.s.UserDetailsServiceAutoConfiguration requestId= tenantId= hospitalId= branchId= userId= - 

Using generated security password: 6f376645-2310-488d-a778-39a2aee90159

This generated password is for development use only. Your security configuration must be updated before running your application in production.

2026-05-14 11:45:28 INFO  [restartedMain] o.s.s.c.a.a.c.InitializeUserDetailsBeanManagerConfigurer$InitializeUserDetailsManagerConfigurer requestId= tenantId= hospitalId= branchId= userId= - Global AuthenticationManager configured with UserDetailsService bean with name inMemoryUserDetailsManager
2026-05-14 11:45:29 WARN  [restartedMain] o.s.b.d.a.OptionalLiveReloadServer requestId= tenantId= hospitalId= branchId= userId= - Unable to start LiveReload server
2026-05-14 11:45:29 INFO  [restartedMain] o.s.b.w.e.tomcat.TomcatWebServer requestId= tenantId= hospitalId= branchId= userId= - Tomcat started on port 8097 (http) with context path '/'
2026-05-14 11:45:29 INFO  [restartedMain] c.p.p.h.PathologyHospitalServiceApplication requestId= tenantId= hospitalId= branchId= userId= - Started PathologyHospitalServiceApplication in 1.558 seconds (process running for 2108.435)
2026-05-14 11:45:29 INFO  [restartedMain] o.s.b.d.a.ConditionEvaluationDeltaLoggingListener requestId= tenantId= hospitalId= branchId= userId= - Condition evaluation unchanged
2026-05-14 11:45:48 INFO  [File Watcher] o.s.b.d.a.LocalDevToolsAutoConfiguration$RestartingClassPathChangeChangedEventListener requestId= tenantId= hospitalId= branchId= userId= - Restarting due to 1 class path change (0 additions, 0 deletions, 1 modification)
2026-05-14 11:45:48 INFO  [Thread-37] o.s.b.w.e.tomcat.GracefulShutdown requestId= tenantId= hospitalId= branchId= userId= - Commencing graceful shutdown. Waiting for active requests to complete
2026-05-14 11:45:48 INFO  [tomcat-shutdown] o.s.b.w.e.tomcat.GracefulShutdown requestId= tenantId= hospitalId= branchId= userId= - Graceful shutdown complete
2026-05-14 11:45:48 INFO  [restartedMain] c.p.p.h.PathologyHospitalServiceApplication requestId= tenantId= hospitalId= branchId= userId= - Starting PathologyHospitalServiceApplication using Java 17.0.8 with PID 19892 (C:\Users\ms\OneDrive\Desktop\pathology-hospital-service\target\classes started by ms in C:\Users\ms\OneDrive\Desktop\pathology-hospital-service)
2026-05-14 11:45:48 DEBUG [restartedMain] c.p.p.h.PathologyHospitalServiceApplication requestId= tenantId= hospitalId= branchId= userId= - Running with Spring Boot v3.4.4, Spring v6.2.5
2026-05-14 11:45:48 INFO  [restartedMain] c.p.p.h.PathologyHospitalServiceApplication requestId= tenantId= hospitalId= branchId= userId= - No active profile set, falling back to 1 default profile: "default"
2026-05-14 11:45:49 INFO  [restartedMain] o.s.b.w.e.tomcat.TomcatWebServer requestId= tenantId= hospitalId= branchId= userId= - Tomcat initialized with port 8097 (http)
2026-05-14 11:45:49 INFO  [restartedMain] o.a.catalina.core.StandardService requestId= tenantId= hospitalId= branchId= userId= - Starting service [Tomcat]
2026-05-14 11:45:49 INFO  [restartedMain] o.a.catalina.core.StandardEngine requestId= tenantId= hospitalId= branchId= userId= - Starting Servlet engine: [Apache Tomcat/10.1.39]
2026-05-14 11:45:49 INFO  [restartedMain] o.a.c.c.C.[Tomcat].[localhost].[/] requestId= tenantId= hospitalId= branchId= userId= - Initializing Spring embedded WebApplicationContext
2026-05-14 11:45:49 INFO  [restartedMain] o.s.b.w.s.c.ServletWebServerApplicationContext requestId= tenantId= hospitalId= branchId= userId= - Root WebApplicationContext: initialization completed in 774 ms
2026-05-14 11:45:49 DEBUG [restartedMain] c.p.p.h.s.JwtAuthenticationFilter requestId= tenantId= hospitalId= branchId= userId= - Filter 'jwtAuthenticationFilter' configured for use
2026-05-14 11:45:49 WARN  [restartedMain] o.s.b.a.s.s.UserDetailsServiceAutoConfiguration requestId= tenantId= hospitalId= branchId= userId= - 

Using generated security password: acb93864-319a-4bc4-9127-0a87ab0e3047

This generated password is for development use only. Your security configuration must be updated before running your application in production.

2026-05-14 11:45:49 INFO  [restartedMain] o.s.s.c.a.a.c.InitializeUserDetailsBeanManagerConfigurer$InitializeUserDetailsManagerConfigurer requestId= tenantId= hospitalId= branchId= userId= - Global AuthenticationManager configured with UserDetailsService bean with name inMemoryUserDetailsManager
2026-05-14 11:45:51 WARN  [restartedMain] o.s.b.d.a.OptionalLiveReloadServer requestId= tenantId= hospitalId= branchId= userId= - Unable to start LiveReload server
2026-05-14 11:45:51 INFO  [restartedMain] o.s.b.w.e.tomcat.TomcatWebServer requestId= tenantId= hospitalId= branchId= userId= - Tomcat started on port 8097 (http) with context path '/'
2026-05-14 11:45:51 INFO  [restartedMain] c.p.p.h.PathologyHospitalServiceApplication requestId= tenantId= hospitalId= branchId= userId= - Started PathologyHospitalServiceApplication in 2.993 seconds (process running for 2130.79)
2026-05-14 11:45:51 INFO  [restartedMain] o.s.b.d.a.ConditionEvaluationDeltaLoggingListener requestId= tenantId= hospitalId= branchId= userId= - Condition evaluation unchanged
2026-05-14 11:46:16 INFO  [File Watcher] o.s.b.d.a.LocalDevToolsAutoConfiguration$RestartingClassPathChangeChangedEventListener requestId= tenantId= hospitalId= branchId= userId= - Restarting due to 1 class path change (1 addition, 0 deletions, 0 modifications)
2026-05-14 11:46:16 INFO  [Thread-41] o.s.b.w.e.tomcat.GracefulShutdown requestId= tenantId= hospitalId= branchId= userId= - Commencing graceful shutdown. Waiting for active requests to complete
2026-05-14 11:46:16 INFO  [tomcat-shutdown] o.s.b.w.e.tomcat.GracefulShutdown requestId= tenantId= hospitalId= branchId= userId= - Graceful shutdown complete
2026-05-14 11:46:17 INFO  [restartedMain] c.p.p.h.PathologyHospitalServiceApplication requestId= tenantId= hospitalId= branchId= userId= - Starting PathologyHospitalServiceApplication using Java 17.0.8 with PID 19892 (C:\Users\ms\OneDrive\Desktop\pathology-hospital-service\target\classes started by ms in C:\Users\ms\OneDrive\Desktop\pathology-hospital-service)
2026-05-14 11:46:17 DEBUG [restartedMain] c.p.p.h.PathologyHospitalServiceApplication requestId= tenantId= hospitalId= branchId= userId= - Running with Spring Boot v3.4.4, Spring v6.2.5
2026-05-14 11:46:17 INFO  [restartedMain] c.p.p.h.PathologyHospitalServiceApplication requestId= tenantId= hospitalId= branchId= userId= - No active profile set, falling back to 1 default profile: "default"
2026-05-14 11:46:17 INFO  [restartedMain] o.s.b.w.e.tomcat.TomcatWebServer requestId= tenantId= hospitalId= branchId= userId= - Tomcat initialized with port 8097 (http)
2026-05-14 11:46:17 INFO  [restartedMain] o.a.catalina.core.StandardService requestId= tenantId= hospitalId= branchId= userId= - Starting service [Tomcat]
2026-05-14 11:46:17 INFO  [restartedMain] o.a.catalina.core.StandardEngine requestId= tenantId= hospitalId= branchId= userId= - Starting Servlet engine: [Apache Tomcat/10.1.39]
2026-05-14 11:46:17 INFO  [restartedMain] o.a.c.c.C.[Tomcat].[localhost].[/] requestId= tenantId= hospitalId= branchId= userId= - Initializing Spring embedded WebApplicationContext
2026-05-14 11:46:17 INFO  [restartedMain] o.s.b.w.s.c.ServletWebServerApplicationContext requestId= tenantId= hospitalId= branchId= userId= - Root WebApplicationContext: initialization completed in 665 ms
2026-05-14 11:46:17 DEBUG [restartedMain] c.p.p.h.s.JwtAuthenticationFilter requestId= tenantId= hospitalId= branchId= userId= - Filter 'jwtAuthenticationFilter' configured for use
2026-05-14 11:46:17 WARN  [restartedMain] o.s.b.a.s.s.UserDetailsServiceAutoConfiguration requestId= tenantId= hospitalId= branchId= userId= - 

Using generated security password: 7d55d8cb-9bbb-4dcf-aaf3-f99392021ce9

This generated password is for development use only. Your security configuration must be updated before running your application in production.

2026-05-14 11:46:17 INFO  [restartedMain] o.s.s.c.a.a.c.InitializeUserDetailsBeanManagerConfigurer$InitializeUserDetailsManagerConfigurer requestId= tenantId= hospitalId= branchId= userId= - Global AuthenticationManager configured with UserDetailsService bean with name inMemoryUserDetailsManager
2026-05-14 11:46:18 WARN  [restartedMain] o.s.b.d.a.OptionalLiveReloadServer requestId= tenantId= hospitalId= branchId= userId= - Unable to start LiveReload server
2026-05-14 11:46:18 INFO  [restartedMain] o.s.b.w.e.tomcat.TomcatWebServer requestId= tenantId= hospitalId= branchId= userId= - Tomcat started on port 8097 (http) with context path '/'
2026-05-14 11:46:18 INFO  [restartedMain] c.p.p.h.PathologyHospitalServiceApplication requestId= tenantId= hospitalId= branchId= userId= - Started PathologyHospitalServiceApplication in 1.213 seconds (process running for 2157.448)
2026-05-14 11:46:18 INFO  [restartedMain] o.s.b.d.a.ConditionEvaluationDeltaLoggingListener requestId= tenantId= hospitalId= branchId= userId= - Condition evaluation unchanged
2026-05-14 11:46:45 INFO  [File Watcher] o.s.b.d.a.LocalDevToolsAutoConfiguration$RestartingClassPathChangeChangedEventListener requestId= tenantId= hospitalId= branchId= userId= - Restarting due to 1 class path change (0 additions, 0 deletions, 1 modification)
2026-05-14 11:46:45 INFO  [Thread-45] o.s.b.w.e.tomcat.GracefulShutdown requestId= tenantId= hospitalId= branchId= userId= - Commencing graceful shutdown. Waiting for active requests to complete
2026-05-14 11:46:46 INFO  [tomcat-shutdown] o.s.b.w.e.tomcat.GracefulShutdown requestId= tenantId= hospitalId= branchId= userId= - Graceful shutdown complete
2026-05-14 11:46:46 INFO  [restartedMain] c.p.p.h.PathologyHospitalServiceApplication requestId= tenantId= hospitalId= branchId= userId= - Starting PathologyHospitalServiceApplication using Java 17.0.8 with PID 19892 (C:\Users\ms\OneDrive\Desktop\pathology-hospital-service\target\classes started by ms in C:\Users\ms\OneDrive\Desktop\pathology-hospital-service)
2026-05-14 11:46:46 DEBUG [restartedMain] c.p.p.h.PathologyHospitalServiceApplication requestId= tenantId= hospitalId= branchId= userId= - Running with Spring Boot v3.4.4, Spring v6.2.5
2026-05-14 11:46:46 INFO  [restartedMain] c.p.p.h.PathologyHospitalServiceApplication requestId= tenantId= hospitalId= branchId= userId= - No active profile set, falling back to 1 default profile: "default"
2026-05-14 11:46:47 INFO  [restartedMain] o.s.b.w.e.tomcat.TomcatWebServer requestId= tenantId= hospitalId= branchId= userId= - Tomcat initialized with port 8097 (http)
2026-05-14 11:46:47 INFO  [restartedMain] o.a.catalina.core.StandardService requestId= tenantId= hospitalId= branchId= userId= - Starting service [Tomcat]
2026-05-14 11:46:47 INFO  [restartedMain] o.a.catalina.core.StandardEngine requestId= tenantId= hospitalId= branchId= userId= - Starting Servlet engine: [Apache Tomcat/10.1.39]
2026-05-14 11:46:47 INFO  [restartedMain] o.a.c.c.C.[Tomcat].[localhost].[/] requestId= tenantId= hospitalId= branchId= userId= - Initializing Spring embedded WebApplicationContext
2026-05-14 11:46:47 INFO  [restartedMain] o.s.b.w.s.c.ServletWebServerApplicationContext requestId= tenantId= hospitalId= branchId= userId= - Root WebApplicationContext: initialization completed in 1118 ms
2026-05-14 11:46:47 DEBUG [restartedMain] c.p.p.h.s.JwtAuthenticationFilter requestId= tenantId= hospitalId= branchId= userId= - Filter 'jwtAuthenticationFilter' configured for use
2026-05-14 11:46:48 WARN  [restartedMain] o.s.b.a.s.s.UserDetailsServiceAutoConfiguration requestId= tenantId= hospitalId= branchId= userId= - 

Using generated security password: baaa2487-c7fd-4d13-9f0c-222a5893ad78

This generated password is for development use only. Your security configuration must be updated before running your application in production.

2026-05-14 11:46:48 INFO  [restartedMain] o.s.s.c.a.a.c.InitializeUserDetailsBeanManagerConfigurer$InitializeUserDetailsManagerConfigurer requestId= tenantId= hospitalId= branchId= userId= - Global AuthenticationManager configured with UserDetailsService bean with name inMemoryUserDetailsManager
2026-05-14 11:46:48 WARN  [restartedMain] o.s.b.d.a.OptionalLiveReloadServer requestId= tenantId= hospitalId= branchId= userId= - Unable to start LiveReload server
2026-05-14 11:46:48 INFO  [restartedMain] o.s.b.w.e.tomcat.TomcatWebServer requestId= tenantId= hospitalId= branchId= userId= - Tomcat started on port 8097 (http) with context path '/'
2026-05-14 11:46:48 INFO  [restartedMain] c.p.p.h.PathologyHospitalServiceApplication requestId= tenantId= hospitalId= branchId= userId= - Started PathologyHospitalServiceApplication in 2.359 seconds (process running for 2188.242)
2026-05-14 11:46:48 INFO  [restartedMain] o.s.b.d.a.ConditionEvaluationDeltaLoggingListener requestId= tenantId= hospitalId= branchId= userId= - Condition evaluation unchanged
2026-05-14 11:47:11 INFO  [File Watcher] o.s.b.d.a.LocalDevToolsAutoConfiguration$RestartingClassPathChangeChangedEventListener requestId= tenantId= hospitalId= branchId= userId= - Restarting due to 1 class path change (1 addition, 0 deletions, 0 modifications)
2026-05-14 11:47:11 INFO  [Thread-49] o.s.b.w.e.tomcat.GracefulShutdown requestId= tenantId= hospitalId= branchId= userId= - Commencing graceful shutdown. Waiting for active requests to complete
2026-05-14 11:47:11 INFO  [tomcat-shutdown] o.s.b.w.e.tomcat.GracefulShutdown requestId= tenantId= hospitalId= branchId= userId= - Graceful shutdown complete
2026-05-14 11:47:12 INFO  [restartedMain] c.p.p.h.PathologyHospitalServiceApplication requestId= tenantId= hospitalId= branchId= userId= - Starting PathologyHospitalServiceApplication using Java 17.0.8 with PID 19892 (C:\Users\ms\OneDrive\Desktop\pathology-hospital-service\target\classes started by ms in C:\Users\ms\OneDrive\Desktop\pathology-hospital-service)
2026-05-14 11:47:12 DEBUG [restartedMain] c.p.p.h.PathologyHospitalServiceApplication requestId= tenantId= hospitalId= branchId= userId= - Running with Spring Boot v3.4.4, Spring v6.2.5
2026-05-14 11:47:12 INFO  [restartedMain] c.p.p.h.PathologyHospitalServiceApplication requestId= tenantId= hospitalId= branchId= userId= - No active profile set, falling back to 1 default profile: "default"
2026-05-14 11:47:12 INFO  [restartedMain] o.s.b.w.e.tomcat.TomcatWebServer requestId= tenantId= hospitalId= branchId= userId= - Tomcat initialized with port 8097 (http)
2026-05-14 11:47:12 INFO  [restartedMain] o.a.catalina.core.StandardService requestId= tenantId= hospitalId= branchId= userId= - Starting service [Tomcat]
2026-05-14 11:47:12 INFO  [restartedMain] o.a.catalina.core.StandardEngine requestId= tenantId= hospitalId= branchId= userId= - Starting Servlet engine: [Apache Tomcat/10.1.39]
2026-05-14 11:47:12 INFO  [restartedMain] o.a.c.c.C.[Tomcat].[localhost].[/] requestId= tenantId= hospitalId= branchId= userId= - Initializing Spring embedded WebApplicationContext
2026-05-14 11:47:12 INFO  [restartedMain] o.s.b.w.s.c.ServletWebServerApplicationContext requestId= tenantId= hospitalId= branchId= userId= - Root WebApplicationContext: initialization completed in 682 ms
2026-05-14 11:47:12 DEBUG [restartedMain] c.p.p.h.s.JwtAuthenticationFilter requestId= tenantId= hospitalId= branchId= userId= - Filter 'jwtAuthenticationFilter' configured for use
2026-05-14 11:47:12 WARN  [restartedMain] o.s.b.a.s.s.UserDetailsServiceAutoConfiguration requestId= tenantId= hospitalId= branchId= userId= - 

Using generated security password: a1f3a2f5-60e8-491b-85d7-089d419f6a88

This generated password is for development use only. Your security configuration must be updated before running your application in production.

2026-05-14 11:47:12 INFO  [restartedMain] o.s.s.c.a.a.c.InitializeUserDetailsBeanManagerConfigurer$InitializeUserDetailsManagerConfigurer requestId= tenantId= hospitalId= branchId= userId= - Global AuthenticationManager configured with UserDetailsService bean with name inMemoryUserDetailsManager
2026-05-14 11:47:13 WARN  [restartedMain] o.s.b.d.a.OptionalLiveReloadServer requestId= tenantId= hospitalId= branchId= userId= - Unable to start LiveReload server
2026-05-14 11:47:13 INFO  [restartedMain] o.s.b.w.e.tomcat.TomcatWebServer requestId= tenantId= hospitalId= branchId= userId= - Tomcat started on port 8097 (http) with context path '/'
2026-05-14 11:47:13 INFO  [restartedMain] c.p.p.h.PathologyHospitalServiceApplication requestId= tenantId= hospitalId= branchId= userId= - Started PathologyHospitalServiceApplication in 1.373 seconds (process running for 2212.648)
2026-05-14 11:47:13 INFO  [restartedMain] o.s.b.d.a.ConditionEvaluationDeltaLoggingListener requestId= tenantId= hospitalId= branchId= userId= - Condition evaluation unchanged
2026-05-14 11:47:33 INFO  [File Watcher] o.s.b.d.a.LocalDevToolsAutoConfiguration$RestartingClassPathChangeChangedEventListener requestId= tenantId= hospitalId= branchId= userId= - Restarting due to 1 class path change (0 additions, 0 deletions, 1 modification)
2026-05-14 11:47:33 INFO  [Thread-53] o.s.b.w.e.tomcat.GracefulShutdown requestId= tenantId= hospitalId= branchId= userId= - Commencing graceful shutdown. Waiting for active requests to complete
2026-05-14 11:47:33 INFO  [tomcat-shutdown] o.s.b.w.e.tomcat.GracefulShutdown requestId= tenantId= hospitalId= branchId= userId= - Graceful shutdown complete
2026-05-14 11:47:33 INFO  [restartedMain] c.p.p.h.PathologyHospitalServiceApplication requestId= tenantId= hospitalId= branchId= userId= - Starting PathologyHospitalServiceApplication using Java 17.0.8 with PID 19892 (C:\Users\ms\OneDrive\Desktop\pathology-hospital-service\target\classes started by ms in C:\Users\ms\OneDrive\Desktop\pathology-hospital-service)
2026-05-14 11:47:33 DEBUG [restartedMain] c.p.p.h.PathologyHospitalServiceApplication requestId= tenantId= hospitalId= branchId= userId= - Running with Spring Boot v3.4.4, Spring v6.2.5
2026-05-14 11:47:33 INFO  [restartedMain] c.p.p.h.PathologyHospitalServiceApplication requestId= tenantId= hospitalId= branchId= userId= - No active profile set, falling back to 1 default profile: "default"
2026-05-14 11:47:35 INFO  [restartedMain] o.s.b.w.e.tomcat.TomcatWebServer requestId= tenantId= hospitalId= branchId= userId= - Tomcat initialized with port 8097 (http)
2026-05-14 11:47:35 INFO  [restartedMain] o.a.catalina.core.StandardService requestId= tenantId= hospitalId= branchId= userId= - Starting service [Tomcat]
2026-05-14 11:47:35 INFO  [restartedMain] o.a.catalina.core.StandardEngine requestId= tenantId= hospitalId= branchId= userId= - Starting Servlet engine: [Apache Tomcat/10.1.39]
2026-05-14 11:47:35 INFO  [restartedMain] o.a.c.c.C.[Tomcat].[localhost].[/] requestId= tenantId= hospitalId= branchId= userId= - Initializing Spring embedded WebApplicationContext
2026-05-14 11:47:35 INFO  [restartedMain] o.s.b.w.s.c.ServletWebServerApplicationContext requestId= tenantId= hospitalId= branchId= userId= - Root WebApplicationContext: initialization completed in 1696 ms
2026-05-14 11:47:35 DEBUG [restartedMain] c.p.p.h.s.JwtAuthenticationFilter requestId= tenantId= hospitalId= branchId= userId= - Filter 'jwtAuthenticationFilter' configured for use
2026-05-14 11:47:35 WARN  [restartedMain] o.s.b.a.s.s.UserDetailsServiceAutoConfiguration requestId= tenantId= hospitalId= branchId= userId= - 

Using generated security password: b3be75fe-5319-4a66-8077-c05b053aeba4

This generated password is for development use only. Your security configuration must be updated before running your application in production.

2026-05-14 11:47:35 INFO  [restartedMain] o.s.s.c.a.a.c.InitializeUserDetailsBeanManagerConfigurer$InitializeUserDetailsManagerConfigurer requestId= tenantId= hospitalId= branchId= userId= - Global AuthenticationManager configured with UserDetailsService bean with name inMemoryUserDetailsManager
2026-05-14 11:47:37 WARN  [restartedMain] o.s.b.d.a.OptionalLiveReloadServer requestId= tenantId= hospitalId= branchId= userId= - Unable to start LiveReload server
2026-05-14 11:47:37 INFO  [restartedMain] o.s.b.w.e.tomcat.TomcatWebServer requestId= tenantId= hospitalId= branchId= userId= - Tomcat started on port 8097 (http) with context path '/'
2026-05-14 11:47:37 INFO  [restartedMain] c.p.p.h.PathologyHospitalServiceApplication requestId= tenantId= hospitalId= branchId= userId= - Started PathologyHospitalServiceApplication in 4.182 seconds (process running for 2237.14)
2026-05-14 11:47:37 INFO  [restartedMain] o.s.b.d.a.ConditionEvaluationDeltaLoggingListener requestId= tenantId= hospitalId= branchId= userId= - Condition evaluation unchanged
2026-05-14 11:48:02 INFO  [File Watcher] o.s.b.d.a.LocalDevToolsAutoConfiguration$RestartingClassPathChangeChangedEventListener requestId= tenantId= hospitalId= branchId= userId= - Restarting due to 1 class path change (1 addition, 0 deletions, 0 modifications)
2026-05-14 11:48:02 INFO  [Thread-57] o.s.b.w.e.tomcat.GracefulShutdown requestId= tenantId= hospitalId= branchId= userId= - Commencing graceful shutdown. Waiting for active requests to complete
2026-05-14 11:48:02 INFO  [tomcat-shutdown] o.s.b.w.e.tomcat.GracefulShutdown requestId= tenantId= hospitalId= branchId= userId= - Graceful shutdown complete
2026-05-14 11:48:02 INFO  [restartedMain] c.p.p.h.PathologyHospitalServiceApplication requestId= tenantId= hospitalId= branchId= userId= - Starting PathologyHospitalServiceApplication using Java 17.0.8 with PID 19892 (C:\Users\ms\OneDrive\Desktop\pathology-hospital-service\target\classes started by ms in C:\Users\ms\OneDrive\Desktop\pathology-hospital-service)
2026-05-14 11:48:02 DEBUG [restartedMain] c.p.p.h.PathologyHospitalServiceApplication requestId= tenantId= hospitalId= branchId= userId= - Running with Spring Boot v3.4.4, Spring v6.2.5
2026-05-14 11:48:02 INFO  [restartedMain] c.p.p.h.PathologyHospitalServiceApplication requestId= tenantId= hospitalId= branchId= userId= - No active profile set, falling back to 1 default profile: "default"
2026-05-14 11:48:03 INFO  [restartedMain] o.s.b.w.e.tomcat.TomcatWebServer requestId= tenantId= hospitalId= branchId= userId= - Tomcat initialized with port 8097 (http)
2026-05-14 11:48:03 INFO  [restartedMain] o.a.catalina.core.StandardService requestId= tenantId= hospitalId= branchId= userId= - Starting service [Tomcat]
2026-05-14 11:48:03 INFO  [restartedMain] o.a.catalina.core.StandardEngine requestId= tenantId= hospitalId= branchId= userId= - Starting Servlet engine: [Apache Tomcat/10.1.39]
2026-05-14 11:48:03 INFO  [restartedMain] o.a.c.c.C.[Tomcat].[localhost].[/] requestId= tenantId= hospitalId= branchId= userId= - Initializing Spring embedded WebApplicationContext
2026-05-14 11:48:03 INFO  [restartedMain] o.s.b.w.s.c.ServletWebServerApplicationContext requestId= tenantId= hospitalId= branchId= userId= - Root WebApplicationContext: initialization completed in 931 ms
2026-05-14 11:48:03 DEBUG [restartedMain] c.p.p.h.s.JwtAuthenticationFilter requestId= tenantId= hospitalId= branchId= userId= - Filter 'jwtAuthenticationFilter' configured for use
2026-05-14 11:48:04 WARN  [restartedMain] o.s.b.a.s.s.UserDetailsServiceAutoConfiguration requestId= tenantId= hospitalId= branchId= userId= - 

Using generated security password: 18d7958c-c6f0-47be-9409-3e9059fd270c

This generated password is for development use only. Your security configuration must be updated before running your application in production.

2026-05-14 11:48:04 INFO  [restartedMain] o.s.s.c.a.a.c.InitializeUserDetailsBeanManagerConfigurer$InitializeUserDetailsManagerConfigurer requestId= tenantId= hospitalId= branchId= userId= - Global AuthenticationManager configured with UserDetailsService bean with name inMemoryUserDetailsManager
2026-05-14 11:48:04 WARN  [restartedMain] o.s.b.d.a.OptionalLiveReloadServer requestId= tenantId= hospitalId= branchId= userId= - Unable to start LiveReload server
2026-05-14 11:48:04 INFO  [restartedMain] o.s.b.w.e.tomcat.TomcatWebServer requestId= tenantId= hospitalId= branchId= userId= - Tomcat started on port 8097 (http) with context path '/'
2026-05-14 11:48:04 INFO  [restartedMain] c.p.p.h.PathologyHospitalServiceApplication requestId= tenantId= hospitalId= branchId= userId= - Started PathologyHospitalServiceApplication in 1.859 seconds (process running for 2263.994)
2026-05-14 11:48:04 INFO  [restartedMain] o.s.b.d.a.ConditionEvaluationDeltaLoggingListener requestId= tenantId= hospitalId= branchId= userId= - Condition evaluation unchanged
2026-05-14 11:48:24 INFO  [File Watcher] o.s.b.d.a.LocalDevToolsAutoConfiguration$RestartingClassPathChangeChangedEventListener requestId= tenantId= hospitalId= branchId= userId= - Restarting due to 1 class path change (0 additions, 0 deletions, 1 modification)
2026-05-14 11:48:24 INFO  [Thread-61] o.s.b.w.e.tomcat.GracefulShutdown requestId= tenantId= hospitalId= branchId= userId= - Commencing graceful shutdown. Waiting for active requests to complete
2026-05-14 11:48:24 INFO  [tomcat-shutdown] o.s.b.w.e.tomcat.GracefulShutdown requestId= tenantId= hospitalId= branchId= userId= - Graceful shutdown complete
2026-05-14 11:48:24 INFO  [restartedMain] c.p.p.h.PathologyHospitalServiceApplication requestId= tenantId= hospitalId= branchId= userId= - Starting PathologyHospitalServiceApplication using Java 17.0.8 with PID 19892 (C:\Users\ms\OneDrive\Desktop\pathology-hospital-service\target\classes started by ms in C:\Users\ms\OneDrive\Desktop\pathology-hospital-service)
2026-05-14 11:48:24 DEBUG [restartedMain] c.p.p.h.PathologyHospitalServiceApplication requestId= tenantId= hospitalId= branchId= userId= - Running with Spring Boot v3.4.4, Spring v6.2.5
2026-05-14 11:48:24 INFO  [restartedMain] c.p.p.h.PathologyHospitalServiceApplication requestId= tenantId= hospitalId= branchId= userId= - No active profile set, falling back to 1 default profile: "default"
2026-05-14 11:48:25 INFO  [restartedMain] o.s.b.w.e.tomcat.TomcatWebServer requestId= tenantId= hospitalId= branchId= userId= - Tomcat initialized with port 8097 (http)
2026-05-14 11:48:25 INFO  [restartedMain] o.a.catalina.core.StandardService requestId= tenantId= hospitalId= branchId= userId= - Starting service [Tomcat]
2026-05-14 11:48:25 INFO  [restartedMain] o.a.catalina.core.StandardEngine requestId= tenantId= hospitalId= branchId= userId= - Starting Servlet engine: [Apache Tomcat/10.1.39]
2026-05-14 11:48:25 INFO  [restartedMain] o.a.c.c.C.[Tomcat].[localhost].[/] requestId= tenantId= hospitalId= branchId= userId= - Initializing Spring embedded WebApplicationContext
2026-05-14 11:48:25 INFO  [restartedMain] o.s.b.w.s.c.ServletWebServerApplicationContext requestId= tenantId= hospitalId= branchId= userId= - Root WebApplicationContext: initialization completed in 1110 ms
2026-05-14 11:48:25 DEBUG [restartedMain] c.p.p.h.s.JwtAuthenticationFilter requestId= tenantId= hospitalId= branchId= userId= - Filter 'jwtAuthenticationFilter' configured for use
2026-05-14 11:48:26 WARN  [restartedMain] o.s.b.a.s.s.UserDetailsServiceAutoConfiguration requestId= tenantId= hospitalId= branchId= userId= - 

Using generated security password: ac8e8870-92c9-462c-a7b6-f0ac059dd4a3

This generated password is for development use only. Your security configuration must be updated before running your application in production.

2026-05-14 11:48:26 INFO  [restartedMain] o.s.s.c.a.a.c.InitializeUserDetailsBeanManagerConfigurer$InitializeUserDetailsManagerConfigurer requestId= tenantId= hospitalId= branchId= userId= - Global AuthenticationManager configured with UserDetailsService bean with name inMemoryUserDetailsManager
2026-05-14 11:48:27 WARN  [restartedMain] o.s.b.d.a.OptionalLiveReloadServer requestId= tenantId= hospitalId= branchId= userId= - Unable to start LiveReload server
2026-05-14 11:48:27 INFO  [restartedMain] o.s.b.w.e.tomcat.TomcatWebServer requestId= tenantId= hospitalId= branchId= userId= - Tomcat started on port 8097 (http) with context path '/'
2026-05-14 11:48:27 INFO  [restartedMain] c.p.p.h.PathologyHospitalServiceApplication requestId= tenantId= hospitalId= branchId= userId= - Started PathologyHospitalServiceApplication in 2.691 seconds (process running for 2286.528)
2026-05-14 11:48:27 INFO  [restartedMain] o.s.b.d.a.ConditionEvaluationDeltaLoggingListener requestId= tenantId= hospitalId= branchId= userId= - Condition evaluation unchanged
2026-05-14 11:49:05 INFO  [File Watcher] o.s.b.d.a.LocalDevToolsAutoConfiguration$RestartingClassPathChangeChangedEventListener requestId= tenantId= hospitalId= branchId= userId= - Restarting due to 1 class path change (1 addition, 0 deletions, 0 modifications)
2026-05-14 11:49:05 INFO  [Thread-65] o.s.b.w.e.tomcat.GracefulShutdown requestId= tenantId= hospitalId= branchId= userId= - Commencing graceful shutdown. Waiting for active requests to complete
2026-05-14 11:49:05 INFO  [tomcat-shutdown] o.s.b.w.e.tomcat.GracefulShutdown requestId= tenantId= hospitalId= branchId= userId= - Graceful shutdown complete
2026-05-14 11:49:06 INFO  [restartedMain] c.p.p.h.PathologyHospitalServiceApplication requestId= tenantId= hospitalId= branchId= userId= - Starting PathologyHospitalServiceApplication using Java 17.0.8 with PID 19892 (C:\Users\ms\OneDrive\Desktop\pathology-hospital-service\target\classes started by ms in C:\Users\ms\OneDrive\Desktop\pathology-hospital-service)
2026-05-14 11:49:06 DEBUG [restartedMain] c.p.p.h.PathologyHospitalServiceApplication requestId= tenantId= hospitalId= branchId= userId= - Running with Spring Boot v3.4.4, Spring v6.2.5
2026-05-14 11:49:06 INFO  [restartedMain] c.p.p.h.PathologyHospitalServiceApplication requestId= tenantId= hospitalId= branchId= userId= - No active profile set, falling back to 1 default profile: "default"
2026-05-14 11:49:06 INFO  [restartedMain] o.s.b.w.e.tomcat.TomcatWebServer requestId= tenantId= hospitalId= branchId= userId= - Tomcat initialized with port 8097 (http)
2026-05-14 11:49:06 INFO  [restartedMain] o.a.catalina.core.StandardService requestId= tenantId= hospitalId= branchId= userId= - Starting service [Tomcat]
2026-05-14 11:49:06 INFO  [restartedMain] o.a.catalina.core.StandardEngine requestId= tenantId= hospitalId= branchId= userId= - Starting Servlet engine: [Apache Tomcat/10.1.39]
2026-05-14 11:49:06 INFO  [restartedMain] o.a.c.c.C.[Tomcat].[localhost].[/] requestId= tenantId= hospitalId= branchId= userId= - Initializing Spring embedded WebApplicationContext
2026-05-14 11:49:06 INFO  [restartedMain] o.s.b.w.s.c.ServletWebServerApplicationContext requestId= tenantId= hospitalId= branchId= userId= - Root WebApplicationContext: initialization completed in 584 ms
2026-05-14 11:49:06 DEBUG [restartedMain] c.p.p.h.s.JwtAuthenticationFilter requestId= tenantId= hospitalId= branchId= userId= - Filter 'jwtAuthenticationFilter' configured for use
2026-05-14 11:49:06 WARN  [restartedMain] o.s.b.a.s.s.UserDetailsServiceAutoConfiguration requestId= tenantId= hospitalId= branchId= userId= - 

Using generated security password: 7a00b4ca-6555-42f1-a671-7c5c405ca1ed

This generated password is for development use only. Your security configuration must be updated before running your application in production.

2026-05-14 11:49:06 INFO  [restartedMain] o.s.s.c.a.a.c.InitializeUserDetailsBeanManagerConfigurer$InitializeUserDetailsManagerConfigurer requestId= tenantId= hospitalId= branchId= userId= - Global AuthenticationManager configured with UserDetailsService bean with name inMemoryUserDetailsManager
2026-05-14 11:49:06 WARN  [restartedMain] o.s.b.d.a.OptionalLiveReloadServer requestId= tenantId= hospitalId= branchId= userId= - Unable to start LiveReload server
2026-05-14 11:49:07 INFO  [restartedMain] o.s.b.w.e.tomcat.TomcatWebServer requestId= tenantId= hospitalId= branchId= userId= - Tomcat started on port 8097 (http) with context path '/'
2026-05-14 11:49:07 INFO  [restartedMain] c.p.p.h.PathologyHospitalServiceApplication requestId= tenantId= hospitalId= branchId= userId= - Started PathologyHospitalServiceApplication in 1.0 seconds (process running for 2326.283)
2026-05-14 11:49:07 INFO  [restartedMain] o.s.b.d.a.ConditionEvaluationDeltaLoggingListener requestId= tenantId= hospitalId= branchId= userId= - Condition evaluation unchanged
2026-05-14 11:49:26 INFO  [File Watcher] o.s.b.d.a.LocalDevToolsAutoConfiguration$RestartingClassPathChangeChangedEventListener requestId= tenantId= hospitalId= branchId= userId= - Restarting due to 1 class path change (0 additions, 0 deletions, 1 modification)
2026-05-14 11:49:26 INFO  [Thread-69] o.s.b.w.e.tomcat.GracefulShutdown requestId= tenantId= hospitalId= branchId= userId= - Commencing graceful shutdown. Waiting for active requests to complete
2026-05-14 11:49:26 INFO  [tomcat-shutdown] o.s.b.w.e.tomcat.GracefulShutdown requestId= tenantId= hospitalId= branchId= userId= - Graceful shutdown complete
2026-05-14 11:49:26 INFO  [restartedMain] c.p.p.h.PathologyHospitalServiceApplication requestId= tenantId= hospitalId= branchId= userId= - Starting PathologyHospitalServiceApplication using Java 17.0.8 with PID 19892 (C:\Users\ms\OneDrive\Desktop\pathology-hospital-service\target\classes started by ms in C:\Users\ms\OneDrive\Desktop\pathology-hospital-service)
2026-05-14 11:49:26 DEBUG [restartedMain] c.p.p.h.PathologyHospitalServiceApplication requestId= tenantId= hospitalId= branchId= userId= - Running with Spring Boot v3.4.4, Spring v6.2.5
2026-05-14 11:49:26 INFO  [restartedMain] c.p.p.h.PathologyHospitalServiceApplication requestId= tenantId= hospitalId= branchId= userId= - No active profile set, falling back to 1 default profile: "default"
2026-05-14 11:49:27 INFO  [restartedMain] o.s.b.w.e.tomcat.TomcatWebServer requestId= tenantId= hospitalId= branchId= userId= - Tomcat initialized with port 8097 (http)
2026-05-14 11:49:27 INFO  [restartedMain] o.a.catalina.core.StandardService requestId= tenantId= hospitalId= branchId= userId= - Starting service [Tomcat]
2026-05-14 11:49:27 INFO  [restartedMain] o.a.catalina.core.StandardEngine requestId= tenantId= hospitalId= branchId= userId= - Starting Servlet engine: [Apache Tomcat/10.1.39]
2026-05-14 11:49:27 INFO  [restartedMain] o.a.c.c.C.[Tomcat].[localhost].[/] requestId= tenantId= hospitalId= branchId= userId= - Initializing Spring embedded WebApplicationContext
2026-05-14 11:49:27 INFO  [restartedMain] o.s.b.w.s.c.ServletWebServerApplicationContext requestId= tenantId= hospitalId= branchId= userId= - Root WebApplicationContext: initialization completed in 648 ms
2026-05-14 11:49:27 DEBUG [restartedMain] c.p.p.h.s.JwtAuthenticationFilter requestId= tenantId= hospitalId= branchId= userId= - Filter 'jwtAuthenticationFilter' configured for use
2026-05-14 11:49:27 WARN  [restartedMain] o.s.b.a.s.s.UserDetailsServiceAutoConfiguration requestId= tenantId= hospitalId= branchId= userId= - 

Using generated security password: 63ebd28e-3cab-44ca-88fd-defd83e6ed84

This generated password is for development use only. Your security configuration must be updated before running your application in production.

2026-05-14 11:49:27 INFO  [restartedMain] o.s.s.c.a.a.c.InitializeUserDetailsBeanManagerConfigurer$InitializeUserDetailsManagerConfigurer requestId= tenantId= hospitalId= branchId= userId= - Global AuthenticationManager configured with UserDetailsService bean with name inMemoryUserDetailsManager
2026-05-14 11:49:28 WARN  [restartedMain] o.s.b.d.a.OptionalLiveReloadServer requestId= tenantId= hospitalId= branchId= userId= - Unable to start LiveReload server
2026-05-14 11:49:28 INFO  [restartedMain] o.s.b.w.e.tomcat.TomcatWebServer requestId= tenantId= hospitalId= branchId= userId= - Tomcat started on port 8097 (http) with context path '/'
2026-05-14 11:49:28 INFO  [restartedMain] c.p.p.h.PathologyHospitalServiceApplication requestId= tenantId= hospitalId= branchId= userId= - Started PathologyHospitalServiceApplication in 2.06 seconds (process running for 2347.946)
2026-05-14 11:49:28 INFO  [restartedMain] o.s.b.d.a.ConditionEvaluationDeltaLoggingListener requestId= tenantId= hospitalId= branchId= userId= - Condition evaluation unchanged
2026-05-14 11:49:58 INFO  [File Watcher] o.s.b.d.a.LocalDevToolsAutoConfiguration$RestartingClassPathChangeChangedEventListener requestId= tenantId= hospitalId= branchId= userId= - Restarting due to 1 class path change (1 addition, 0 deletions, 0 modifications)
2026-05-14 11:49:58 INFO  [Thread-73] o.s.b.w.e.tomcat.GracefulShutdown requestId= tenantId= hospitalId= branchId= userId= - Commencing graceful shutdown. Waiting for active requests to complete
2026-05-14 11:49:59 INFO  [tomcat-shutdown] o.s.b.w.e.tomcat.GracefulShutdown requestId= tenantId= hospitalId= branchId= userId= - Graceful shutdown complete
2026-05-14 11:49:59 INFO  [restartedMain] c.p.p.h.PathologyHospitalServiceApplication requestId= tenantId= hospitalId= branchId= userId= - Starting PathologyHospitalServiceApplication using Java 17.0.8 with PID 19892 (C:\Users\ms\OneDrive\Desktop\pathology-hospital-service\target\classes started by ms in C:\Users\ms\OneDrive\Desktop\pathology-hospital-service)
2026-05-14 11:49:59 DEBUG [restartedMain] c.p.p.h.PathologyHospitalServiceApplication requestId= tenantId= hospitalId= branchId= userId= - Running with Spring Boot v3.4.4, Spring v6.2.5
2026-05-14 11:49:59 INFO  [restartedMain] c.p.p.h.PathologyHospitalServiceApplication requestId= tenantId= hospitalId= branchId= userId= - No active profile set, falling back to 1 default profile: "default"
2026-05-14 11:49:59 INFO  [restartedMain] o.s.b.w.e.tomcat.TomcatWebServer requestId= tenantId= hospitalId= branchId= userId= - Tomcat initialized with port 8097 (http)
2026-05-14 11:49:59 INFO  [restartedMain] o.a.catalina.core.StandardService requestId= tenantId= hospitalId= branchId= userId= - Starting service [Tomcat]
2026-05-14 11:49:59 INFO  [restartedMain] o.a.catalina.core.StandardEngine requestId= tenantId= hospitalId= branchId= userId= - Starting Servlet engine: [Apache Tomcat/10.1.39]
2026-05-14 11:49:59 INFO  [restartedMain] o.a.c.c.C.[Tomcat].[localhost].[/] requestId= tenantId= hospitalId= branchId= userId= - Initializing Spring embedded WebApplicationContext
2026-05-14 11:49:59 INFO  [restartedMain] o.s.b.w.s.c.ServletWebServerApplicationContext requestId= tenantId= hospitalId= branchId= userId= - Root WebApplicationContext: initialization completed in 472 ms
2026-05-14 11:49:59 DEBUG [restartedMain] c.p.p.h.s.JwtAuthenticationFilter requestId= tenantId= hospitalId= branchId= userId= - Filter 'jwtAuthenticationFilter' configured for use
2026-05-14 11:49:59 WARN  [restartedMain] o.s.b.a.s.s.UserDetailsServiceAutoConfiguration requestId= tenantId= hospitalId= branchId= userId= - 

Using generated security password: 97209d1e-f698-4169-93f4-ad4e1a946681

This generated password is for development use only. Your security configuration must be updated before running your application in production.

2026-05-14 11:49:59 INFO  [restartedMain] o.s.s.c.a.a.c.InitializeUserDetailsBeanManagerConfigurer$InitializeUserDetailsManagerConfigurer requestId= tenantId= hospitalId= branchId= userId= - Global AuthenticationManager configured with UserDetailsService bean with name inMemoryUserDetailsManager
2026-05-14 11:49:59 WARN  [restartedMain] o.s.b.d.a.OptionalLiveReloadServer requestId= tenantId= hospitalId= branchId= userId= - Unable to start LiveReload server
2026-05-14 11:49:59 INFO  [restartedMain] o.s.b.w.e.tomcat.TomcatWebServer requestId= tenantId= hospitalId= branchId= userId= - Tomcat started on port 8097 (http) with context path '/'
2026-05-14 11:49:59 INFO  [restartedMain] c.p.p.h.PathologyHospitalServiceApplication requestId= tenantId= hospitalId= branchId= userId= - Started PathologyHospitalServiceApplication in 0.873 seconds (process running for 2379.222)
2026-05-14 11:49:59 INFO  [restartedMain] o.s.b.d.a.ConditionEvaluationDeltaLoggingListener requestId= tenantId= hospitalId= branchId= userId= - Condition evaluation unchanged
2026-05-14 11:50:33 INFO  [File Watcher] o.s.b.d.a.LocalDevToolsAutoConfiguration$RestartingClassPathChangeChangedEventListener requestId= tenantId= hospitalId= branchId= userId= - Restarting due to 2 class path changes (1 addition, 0 deletions, 1 modification)
2026-05-14 11:50:33 INFO  [Thread-77] o.s.b.w.e.tomcat.GracefulShutdown requestId= tenantId= hospitalId= branchId= userId= - Commencing graceful shutdown. Waiting for active requests to complete
2026-05-14 11:50:34 INFO  [tomcat-shutdown] o.s.b.w.e.tomcat.GracefulShutdown requestId= tenantId= hospitalId= branchId= userId= - Graceful shutdown complete
2026-05-14 11:50:34 INFO  [restartedMain] c.p.p.h.PathologyHospitalServiceApplication requestId= tenantId= hospitalId= branchId= userId= - Starting PathologyHospitalServiceApplication using Java 17.0.8 with PID 19892 (C:\Users\ms\OneDrive\Desktop\pathology-hospital-service\target\classes started by ms in C:\Users\ms\OneDrive\Desktop\pathology-hospital-service)
2026-05-14 11:50:34 DEBUG [restartedMain] c.p.p.h.PathologyHospitalServiceApplication requestId= tenantId= hospitalId= branchId= userId= - Running with Spring Boot v3.4.4, Spring v6.2.5
2026-05-14 11:50:34 INFO  [restartedMain] c.p.p.h.PathologyHospitalServiceApplication requestId= tenantId= hospitalId= branchId= userId= - No active profile set, falling back to 1 default profile: "default"
2026-05-14 11:50:35 INFO  [restartedMain] o.s.b.w.e.tomcat.TomcatWebServer requestId= tenantId= hospitalId= branchId= userId= - Tomcat initialized with port 8097 (http)
2026-05-14 11:50:35 INFO  [restartedMain] o.a.catalina.core.StandardService requestId= tenantId= hospitalId= branchId= userId= - Starting service [Tomcat]
2026-05-14 11:50:35 INFO  [restartedMain] o.a.catalina.core.StandardEngine requestId= tenantId= hospitalId= branchId= userId= - Starting Servlet engine: [Apache Tomcat/10.1.39]
2026-05-14 11:50:35 INFO  [restartedMain] o.a.c.c.C.[Tomcat].[localhost].[/] requestId= tenantId= hospitalId= branchId= userId= - Initializing Spring embedded WebApplicationContext
2026-05-14 11:50:35 INFO  [restartedMain] o.s.b.w.s.c.ServletWebServerApplicationContext requestId= tenantId= hospitalId= branchId= userId= - Root WebApplicationContext: initialization completed in 1591 ms
2026-05-14 11:50:35 DEBUG [restartedMain] c.p.p.h.s.JwtAuthenticationFilter requestId= tenantId= hospitalId= branchId= userId= - Filter 'jwtAuthenticationFilter' configured for use
2026-05-14 11:50:37 WARN  [restartedMain] o.s.b.a.s.s.UserDetailsServiceAutoConfiguration requestId= tenantId= hospitalId= branchId= userId= - 

Using generated security password: daf1ec06-b1cf-4bf7-939e-f8d18c3dd84a

This generated password is for development use only. Your security configuration must be updated before running your application in production.

2026-05-14 11:50:37 INFO  [restartedMain] o.s.s.c.a.a.c.InitializeUserDetailsBeanManagerConfigurer$InitializeUserDetailsManagerConfigurer requestId= tenantId= hospitalId= branchId= userId= - Global AuthenticationManager configured with UserDetailsService bean with name inMemoryUserDetailsManager
2026-05-14 11:50:37 WARN  [restartedMain] o.s.b.d.a.OptionalLiveReloadServer requestId= tenantId= hospitalId= branchId= userId= - Unable to start LiveReload server
2026-05-14 11:50:37 INFO  [restartedMain] o.s.b.w.e.tomcat.TomcatWebServer requestId= tenantId= hospitalId= branchId= userId= - Tomcat started on port 8097 (http) with context path '/'
2026-05-14 11:50:37 INFO  [restartedMain] c.p.p.h.PathologyHospitalServiceApplication requestId= tenantId= hospitalId= branchId= userId= - Started PathologyHospitalServiceApplication in 3.348 seconds (process running for 2416.74)
2026-05-14 11:50:37 INFO  [restartedMain] o.s.b.d.a.ConditionEvaluationDeltaLoggingListener requestId= tenantId= hospitalId= branchId= userId= - Condition evaluation unchanged
2026-05-14 11:51:22 INFO  [File Watcher] o.s.b.d.a.LocalDevToolsAutoConfiguration$RestartingClassPathChangeChangedEventListener requestId= tenantId= hospitalId= branchId= userId= - Restarting due to 1 class path change (1 addition, 0 deletions, 0 modifications)
2026-05-14 11:51:22 INFO  [Thread-81] o.s.b.w.e.tomcat.GracefulShutdown requestId= tenantId= hospitalId= branchId= userId= - Commencing graceful shutdown. Waiting for active requests to complete
2026-05-14 11:51:22 INFO  [tomcat-shutdown] o.s.b.w.e.tomcat.GracefulShutdown requestId= tenantId= hospitalId= branchId= userId= - Graceful shutdown complete
2026-05-14 11:51:22 INFO  [restartedMain] c.p.p.h.PathologyHospitalServiceApplication requestId= tenantId= hospitalId= branchId= userId= - Starting PathologyHospitalServiceApplication using Java 17.0.8 with PID 19892 (C:\Users\ms\OneDrive\Desktop\pathology-hospital-service\target\classes started by ms in C:\Users\ms\OneDrive\Desktop\pathology-hospital-service)
2026-05-14 11:51:22 DEBUG [restartedMain] c.p.p.h.PathologyHospitalServiceApplication requestId= tenantId= hospitalId= branchId= userId= - Running with Spring Boot v3.4.4, Spring v6.2.5
2026-05-14 11:51:22 INFO  [restartedMain] c.p.p.h.PathologyHospitalServiceApplication requestId= tenantId= hospitalId= branchId= userId= - No active profile set, falling back to 1 default profile: "default"
2026-05-14 11:51:23 INFO  [restartedMain] o.s.b.w.e.tomcat.TomcatWebServer requestId= tenantId= hospitalId= branchId= userId= - Tomcat initialized with port 8097 (http)
2026-05-14 11:51:23 INFO  [restartedMain] o.a.catalina.core.StandardService requestId= tenantId= hospitalId= branchId= userId= - Starting service [Tomcat]
2026-05-14 11:51:23 INFO  [restartedMain] o.a.catalina.core.StandardEngine requestId= tenantId= hospitalId= branchId= userId= - Starting Servlet engine: [Apache Tomcat/10.1.39]
2026-05-14 11:51:23 INFO  [restartedMain] o.a.c.c.C.[Tomcat].[localhost].[/] requestId= tenantId= hospitalId= branchId= userId= - Initializing Spring embedded WebApplicationContext
2026-05-14 11:51:23 INFO  [restartedMain] o.s.b.w.s.c.ServletWebServerApplicationContext requestId= tenantId= hospitalId= branchId= userId= - Root WebApplicationContext: initialization completed in 587 ms
2026-05-14 11:51:23 DEBUG [restartedMain] c.p.p.h.s.JwtAuthenticationFilter requestId= tenantId= hospitalId= branchId= userId= - Filter 'jwtAuthenticationFilter' configured for use
2026-05-14 11:51:23 WARN  [restartedMain] o.s.b.a.s.s.UserDetailsServiceAutoConfiguration requestId= tenantId= hospitalId= branchId= userId= - 

Using generated security password: ad143fdf-4d2c-40e0-bad5-f965f461aa8f

This generated password is for development use only. Your security configuration must be updated before running your application in production.

2026-05-14 11:51:23 INFO  [restartedMain] o.s.s.c.a.a.c.InitializeUserDetailsBeanManagerConfigurer$InitializeUserDetailsManagerConfigurer requestId= tenantId= hospitalId= branchId= userId= - Global AuthenticationManager configured with UserDetailsService bean with name inMemoryUserDetailsManager
2026-05-14 11:51:23 WARN  [restartedMain] o.s.b.d.a.OptionalLiveReloadServer requestId= tenantId= hospitalId= branchId= userId= - Unable to start LiveReload server
2026-05-14 11:51:23 INFO  [restartedMain] o.s.b.w.e.tomcat.TomcatWebServer requestId= tenantId= hospitalId= branchId= userId= - Tomcat started on port 8097 (http) with context path '/'
2026-05-14 11:51:23 INFO  [restartedMain] c.p.p.h.PathologyHospitalServiceApplication requestId= tenantId= hospitalId= branchId= userId= - Started PathologyHospitalServiceApplication in 1.053 seconds (process running for 2463.138)
2026-05-14 11:51:23 INFO  [restartedMain] o.s.b.d.a.ConditionEvaluationDeltaLoggingListener requestId= tenantId= hospitalId= branchId= userId= - Condition evaluation unchanged
2026-05-14 11:51:57 INFO  [File Watcher] o.s.b.d.a.LocalDevToolsAutoConfiguration$RestartingClassPathChangeChangedEventListener requestId= tenantId= hospitalId= branchId= userId= - Restarting due to 1 class path change (0 additions, 0 deletions, 1 modification)
2026-05-14 11:51:57 INFO  [Thread-85] o.s.b.w.e.tomcat.GracefulShutdown requestId= tenantId= hospitalId= branchId= userId= - Commencing graceful shutdown. Waiting for active requests to complete
2026-05-14 11:51:57 INFO  [tomcat-shutdown] o.s.b.w.e.tomcat.GracefulShutdown requestId= tenantId= hospitalId= branchId= userId= - Graceful shutdown complete
2026-05-14 11:51:58 INFO  [restartedMain] c.p.p.h.PathologyHospitalServiceApplication requestId= tenantId= hospitalId= branchId= userId= - Starting PathologyHospitalServiceApplication using Java 17.0.8 with PID 19892 (C:\Users\ms\OneDrive\Desktop\pathology-hospital-service\target\classes started by ms in C:\Users\ms\OneDrive\Desktop\pathology-hospital-service)
2026-05-14 11:51:58 DEBUG [restartedMain] c.p.p.h.PathologyHospitalServiceApplication requestId= tenantId= hospitalId= branchId= userId= - Running with Spring Boot v3.4.4, Spring v6.2.5
2026-05-14 11:51:58 INFO  [restartedMain] c.p.p.h.PathologyHospitalServiceApplication requestId= tenantId= hospitalId= branchId= userId= - No active profile set, falling back to 1 default profile: "default"
2026-05-14 11:51:58 INFO  [restartedMain] o.s.b.w.e.tomcat.TomcatWebServer requestId= tenantId= hospitalId= branchId= userId= - Tomcat initialized with port 8097 (http)
2026-05-14 11:51:58 INFO  [restartedMain] o.a.catalina.core.StandardService requestId= tenantId= hospitalId= branchId= userId= - Starting service [Tomcat]
2026-05-14 11:51:58 INFO  [restartedMain] o.a.catalina.core.StandardEngine requestId= tenantId= hospitalId= branchId= userId= - Starting Servlet engine: [Apache Tomcat/10.1.39]
2026-05-14 11:51:58 INFO  [restartedMain] o.a.c.c.C.[Tomcat].[localhost].[/] requestId= tenantId= hospitalId= branchId= userId= - Initializing Spring embedded WebApplicationContext
2026-05-14 11:51:58 INFO  [restartedMain] o.s.b.w.s.c.ServletWebServerApplicationContext requestId= tenantId= hospitalId= branchId= userId= - Root WebApplicationContext: initialization completed in 814 ms
2026-05-14 11:51:58 DEBUG [restartedMain] c.p.p.h.s.JwtAuthenticationFilter requestId= tenantId= hospitalId= branchId= userId= - Filter 'jwtAuthenticationFilter' configured for use
2026-05-14 11:51:59 WARN  [restartedMain] o.s.b.a.s.s.UserDetailsServiceAutoConfiguration requestId= tenantId= hospitalId= branchId= userId= - 

Using generated security password: 57bfcd60-fdc8-4b7d-b2ed-55c4792598a4

This generated password is for development use only. Your security configuration must be updated before running your application in production.

2026-05-14 11:51:59 INFO  [restartedMain] o.s.s.c.a.a.c.InitializeUserDetailsBeanManagerConfigurer$InitializeUserDetailsManagerConfigurer requestId= tenantId= hospitalId= branchId= userId= - Global AuthenticationManager configured with UserDetailsService bean with name inMemoryUserDetailsManager
2026-05-14 11:52:00 WARN  [restartedMain] o.s.b.d.a.OptionalLiveReloadServer requestId= tenantId= hospitalId= branchId= userId= - Unable to start LiveReload server
2026-05-14 11:52:00 INFO  [restartedMain] o.s.b.w.e.tomcat.TomcatWebServer requestId= tenantId= hospitalId= branchId= userId= - Tomcat started on port 8097 (http) with context path '/'
2026-05-14 11:52:00 INFO  [restartedMain] c.p.p.h.PathologyHospitalServiceApplication requestId= tenantId= hospitalId= branchId= userId= - Started PathologyHospitalServiceApplication in 2.206 seconds (process running for 2499.525)
2026-05-14 11:52:00 INFO  [restartedMain] o.s.b.d.a.ConditionEvaluationDeltaLoggingListener requestId= tenantId= hospitalId= branchId= userId= - Condition evaluation unchanged
2026-05-14 11:52:29 INFO  [File Watcher] o.s.b.d.a.LocalDevToolsAutoConfiguration$RestartingClassPathChangeChangedEventListener requestId= tenantId= hospitalId= branchId= userId= - Restarting due to 1 class path change (1 addition, 0 deletions, 0 modifications)
2026-05-14 11:52:29 INFO  [Thread-89] o.s.b.w.e.tomcat.GracefulShutdown requestId= tenantId= hospitalId= branchId= userId= - Commencing graceful shutdown. Waiting for active requests to complete
2026-05-14 11:52:29 INFO  [tomcat-shutdown] o.s.b.w.e.tomcat.GracefulShutdown requestId= tenantId= hospitalId= branchId= userId= - Graceful shutdown complete
2026-05-14 11:52:29 INFO  [restartedMain] c.p.p.h.PathologyHospitalServiceApplication requestId= tenantId= hospitalId= branchId= userId= - Starting PathologyHospitalServiceApplication using Java 17.0.8 with PID 19892 (C:\Users\ms\OneDrive\Desktop\pathology-hospital-service\target\classes started by ms in C:\Users\ms\OneDrive\Desktop\pathology-hospital-service)
2026-05-14 11:52:29 DEBUG [restartedMain] c.p.p.h.PathologyHospitalServiceApplication requestId= tenantId= hospitalId= branchId= userId= - Running with Spring Boot v3.4.4, Spring v6.2.5
2026-05-14 11:52:29 INFO  [restartedMain] c.p.p.h.PathologyHospitalServiceApplication requestId= tenantId= hospitalId= branchId= userId= - No active profile set, falling back to 1 default profile: "default"
2026-05-14 11:52:30 INFO  [restartedMain] o.s.b.w.e.tomcat.TomcatWebServer requestId= tenantId= hospitalId= branchId= userId= - Tomcat initialized with port 8097 (http)
2026-05-14 11:52:30 INFO  [restartedMain] o.a.catalina.core.StandardService requestId= tenantId= hospitalId= branchId= userId= - Starting service [Tomcat]
2026-05-14 11:52:30 INFO  [restartedMain] o.a.catalina.core.StandardEngine requestId= tenantId= hospitalId= branchId= userId= - Starting Servlet engine: [Apache Tomcat/10.1.39]
2026-05-14 11:52:30 INFO  [restartedMain] o.a.c.c.C.[Tomcat].[localhost].[/] requestId= tenantId= hospitalId= branchId= userId= - Initializing Spring embedded WebApplicationContext
2026-05-14 11:52:30 INFO  [restartedMain] o.s.b.w.s.c.ServletWebServerApplicationContext requestId= tenantId= hospitalId= branchId= userId= - Root WebApplicationContext: initialization completed in 506 ms
2026-05-14 11:52:30 DEBUG [restartedMain] c.p.p.h.s.JwtAuthenticationFilter requestId= tenantId= hospitalId= branchId= userId= - Filter 'jwtAuthenticationFilter' configured for use
2026-05-14 11:52:30 WARN  [restartedMain] o.s.b.a.s.s.UserDetailsServiceAutoConfiguration requestId= tenantId= hospitalId= branchId= userId= - 

Using generated security password: f7c86ce6-b07d-4c29-8e45-6658e409d35b

This generated password is for development use only. Your security configuration must be updated before running your application in production.

2026-05-14 11:52:30 INFO  [restartedMain] o.s.s.c.a.a.c.InitializeUserDetailsBeanManagerConfigurer$InitializeUserDetailsManagerConfigurer requestId= tenantId= hospitalId= branchId= userId= - Global AuthenticationManager configured with UserDetailsService bean with name inMemoryUserDetailsManager
2026-05-14 11:52:30 WARN  [restartedMain] o.s.b.d.a.OptionalLiveReloadServer requestId= tenantId= hospitalId= branchId= userId= - Unable to start LiveReload server
2026-05-14 11:52:30 INFO  [restartedMain] o.s.b.w.e.tomcat.TomcatWebServer requestId= tenantId= hospitalId= branchId= userId= - Tomcat started on port 8097 (http) with context path '/'
2026-05-14 11:52:30 INFO  [restartedMain] c.p.p.h.PathologyHospitalServiceApplication requestId= tenantId= hospitalId= branchId= userId= - Started PathologyHospitalServiceApplication in 1.131 seconds (process running for 2530.189)
2026-05-14 11:52:30 INFO  [restartedMain] o.s.b.d.a.ConditionEvaluationDeltaLoggingListener requestId= tenantId= hospitalId= branchId= userId= - Condition evaluation unchanged
2026-05-14 11:52:51 INFO  [File Watcher] o.s.b.d.a.LocalDevToolsAutoConfiguration$RestartingClassPathChangeChangedEventListener requestId= tenantId= hospitalId= branchId= userId= - Restarting due to 1 class path change (0 additions, 0 deletions, 1 modification)
2026-05-14 11:52:51 INFO  [Thread-93] o.s.b.w.e.tomcat.GracefulShutdown requestId= tenantId= hospitalId= branchId= userId= - Commencing graceful shutdown. Waiting for active requests to complete
2026-05-14 11:52:51 INFO  [tomcat-shutdown] o.s.b.w.e.tomcat.GracefulShutdown requestId= tenantId= hospitalId= branchId= userId= - Graceful shutdown complete
2026-05-14 11:52:51 INFO  [restartedMain] c.p.p.h.PathologyHospitalServiceApplication requestId= tenantId= hospitalId= branchId= userId= - Starting PathologyHospitalServiceApplication using Java 17.0.8 with PID 19892 (C:\Users\ms\OneDrive\Desktop\pathology-hospital-service\target\classes started by ms in C:\Users\ms\OneDrive\Desktop\pathology-hospital-service)
2026-05-14 11:52:51 DEBUG [restartedMain] c.p.p.h.PathologyHospitalServiceApplication requestId= tenantId= hospitalId= branchId= userId= - Running with Spring Boot v3.4.4, Spring v6.2.5
2026-05-14 11:52:51 INFO  [restartedMain] c.p.p.h.PathologyHospitalServiceApplication requestId= tenantId= hospitalId= branchId= userId= - No active profile set, falling back to 1 default profile: "default"
2026-05-14 11:52:51 INFO  [restartedMain] o.s.b.w.e.tomcat.TomcatWebServer requestId= tenantId= hospitalId= branchId= userId= - Tomcat initialized with port 8097 (http)
2026-05-14 11:52:51 INFO  [restartedMain] o.a.catalina.core.StandardService requestId= tenantId= hospitalId= branchId= userId= - Starting service [Tomcat]
2026-05-14 11:52:51 INFO  [restartedMain] o.a.catalina.core.StandardEngine requestId= tenantId= hospitalId= branchId= userId= - Starting Servlet engine: [Apache Tomcat/10.1.39]
2026-05-14 11:52:52 INFO  [restartedMain] o.a.c.c.C.[Tomcat].[localhost].[/] requestId= tenantId= hospitalId= branchId= userId= - Initializing Spring embedded WebApplicationContext
2026-05-14 11:52:52 INFO  [restartedMain] o.s.b.w.s.c.ServletWebServerApplicationContext requestId= tenantId= hospitalId= branchId= userId= - Root WebApplicationContext: initialization completed in 649 ms
2026-05-14 11:52:52 DEBUG [restartedMain] c.p.p.h.s.JwtAuthenticationFilter requestId= tenantId= hospitalId= branchId= userId= - Filter 'jwtAuthenticationFilter' configured for use
2026-05-14 11:52:52 WARN  [restartedMain] o.s.b.a.s.s.UserDetailsServiceAutoConfiguration requestId= tenantId= hospitalId= branchId= userId= - 

Using generated security password: 4c328837-4fe2-4f2a-ae52-ae564dc149f8

This generated password is for development use only. Your security configuration must be updated before running your application in production.

2026-05-14 11:52:52 INFO  [restartedMain] o.s.s.c.a.a.c.InitializeUserDetailsBeanManagerConfigurer$InitializeUserDetailsManagerConfigurer requestId= tenantId= hospitalId= branchId= userId= - Global AuthenticationManager configured with UserDetailsService bean with name inMemoryUserDetailsManager
2026-05-14 11:52:52 WARN  [restartedMain] o.s.b.d.a.OptionalLiveReloadServer requestId= tenantId= hospitalId= branchId= userId= - Unable to start LiveReload server
2026-05-14 11:52:52 INFO  [restartedMain] o.s.b.w.e.tomcat.TomcatWebServer requestId= tenantId= hospitalId= branchId= userId= - Tomcat started on port 8097 (http) with context path '/'
2026-05-14 11:52:52 INFO  [restartedMain] c.p.p.h.PathologyHospitalServiceApplication requestId= tenantId= hospitalId= branchId= userId= - Started PathologyHospitalServiceApplication in 1.382 seconds (process running for 2551.985)
2026-05-14 11:52:52 INFO  [restartedMain] o.s.b.d.a.ConditionEvaluationDeltaLoggingListener requestId= tenantId= hospitalId= branchId= userId= - Condition evaluation unchanged
2026-05-14 11:53:11 INFO  [RMI TCP Connection(47)-127.0.0.1] o.s.b.a.SpringApplicationAdminMXBeanRegistrar$SpringApplicationAdmin requestId= tenantId= hospitalId= branchId= userId= - Application shutdown requested.
2026-05-14 11:53:11 INFO  [RMI TCP Connection(47)-127.0.0.1] o.s.b.w.e.tomcat.GracefulShutdown requestId= tenantId= hospitalId= branchId= userId= - Commencing graceful shutdown. Waiting for active requests to complete
2026-05-14 11:53:11 INFO  [tomcat-shutdown] o.s.b.w.e.tomcat.GracefulShutdown requestId= tenantId= hospitalId= branchId= userId= - Graceful shutdown complete
2026-05-14 11:53:28 INFO  [restartedMain] c.p.p.h.PathologyHospitalServiceApplication requestId= tenantId= hospitalId= branchId= userId= - Starting PathologyHospitalServiceApplication using Java 17.0.8 with PID 16204 (C:\Users\ms\OneDrive\Desktop\pathology-hospital-service\target\classes started by ms in C:\Users\ms\OneDrive\Desktop\pathology-hospital-service)
2026-05-14 11:53:28 DEBUG [restartedMain] c.p.p.h.PathologyHospitalServiceApplication requestId= tenantId= hospitalId= branchId= userId= - Running with Spring Boot v3.4.4, Spring v6.2.5
2026-05-14 11:53:28 INFO  [restartedMain] c.p.p.h.PathologyHospitalServiceApplication requestId= tenantId= hospitalId= branchId= userId= - No active profile set, falling back to 1 default profile: "default"
2026-05-14 11:53:28 INFO  [restartedMain] o.s.b.d.e.DevToolsPropertyDefaultsPostProcessor requestId= tenantId= hospitalId= branchId= userId= - Devtools property defaults active! Set 'spring.devtools.add-properties' to 'false' to disable
2026-05-14 11:53:28 INFO  [restartedMain] o.s.b.d.e.DevToolsPropertyDefaultsPostProcessor requestId= tenantId= hospitalId= branchId= userId= - For additional web related logging consider setting the 'logging.level.web' property to 'DEBUG'
2026-05-14 11:53:30 INFO  [restartedMain] o.s.b.w.e.tomcat.TomcatWebServer requestId= tenantId= hospitalId= branchId= userId= - Tomcat initialized with port 8097 (http)
2026-05-14 11:53:30 INFO  [restartedMain] o.a.catalina.core.StandardService requestId= tenantId= hospitalId= branchId= userId= - Starting service [Tomcat]
2026-05-14 11:53:30 INFO  [restartedMain] o.a.catalina.core.StandardEngine requestId= tenantId= hospitalId= branchId= userId= - Starting Servlet engine: [Apache Tomcat/10.1.39]
2026-05-14 11:53:30 INFO  [restartedMain] o.a.c.c.C.[Tomcat].[localhost].[/] requestId= tenantId= hospitalId= branchId= userId= - Initializing Spring embedded WebApplicationContext
2026-05-14 11:53:30 INFO  [restartedMain] o.s.b.w.s.c.ServletWebServerApplicationContext requestId= tenantId= hospitalId= branchId= userId= - Root WebApplicationContext: initialization completed in 2386 ms
2026-05-14 11:53:30 DEBUG [restartedMain] c.p.p.h.s.JwtAuthenticationFilter requestId= tenantId= hospitalId= branchId= userId= - Filter 'jwtAuthenticationFilter' configured for use
2026-05-14 11:53:30 WARN  [restartedMain] o.s.b.a.s.s.UserDetailsServiceAutoConfiguration requestId= tenantId= hospitalId= branchId= userId= - 

Using generated security password: cadaad0d-1b8d-40a8-96c5-a99ddf35e19e

This generated password is for development use only. Your security configuration must be updated before running your application in production.

2026-05-14 11:53:30 INFO  [restartedMain] o.s.s.c.a.a.c.InitializeUserDetailsBeanManagerConfigurer$InitializeUserDetailsManagerConfigurer requestId= tenantId= hospitalId= branchId= userId= - Global AuthenticationManager configured with UserDetailsService bean with name inMemoryUserDetailsManager
2026-05-14 11:53:31 WARN  [restartedMain] o.s.b.d.a.OptionalLiveReloadServer requestId= tenantId= hospitalId= branchId= userId= - Unable to start LiveReload server
2026-05-14 11:53:31 INFO  [restartedMain] o.s.b.w.e.tomcat.TomcatWebServer requestId= tenantId= hospitalId= branchId= userId= - Tomcat started on port 8097 (http) with context path '/'
2026-05-14 11:53:31 INFO  [restartedMain] c.p.p.h.PathologyHospitalServiceApplication requestId= tenantId= hospitalId= branchId= userId= - Started PathologyHospitalServiceApplication in 4.633 seconds (process running for 5.847)
2026-05-14 11:55:59 INFO  [http-nio-8097-exec-2] o.a.c.c.C.[Tomcat].[localhost].[/] requestId= tenantId= hospitalId= branchId= userId= - Initializing Spring DispatcherServlet 'dispatcherServlet'
2026-05-14 11:55:59 INFO  [http-nio-8097-exec-2] o.s.web.servlet.DispatcherServlet requestId= tenantId= hospitalId= branchId= userId= - Initializing Servlet 'dispatcherServlet'
2026-05-14 11:55:59 INFO  [http-nio-8097-exec-2] o.s.web.servlet.DispatcherServlet requestId= tenantId= hospitalId= branchId= userId= - Completed initialization in 2 ms
2026-05-14 11:55:59 INFO  [http-nio-8097-exec-2] com.zaxxer.hikari.HikariDataSource requestId=db1eed2a-ab87-44b5-9581-361fec0a7168 tenantId=1 hospitalId=1 branchId=br_main userId=1 - HikariPool-1 - Starting...
2026-05-14 11:56:00 INFO  [http-nio-8097-exec-2] com.zaxxer.hikari.pool.HikariPool requestId=db1eed2a-ab87-44b5-9581-361fec0a7168 tenantId=1 hospitalId=1 branchId=br_main userId=1 - HikariPool-1 - Added connection com.mysql.cj.jdbc.ConnectionImpl@738059ea
2026-05-14 11:56:00 INFO  [http-nio-8097-exec-2] com.zaxxer.hikari.HikariDataSource requestId=db1eed2a-ab87-44b5-9581-361fec0a7168 tenantId=1 hospitalId=1 branchId=br_main userId=1 - HikariPool-1 - Start completed.
2026-05-14 12:07:45 WARN  [http-nio-8097-exec-7] o.s.w.s.m.m.a.ExceptionHandlerExceptionResolver requestId=97dc1b6f-dda3-461c-9f07-829d4c9c78ba tenantId=1 hospitalId=1 branchId=br_main userId=1 - Resolved [com.plasmit.pathology.hospital.common.exception.ApiException: Only Received or InProcess specimen can import machine result.]
2026-05-14 12:08:07 WARN  [http-nio-8097-exec-9] o.s.w.s.m.m.a.ExceptionHandlerExceptionResolver requestId=9ce72cb1-c8c1-4261-8948-d11663b07116 tenantId=1 hospitalId=1 branchId=br_main userId=1 - Resolved [com.plasmit.pathology.hospital.common.exception.ApiException: Only Received or InProcess specimen can import machine result.]
2026-05-14 12:10:28 WARN  [http-nio-8097-exec-1] o.s.w.s.m.m.a.ExceptionHandlerExceptionResolver requestId=req_machine_import_001 tenantId=1 hospitalId=1 branchId=br_main userId=1 - Resolved [com.plasmit.pathology.hospital.common.exception.ApiException: Only Received or InProcess specimen can import machine result.]
2026-05-14 12:13:19 WARN  [http-nio-8097-exec-3] o.s.w.s.m.m.a.ExceptionHandlerExceptionResolver requestId=b9ce3242-c167-4a2b-956c-ca66108bc18d tenantId=1 hospitalId=1 branchId=br_main userId=1 - Resolved [com.plasmit.pathology.hospital.common.exception.ApiException: Only SamplePending specimen can be collected.]
2026-05-14 12:16:47 WARN  [http-nio-8097-exec-4] o.s.w.s.m.m.a.ExceptionHandlerExceptionResolver requestId=e6d820cf-af69-470b-a9b0-4315770e65bf tenantId=1 hospitalId=1 branchId=br_main userId=1 - Resolved [com.plasmit.pathology.hospital.common.exception.ApiException: Only Received or InProcess specimen can import machine result.]
2026-05-14 12:17:42 WARN  [http-nio-8097-exec-7] o.s.w.s.m.m.a.ExceptionHandlerExceptionResolver requestId=f3300596-51e0-4bbc-8105-e0b805eb78bd tenantId=1 hospitalId=1 branchId=br_main userId=1 - Resolved [com.plasmit.pathology.hospital.common.exception.ApiException: Only Collected specimen can be received.]
2026-05-14 12:18:40 WARN  [http-nio-8097-exec-8] o.s.w.s.m.m.a.ExceptionHandlerExceptionResolver requestId=req_pathology_collect_001 tenantId=1 hospitalId=1 branchId=br_main userId=1 - Resolved [com.plasmit.pathology.hospital.common.exception.ApiException: Only SamplePending specimen can be collected.]
2026-05-14 12:19:02 WARN  [http-nio-8097-exec-1] o.s.w.s.m.m.a.ExceptionHandlerExceptionResolver requestId=req_pathology_collect_001 tenantId=1 hospitalId=1 branchId=br_main userId=1 - Resolved [com.plasmit.pathology.hospital.common.exception.ApiException: Pathology specimen not found.]
2026-05-14 12:19:10 WARN  [http-nio-8097-exec-2] o.s.w.s.m.m.a.ExceptionHandlerExceptionResolver requestId=req_pathology_collect_001 tenantId=1 hospitalId=1 branchId=br_main userId=1 - Resolved [com.plasmit.pathology.hospital.common.exception.ApiException: Only SamplePending specimen can be collected.]
2026-05-14 12:21:37 WARN  [http-nio-8097-exec-3] o.s.w.s.m.m.a.ExceptionHandlerExceptionResolver requestId=2c59b245-db67-4f8a-b129-b29a4090652b tenantId=1 hospitalId=1 branchId=br_main userId=1 - Resolved [com.plasmit.pathology.hospital.common.exception.ApiException: Only Collected specimen can be received.]
2026-05-14 12:23:01 WARN  [http-nio-8097-exec-6] o.s.w.s.m.m.a.ExceptionHandlerExceptionResolver requestId=req_pathology_collect_001 tenantId=1 hospitalId=1 branchId=br_main userId=1 - Resolved [com.plasmit.pathology.hospital.common.exception.ApiException: Pathology specimen not found.]
2026-05-14 12:23:13 WARN  [http-nio-8097-exec-7] o.s.w.s.m.m.a.ExceptionHandlerExceptionResolver requestId=req_pathology_collect_003 tenantId=1 hospitalId=1 branchId=br_main userId=1 - Resolved [com.plasmit.pathology.hospital.common.exception.ApiException: Pathology specimen not found.]
2026-05-14 12:26:47 WARN  [http-nio-8097-exec-8] o.s.w.s.m.m.a.ExceptionHandlerExceptionResolver requestId=77bfedb1-25ea-4fa3-bde5-8ce62835fecb tenantId=1 hospitalId=1 branchId=br_main userId=1 - Resolved [com.plasmit.pathology.hospital.common.exception.ApiException: Pathology specimen not found.]
2026-05-14 12:27:31 WARN  [http-nio-8097-exec-1] o.s.w.s.m.m.a.ExceptionHandlerExceptionResolver requestId=req_pathology_collect_003 tenantId=1 hospitalId=1 branchId=br_main userId=1 - Resolved [com.plasmit.pathology.hospital.common.exception.ApiException: Pathology specimen not found.]
2026-05-14 12:37:33 WARN  [http-nio-8097-exec-5] o.s.w.s.m.m.a.ExceptionHandlerExceptionResolver requestId=bc8803cd-7b88-4c23-844a-07f47b6734d0 tenantId=1 hospitalId=1 branchId=br_main userId=1 - Resolved [com.plasmit.pathology.hospital.common.exception.ApiException: Message must be matched with specimen before import.]
2026-05-14 12:45:42 WARN  [http-nio-8097-exec-9] o.s.w.s.m.m.a.ExceptionHandlerExceptionResolver requestId=674594d5-e715-46cd-9070-8d8b9f299c6e tenantId=1 hospitalId=1 branchId=br_main userId=1 - Resolved [com.plasmit.pathology.hospital.common.exception.ApiException: Message must be matched with specimen before import.]
2026-05-14 12:46:52 WARN  [http-nio-8097-exec-10] o.s.w.s.m.m.a.ExceptionHandlerExceptionResolver requestId=5bfa0047-eee5-4539-8365-227edf501ceb tenantId=1 hospitalId=1 branchId=br_main userId=1 - Resolved [com.plasmit.pathology.hospital.common.exception.ApiException: Message must be matched with specimen before import.]
2026-05-14 12:47:22 WARN  [http-nio-8097-exec-1] o.s.w.s.m.m.a.ExceptionHandlerExceptionResolver requestId=997b1345-ed01-4fb1-8707-a6400264b66d tenantId=1 hospitalId=1 branchId=br_main userId=1 - Resolved [com.plasmit.pathology.hospital.common.exception.ApiException: Message must be matched with specimen before import.]
2026-05-14 15:03:44 WARN  [HikariPool-1 housekeeper] com.zaxxer.hikari.pool.HikariPool requestId= tenantId= hospitalId= branchId= userId= - HikariPool-1 - Thread starvation or clock leap detected (housekeeper delta=51m41s533ms895µs700ns).
2026-05-14 15:04:40 WARN  [RMI TCP Connection(142)-127.0.0.1] javax.management.remote.misc requestId= tenantId= hospitalId= branchId= userId= - The server has decided to close this client connection.
2026-05-14 16:45:24 INFO  [RMI TCP Connection(247)-127.0.0.1] o.s.b.a.SpringApplicationAdminMXBeanRegistrar$SpringApplicationAdmin requestId= tenantId= hospitalId= branchId= userId= - Application shutdown requested.
2026-05-14 16:45:24 INFO  [RMI TCP Connection(247)-127.0.0.1] o.s.b.w.e.tomcat.GracefulShutdown requestId= tenantId= hospitalId= branchId= userId= - Commencing graceful shutdown. Waiting for active requests to complete
2026-05-14 16:45:24 INFO  [RMI TCP Connection(248)-127.0.0.1] o.s.b.a.SpringApplicationAdminMXBeanRegistrar$SpringApplicationAdmin requestId= tenantId= hospitalId= branchId= userId= - Application shutdown requested.
2026-05-14 16:45:25 INFO  [tomcat-shutdown] o.s.b.w.e.tomcat.GracefulShutdown requestId= tenantId= hospitalId= branchId= userId= - Graceful shutdown aborted with one or more requests still active
2026-05-14 16:45:25 WARN  [RMI TCP Connection(247)-127.0.0.1] org.apache.tomcat.util.net.Acceptor requestId= tenantId= hospitalId= branchId= userId= - Interrupt was received while waiting for the acceptor thread [http-nio-8097-Acceptor] to stop
java.lang.InterruptedException: null
	at java.base/java.util.concurrent.locks.AbstractQueuedSynchronizer.tryAcquireSharedNanos(AbstractQueuedSynchronizer.java:1081)
	at java.base/java.util.concurrent.CountDownLatch.await(CountDownLatch.java:276)
	at org.apache.tomcat.util.net.Acceptor.stopMillis(Acceptor.java:187)
	at org.apache.tomcat.util.net.NioEndpoint.stopInternal(NioEndpoint.java:304)
	at org.apache.tomcat.util.net.AbstractEndpoint.stop(AbstractEndpoint.java:1432)
	at org.apache.coyote.AbstractProtocol.stop(AbstractProtocol.java:723)
	at org.apache.catalina.connector.Connector.stopInternal(Connector.java:1099)
	at org.apache.catalina.util.LifecycleBase.stop(LifecycleBase.java:235)
	at org.apache.catalina.core.StandardService.removeConnector(StandardService.java:299)
	at org.springframework.boot.web.embedded.tomcat.TomcatWebServer.lambda$removeServiceConnectors$1(TomcatWebServer.java:173)
	at org.springframework.boot.web.embedded.tomcat.TomcatWebServer.doWithConnectors(TomcatWebServer.java:192)
	at org.springframework.boot.web.embedded.tomcat.TomcatWebServer.removeServiceConnectors(TomcatWebServer.java:170)
	at org.springframework.boot.web.embedded.tomcat.TomcatWebServer.stop(TomcatWebServer.java:358)
	at org.springframework.boot.web.servlet.context.WebServerStartStopLifecycle.stop(WebServerStartStopLifecycle.java:53)
	at org.springframework.context.SmartLifecycle.stop(SmartLifecycle.java:120)
	at org.springframework.context.support.DefaultLifecycleProcessor.doStop(DefaultLifecycleProcessor.java:384)
	at org.springframework.context.support.DefaultLifecycleProcessor$LifecycleGroup.stop(DefaultLifecycleProcessor.java:526)
	at java.base/java.lang.Iterable.forEach(Iterable.java:75)
	at org.springframework.context.support.DefaultLifecycleProcessor.stopBeans(DefaultLifecycleProcessor.java:353)
	at org.springframework.context.support.DefaultLifecycleProcessor.onClose(DefaultLifecycleProcessor.java:253)
	at org.springframework.context.support.AbstractApplicationContext.doClose(AbstractApplicationContext.java:1172)
	at org.springframework.boot.web.servlet.context.ServletWebServerApplicationContext.doClose(ServletWebServerApplicationContext.java:179)
	at org.springframework.context.support.AbstractApplicationContext.close(AbstractApplicationContext.java:1126)
	at org.springframework.boot.admin.SpringApplicationAdminMXBeanRegistrar$SpringApplicationAdmin.shutdown(SpringApplicationAdminMXBeanRegistrar.java:160)
	at java.base/jdk.internal.reflect.NativeMethodAccessorImpl.invoke0(Native Method)
	at java.base/jdk.internal.reflect.NativeMethodAccessorImpl.invoke(NativeMethodAccessorImpl.java:77)
	at java.base/jdk.internal.reflect.DelegatingMethodAccessorImpl.invoke(DelegatingMethodAccessorImpl.java:43)
	at java.base/java.lang.reflect.Method.invoke(Method.java:568)
	at sun.reflect.misc.Trampoline.invoke(MethodUtil.java:72)
	at java.base/jdk.internal.reflect.NativeMethodAccessorImpl.invoke0(Native Method)
	at java.base/jdk.internal.reflect.NativeMethodAccessorImpl.invoke(NativeMethodAccessorImpl.java:77)
	at java.base/jdk.internal.reflect.DelegatingMethodAccessorImpl.invoke(DelegatingMethodAccessorImpl.java:43)
	at java.base/java.lang.reflect.Method.invoke(Method.java:568)
	at java.base/sun.reflect.misc.MethodUtil.invoke(MethodUtil.java:262)
	at java.management/com.sun.jmx.mbeanserver.ConvertingMethod.invokeWithOpenReturn(ConvertingMethod.java:193)
	at java.management/com.sun.jmx.mbeanserver.ConvertingMethod.invokeWithOpenReturn(ConvertingMethod.java:175)
	at java.management/com.sun.jmx.mbeanserver.MXBeanIntrospector.invokeM2(MXBeanIntrospector.java:117)
	at java.management/com.sun.jmx.mbeanserver.MXBeanIntrospector.invokeM2(MXBeanIntrospector.java:54)
	at java.management/com.sun.jmx.mbeanserver.MBeanIntrospector.invokeM(MBeanIntrospector.java:237)
	at java.management/com.sun.jmx.mbeanserver.PerInterface.invoke(PerInterface.java:138)
	at java.management/com.sun.jmx.mbeanserver.MBeanSupport.invoke(MBeanSupport.java:252)
	at java.management/com.sun.jmx.interceptor.DefaultMBeanServerInterceptor.invoke(DefaultMBeanServerInterceptor.java:814)
	at java.management/com.sun.jmx.mbeanserver.JmxMBeanServer.invoke(JmxMBeanServer.java:802)
	at java.management.rmi/javax.management.remote.rmi.RMIConnectionImpl.doOperation(RMIConnectionImpl.java:1472)
	at java.management.rmi/javax.management.remote.rmi.RMIConnectionImpl$PrivilegedOperation.run(RMIConnectionImpl.java:1310)
	at java.management.rmi/javax.management.remote.rmi.RMIConnectionImpl.doPrivilegedOperation(RMIConnectionImpl.java:1405)
	at java.management.rmi/javax.management.remote.rmi.RMIConnectionImpl.invoke(RMIConnectionImpl.java:829)
	at java.base/jdk.internal.reflect.NativeMethodAccessorImpl.invoke0(Native Method)
	at java.base/jdk.internal.reflect.NativeMethodAccessorImpl.invoke(NativeMethodAccessorImpl.java:77)
	at java.base/jdk.internal.reflect.DelegatingMethodAccessorImpl.invoke(DelegatingMethodAccessorImpl.java:43)
	at java.base/java.lang.reflect.Method.invoke(Method.java:568)
	at java.rmi/sun.rmi.server.UnicastServerRef.dispatch(UnicastServerRef.java:360)
	at java.rmi/sun.rmi.transport.Transport$1.run(Transport.java:200)
	at java.rmi/sun.rmi.transport.Transport$1.run(Transport.java:197)
	at java.base/java.security.AccessController.doPrivileged(AccessController.java:712)
	at java.rmi/sun.rmi.transport.Transport.serviceCall(Transport.java:196)
	at java.rmi/sun.rmi.transport.tcp.TCPTransport.handleMessages(TCPTransport.java:587)
	at java.rmi/sun.rmi.transport.tcp.TCPTransport$ConnectionHandler.run0(TCPTransport.java:828)
	at java.rmi/sun.rmi.transport.tcp.TCPTransport$ConnectionHandler.lambda$run$0(TCPTransport.java:705)
	at java.base/java.security.AccessController.doPrivileged(AccessController.java:399)
	at java.rmi/sun.rmi.transport.tcp.TCPTransport$ConnectionHandler.run(TCPTransport.java:704)
	at java.base/java.util.concurrent.ThreadPoolExecutor.runWorker(ThreadPoolExecutor.java:1136)
	at java.base/java.util.concurrent.ThreadPoolExecutor$Worker.run(ThreadPoolExecutor.java:635)
	at java.base/java.lang.Thread.run(Thread.java:833)
2026-05-14 16:45:25 INFO  [RMI TCP Connection(247)-127.0.0.1] com.zaxxer.hikari.HikariDataSource requestId= tenantId= hospitalId= branchId= userId= - HikariPool-1 - Shutdown initiated...
2026-05-14 16:45:25 INFO  [RMI TCP Connection(247)-127.0.0.1] com.zaxxer.hikari.HikariDataSource requestId= tenantId= hospitalId= branchId= userId= - HikariPool-1 - Shutdown completed.
