2026-05-13 08:58:43 INFO  [http-nio-8095-exec-1] o.a.c.c.C.[Tomcat].[localhost].[/] requestId= tenantId= hospitalId= branchId= userId= - Initializing Spring DispatcherServlet 'dispatcherServlet'
2026-05-13 08:58:43 INFO  [http-nio-8095-exec-1] o.s.web.servlet.DispatcherServlet requestId= tenantId= hospitalId= branchId= userId= - Initializing Servlet 'dispatcherServlet'
2026-05-13 08:58:43 INFO  [http-nio-8095-exec-1] o.s.web.servlet.DispatcherServlet requestId= tenantId= hospitalId= branchId= userId= - Completed initialization in 69 ms
2026-05-13 08:58:43 INFO  [http-nio-8095-exec-1] c.p.d.p.p.c.PaymentReportController requestId=req_20260512_009 tenantId=1 hospitalId=1 branchId=br_main userId=1 - Get reconciliation run API called. runId=1
2026-05-13 08:58:43 INFO  [http-nio-8095-exec-1] c.p.d.p.p.s.PaymentReportService requestId=req_20260512_009 tenantId=1 hospitalId=1 branchId=br_main userId=1 - Fetching reconciliation run. tenantId=1 hospitalId=1 branchId=br_main runId=1
2026-05-13 08:58:43 INFO  [http-nio-8095-exec-1] com.zaxxer.hikari.HikariDataSource requestId=req_20260512_009 tenantId=1 hospitalId=1 branchId=br_main userId=1 - HikariPool-1 - Starting...
2026-05-13 08:58:44 INFO  [http-nio-8095-exec-1] com.zaxxer.hikari.pool.HikariPool requestId=req_20260512_009 tenantId=1 hospitalId=1 branchId=br_main userId=1 - HikariPool-1 - Added connection com.mysql.cj.jdbc.ConnectionImpl@6f77130
2026-05-13 08:58:44 INFO  [http-nio-8095-exec-1] com.zaxxer.hikari.HikariDataSource requestId=req_20260512_009 tenantId=1 hospitalId=1 branchId=br_main userId=1 - HikariPool-1 - Start completed.
2026-05-13 09:00:58 INFO  [http-nio-8095-exec-4] c.p.d.p.p.c.PaymentReportController requestId=req_20260512_009 tenantId=1 hospitalId=1 branchId=br_main userId=1 - Get reconciliation run API called. runId=99999
2026-05-13 09:00:58 INFO  [http-nio-8095-exec-4] c.p.d.p.p.s.PaymentReportService requestId=req_20260512_009 tenantId=1 hospitalId=1 branchId=br_main userId=1 - Fetching reconciliation run. tenantId=1 hospitalId=1 branchId=br_main runId=99999
2026-05-13 09:00:58 WARN  [http-nio-8095-exec-4] c.p.d.p.c.e.GlobalExceptionHandler requestId=req_20260512_009 tenantId=1 hospitalId=1 branchId=br_main userId=1 - Handled API exception. code=NOT_FOUND message=Reconciliation run not found.
2026-05-13 09:00:58 WARN  [http-nio-8095-exec-4] o.s.w.s.m.m.a.ExceptionHandlerExceptionResolver requestId=req_20260512_009 tenantId=1 hospitalId=1 branchId=br_main userId=1 - Resolved [com.plasmit.diagnostics.payment.common.exception.ApiException: Reconciliation run not found.]
2026-05-13 09:01:13 INFO  [http-nio-8095-exec-6] c.p.d.p.p.c.PaymentReportController requestId=req_20260512_009 tenantId=1 hospitalId=1 branchId=br_main userId=1 - Get reconciliation run API called. runId=1
2026-05-13 09:01:13 INFO  [http-nio-8095-exec-6] c.p.d.p.p.s.PaymentReportService requestId=req_20260512_009 tenantId=1 hospitalId=1 branchId=br_main userId=1 - Fetching reconciliation run. tenantId=1 hospitalId=1 branchId=br_main runId=1
2026-05-13 09:06:46 INFO  [File Watcher] o.s.b.d.a.LocalDevToolsAutoConfiguration$RestartingClassPathChangeChangedEventListener requestId= tenantId= hospitalId= branchId= userId= - Restarting due to 1 class path change (1 addition, 0 deletions, 0 modifications)
2026-05-13 09:06:46 INFO  [Thread-1] o.s.b.w.e.tomcat.GracefulShutdown requestId= tenantId= hospitalId= branchId= userId= - Commencing graceful shutdown. Waiting for active requests to complete
2026-05-13 09:06:46 INFO  [tomcat-shutdown] o.s.b.w.e.tomcat.GracefulShutdown requestId= tenantId= hospitalId= branchId= userId= - Graceful shutdown complete
2026-05-13 09:06:46 INFO  [Thread-1] com.zaxxer.hikari.HikariDataSource requestId= tenantId= hospitalId= branchId= userId= - HikariPool-1 - Shutdown initiated...
2026-05-13 09:06:46 INFO  [Thread-1] com.zaxxer.hikari.HikariDataSource requestId= tenantId= hospitalId= branchId= userId= - HikariPool-1 - Shutdown completed.
2026-05-13 09:06:46 INFO  [restartedMain] c.p.d.p.DiagnosticsPaymentServiceApplication requestId= tenantId= hospitalId= branchId= userId= - Starting DiagnosticsPaymentServiceApplication using Java 17.0.8 with PID 24996 (C:\Users\ms\OneDrive\Desktop\diagnostics-payment-service\target\classes started by ms in C:\Users\ms\OneDrive\Desktop\diagnostics-payment-service)
2026-05-13 09:06:46 DEBUG [restartedMain] c.p.d.p.DiagnosticsPaymentServiceApplication requestId= tenantId= hospitalId= branchId= userId= - Running with Spring Boot v3.4.4, Spring v6.2.5
2026-05-13 09:06:46 INFO  [restartedMain] c.p.d.p.DiagnosticsPaymentServiceApplication requestId= tenantId= hospitalId= branchId= userId= - No active profile set, falling back to 1 default profile: "default"
2026-05-13 09:06:47 INFO  [restartedMain] o.s.b.w.e.tomcat.TomcatWebServer requestId= tenantId= hospitalId= branchId= userId= - Tomcat initialized with port 8095 (http)
2026-05-13 09:06:47 INFO  [restartedMain] o.a.catalina.core.StandardService requestId= tenantId= hospitalId= branchId= userId= - Starting service [Tomcat]
2026-05-13 09:06:47 INFO  [restartedMain] o.a.catalina.core.StandardEngine requestId= tenantId= hospitalId= branchId= userId= - Starting Servlet engine: [Apache Tomcat/10.1.39]
2026-05-13 09:06:47 INFO  [restartedMain] o.a.c.c.C.[Tomcat].[localhost].[/] requestId= tenantId= hospitalId= branchId= userId= - Initializing Spring embedded WebApplicationContext
2026-05-13 09:06:47 INFO  [restartedMain] o.s.b.w.s.c.ServletWebServerApplicationContext requestId= tenantId= hospitalId= branchId= userId= - Root WebApplicationContext: initialization completed in 1044 ms
2026-05-13 09:06:47 DEBUG [restartedMain] c.p.d.p.s.JwtAuthenticationFilter requestId= tenantId= hospitalId= branchId= userId= - Filter 'jwtAuthenticationFilter' configured for use
2026-05-13 09:06:47 DEBUG [restartedMain] c.p.d.p.logging.RequestMdcFilter requestId= tenantId= hospitalId= branchId= userId= - Filter 'requestMdcFilter' configured for use
2026-05-13 09:06:48 WARN  [restartedMain] o.s.b.a.s.s.UserDetailsServiceAutoConfiguration requestId= tenantId= hospitalId= branchId= userId= - 

Using generated security password: 282c24a0-496c-4f4b-b001-047aceb5be8d

This generated password is for development use only. Your security configuration must be updated before running your application in production.

2026-05-13 09:06:48 INFO  [restartedMain] o.s.s.c.a.a.c.InitializeUserDetailsBeanManagerConfigurer$InitializeUserDetailsManagerConfigurer requestId= tenantId= hospitalId= branchId= userId= - Global AuthenticationManager configured with UserDetailsService bean with name inMemoryUserDetailsManager
2026-05-13 09:07:00 WARN  [restartedMain] o.s.b.d.a.OptionalLiveReloadServer requestId= tenantId= hospitalId= branchId= userId= - Unable to start LiveReload server
2026-05-13 09:07:00 INFO  [restartedMain] o.s.b.w.e.tomcat.TomcatWebServer requestId= tenantId= hospitalId= branchId= userId= - Tomcat started on port 8095 (http) with context path '/'
2026-05-13 09:07:00 INFO  [restartedMain] c.p.d.p.DiagnosticsPaymentServiceApplication requestId= tenantId= hospitalId= branchId= userId= - Started DiagnosticsPaymentServiceApplication in 14.298 seconds (process running for 42925.54)
2026-05-13 09:07:01 INFO  [restartedMain] o.s.b.d.a.ConditionEvaluationDeltaLoggingListener requestId= tenantId= hospitalId= branchId= userId= - Condition evaluation unchanged
2026-05-13 09:07:45 INFO  [File Watcher] o.s.b.d.a.LocalDevToolsAutoConfiguration$RestartingClassPathChangeChangedEventListener requestId= tenantId= hospitalId= branchId= userId= - Restarting due to 1 class path change (1 addition, 0 deletions, 0 modifications)
2026-05-13 09:07:45 INFO  [Thread-5] o.s.b.w.e.tomcat.GracefulShutdown requestId= tenantId= hospitalId= branchId= userId= - Commencing graceful shutdown. Waiting for active requests to complete
2026-05-13 09:07:45 INFO  [tomcat-shutdown] o.s.b.w.e.tomcat.GracefulShutdown requestId= tenantId= hospitalId= branchId= userId= - Graceful shutdown complete
2026-05-13 09:07:45 INFO  [restartedMain] c.p.d.p.DiagnosticsPaymentServiceApplication requestId= tenantId= hospitalId= branchId= userId= - Starting DiagnosticsPaymentServiceApplication using Java 17.0.8 with PID 24996 (C:\Users\ms\OneDrive\Desktop\diagnostics-payment-service\target\classes started by ms in C:\Users\ms\OneDrive\Desktop\diagnostics-payment-service)
2026-05-13 09:07:45 DEBUG [restartedMain] c.p.d.p.DiagnosticsPaymentServiceApplication requestId= tenantId= hospitalId= branchId= userId= - Running with Spring Boot v3.4.4, Spring v6.2.5
2026-05-13 09:07:45 INFO  [restartedMain] c.p.d.p.DiagnosticsPaymentServiceApplication requestId= tenantId= hospitalId= branchId= userId= - No active profile set, falling back to 1 default profile: "default"
2026-05-13 09:07:46 INFO  [restartedMain] o.s.b.w.e.tomcat.TomcatWebServer requestId= tenantId= hospitalId= branchId= userId= - Tomcat initialized with port 8095 (http)
2026-05-13 09:07:46 INFO  [restartedMain] o.a.catalina.core.StandardService requestId= tenantId= hospitalId= branchId= userId= - Starting service [Tomcat]
2026-05-13 09:07:46 INFO  [restartedMain] o.a.catalina.core.StandardEngine requestId= tenantId= hospitalId= branchId= userId= - Starting Servlet engine: [Apache Tomcat/10.1.39]
2026-05-13 09:07:46 INFO  [restartedMain] o.a.c.c.C.[Tomcat].[localhost].[/] requestId= tenantId= hospitalId= branchId= userId= - Initializing Spring embedded WebApplicationContext
2026-05-13 09:07:46 INFO  [restartedMain] o.s.b.w.s.c.ServletWebServerApplicationContext requestId= tenantId= hospitalId= branchId= userId= - Root WebApplicationContext: initialization completed in 1036 ms
2026-05-13 09:07:46 DEBUG [restartedMain] c.p.d.p.s.JwtAuthenticationFilter requestId= tenantId= hospitalId= branchId= userId= - Filter 'jwtAuthenticationFilter' configured for use
2026-05-13 09:07:46 DEBUG [restartedMain] c.p.d.p.logging.RequestMdcFilter requestId= tenantId= hospitalId= branchId= userId= - Filter 'requestMdcFilter' configured for use
2026-05-13 09:07:46 WARN  [restartedMain] o.s.b.a.s.s.UserDetailsServiceAutoConfiguration requestId= tenantId= hospitalId= branchId= userId= - 

Using generated security password: 7c35d6a4-8b75-47c5-9690-7000e0cf555b

This generated password is for development use only. Your security configuration must be updated before running your application in production.

2026-05-13 09:07:46 INFO  [restartedMain] o.s.s.c.a.a.c.InitializeUserDetailsBeanManagerConfigurer$InitializeUserDetailsManagerConfigurer requestId= tenantId= hospitalId= branchId= userId= - Global AuthenticationManager configured with UserDetailsService bean with name inMemoryUserDetailsManager
2026-05-13 09:07:47 WARN  [restartedMain] o.s.b.d.a.OptionalLiveReloadServer requestId= tenantId= hospitalId= branchId= userId= - Unable to start LiveReload server
2026-05-13 09:07:47 INFO  [restartedMain] o.s.b.w.e.tomcat.TomcatWebServer requestId= tenantId= hospitalId= branchId= userId= - Tomcat started on port 8095 (http) with context path '/'
2026-05-13 09:07:47 INFO  [restartedMain] c.p.d.p.DiagnosticsPaymentServiceApplication requestId= tenantId= hospitalId= branchId= userId= - Started DiagnosticsPaymentServiceApplication in 2.033 seconds (process running for 42971.97)
2026-05-13 09:07:47 INFO  [restartedMain] o.s.b.d.a.ConditionEvaluationDeltaLoggingListener requestId= tenantId= hospitalId= branchId= userId= - Condition evaluation unchanged
2026-05-13 09:08:04 INFO  [File Watcher] o.s.b.d.a.LocalDevToolsAutoConfiguration$RestartingClassPathChangeChangedEventListener requestId= tenantId= hospitalId= branchId= userId= - Restarting due to 1 class path change (0 additions, 0 deletions, 1 modification)
2026-05-13 09:08:04 INFO  [Thread-9] o.s.b.w.e.tomcat.GracefulShutdown requestId= tenantId= hospitalId= branchId= userId= - Commencing graceful shutdown. Waiting for active requests to complete
2026-05-13 09:08:05 INFO  [tomcat-shutdown] o.s.b.w.e.tomcat.GracefulShutdown requestId= tenantId= hospitalId= branchId= userId= - Graceful shutdown complete
2026-05-13 09:08:06 INFO  [restartedMain] c.p.d.p.DiagnosticsPaymentServiceApplication requestId= tenantId= hospitalId= branchId= userId= - Starting DiagnosticsPaymentServiceApplication using Java 17.0.8 with PID 24996 (C:\Users\ms\OneDrive\Desktop\diagnostics-payment-service\target\classes started by ms in C:\Users\ms\OneDrive\Desktop\diagnostics-payment-service)
2026-05-13 09:08:06 DEBUG [restartedMain] c.p.d.p.DiagnosticsPaymentServiceApplication requestId= tenantId= hospitalId= branchId= userId= - Running with Spring Boot v3.4.4, Spring v6.2.5
2026-05-13 09:08:06 INFO  [restartedMain] c.p.d.p.DiagnosticsPaymentServiceApplication requestId= tenantId= hospitalId= branchId= userId= - No active profile set, falling back to 1 default profile: "default"
2026-05-13 09:08:11 INFO  [restartedMain] o.s.b.w.e.tomcat.TomcatWebServer requestId= tenantId= hospitalId= branchId= userId= - Tomcat initialized with port 8095 (http)
2026-05-13 09:08:11 INFO  [restartedMain] o.a.catalina.core.StandardService requestId= tenantId= hospitalId= branchId= userId= - Starting service [Tomcat]
2026-05-13 09:08:11 INFO  [restartedMain] o.a.catalina.core.StandardEngine requestId= tenantId= hospitalId= branchId= userId= - Starting Servlet engine: [Apache Tomcat/10.1.39]
2026-05-13 09:08:11 INFO  [restartedMain] o.a.c.c.C.[Tomcat].[localhost].[/] requestId= tenantId= hospitalId= branchId= userId= - Initializing Spring embedded WebApplicationContext
2026-05-13 09:08:11 INFO  [restartedMain] o.s.b.w.s.c.ServletWebServerApplicationContext requestId= tenantId= hospitalId= branchId= userId= - Root WebApplicationContext: initialization completed in 5701 ms
2026-05-13 09:08:11 DEBUG [restartedMain] c.p.d.p.s.JwtAuthenticationFilter requestId= tenantId= hospitalId= branchId= userId= - Filter 'jwtAuthenticationFilter' configured for use
2026-05-13 09:08:11 DEBUG [restartedMain] c.p.d.p.logging.RequestMdcFilter requestId= tenantId= hospitalId= branchId= userId= - Filter 'requestMdcFilter' configured for use
2026-05-13 09:08:24 WARN  [restartedMain] o.s.b.a.s.s.UserDetailsServiceAutoConfiguration requestId= tenantId= hospitalId= branchId= userId= - 

Using generated security password: 93199d82-55e0-4332-aaa0-c74985ed6737

This generated password is for development use only. Your security configuration must be updated before running your application in production.

2026-05-13 09:08:24 INFO  [restartedMain] o.s.s.c.a.a.c.InitializeUserDetailsBeanManagerConfigurer$InitializeUserDetailsManagerConfigurer requestId= tenantId= hospitalId= branchId= userId= - Global AuthenticationManager configured with UserDetailsService bean with name inMemoryUserDetailsManager
2026-05-13 09:08:24 WARN  [restartedMain] o.s.b.d.a.OptionalLiveReloadServer requestId= tenantId= hospitalId= branchId= userId= - Unable to start LiveReload server
2026-05-13 09:08:24 INFO  [restartedMain] o.s.b.w.e.tomcat.TomcatWebServer requestId= tenantId= hospitalId= branchId= userId= - Tomcat started on port 8095 (http) with context path '/'
2026-05-13 09:08:24 INFO  [restartedMain] c.p.d.p.DiagnosticsPaymentServiceApplication requestId= tenantId= hospitalId= branchId= userId= - Started DiagnosticsPaymentServiceApplication in 18.771 seconds (process running for 43009.277)
2026-05-13 09:08:24 INFO  [restartedMain] o.s.b.d.a.ConditionEvaluationDeltaLoggingListener requestId= tenantId= hospitalId= branchId= userId= - Condition evaluation unchanged
2026-05-13 09:09:27 INFO  [File Watcher] o.s.b.d.a.LocalDevToolsAutoConfiguration$RestartingClassPathChangeChangedEventListener requestId= tenantId= hospitalId= branchId= userId= - Restarting due to 1 class path change (0 additions, 0 deletions, 1 modification)
2026-05-13 09:09:27 INFO  [Thread-13] o.s.b.w.e.tomcat.GracefulShutdown requestId= tenantId= hospitalId= branchId= userId= - Commencing graceful shutdown. Waiting for active requests to complete
2026-05-13 09:09:27 INFO  [tomcat-shutdown] o.s.b.w.e.tomcat.GracefulShutdown requestId= tenantId= hospitalId= branchId= userId= - Graceful shutdown complete
2026-05-13 09:09:28 INFO  [restartedMain] c.p.d.p.DiagnosticsPaymentServiceApplication requestId= tenantId= hospitalId= branchId= userId= - Starting DiagnosticsPaymentServiceApplication using Java 17.0.8 with PID 24996 (C:\Users\ms\OneDrive\Desktop\diagnostics-payment-service\target\classes started by ms in C:\Users\ms\OneDrive\Desktop\diagnostics-payment-service)
2026-05-13 09:09:28 DEBUG [restartedMain] c.p.d.p.DiagnosticsPaymentServiceApplication requestId= tenantId= hospitalId= branchId= userId= - Running with Spring Boot v3.4.4, Spring v6.2.5
2026-05-13 09:09:28 INFO  [restartedMain] c.p.d.p.DiagnosticsPaymentServiceApplication requestId= tenantId= hospitalId= branchId= userId= - No active profile set, falling back to 1 default profile: "default"
2026-05-13 09:09:28 INFO  [restartedMain] o.s.b.w.e.tomcat.TomcatWebServer requestId= tenantId= hospitalId= branchId= userId= - Tomcat initialized with port 8095 (http)
2026-05-13 09:09:28 INFO  [restartedMain] o.a.catalina.core.StandardService requestId= tenantId= hospitalId= branchId= userId= - Starting service [Tomcat]
2026-05-13 09:09:28 INFO  [restartedMain] o.a.catalina.core.StandardEngine requestId= tenantId= hospitalId= branchId= userId= - Starting Servlet engine: [Apache Tomcat/10.1.39]
2026-05-13 09:09:28 INFO  [restartedMain] o.a.c.c.C.[Tomcat].[localhost].[/] requestId= tenantId= hospitalId= branchId= userId= - Initializing Spring embedded WebApplicationContext
2026-05-13 09:09:28 INFO  [restartedMain] o.s.b.w.s.c.ServletWebServerApplicationContext requestId= tenantId= hospitalId= branchId= userId= - Root WebApplicationContext: initialization completed in 631 ms
2026-05-13 09:09:28 DEBUG [restartedMain] c.p.d.p.s.JwtAuthenticationFilter requestId= tenantId= hospitalId= branchId= userId= - Filter 'jwtAuthenticationFilter' configured for use
2026-05-13 09:09:28 DEBUG [restartedMain] c.p.d.p.logging.RequestMdcFilter requestId= tenantId= hospitalId= branchId= userId= - Filter 'requestMdcFilter' configured for use
2026-05-13 09:09:29 WARN  [restartedMain] o.s.b.a.s.s.UserDetailsServiceAutoConfiguration requestId= tenantId= hospitalId= branchId= userId= - 

Using generated security password: 8590b763-db9f-46d3-8895-9f02ef953e11

This generated password is for development use only. Your security configuration must be updated before running your application in production.

2026-05-13 09:09:29 INFO  [restartedMain] o.s.s.c.a.a.c.InitializeUserDetailsBeanManagerConfigurer$InitializeUserDetailsManagerConfigurer requestId= tenantId= hospitalId= branchId= userId= - Global AuthenticationManager configured with UserDetailsService bean with name inMemoryUserDetailsManager
2026-05-13 09:09:31 WARN  [restartedMain] o.s.b.d.a.OptionalLiveReloadServer requestId= tenantId= hospitalId= branchId= userId= - Unable to start LiveReload server
2026-05-13 09:09:31 INFO  [restartedMain] o.s.b.w.e.tomcat.TomcatWebServer requestId= tenantId= hospitalId= branchId= userId= - Tomcat started on port 8095 (http) with context path '/'
2026-05-13 09:09:31 INFO  [restartedMain] c.p.d.p.DiagnosticsPaymentServiceApplication requestId= tenantId= hospitalId= branchId= userId= - Started DiagnosticsPaymentServiceApplication in 3.249 seconds (process running for 43075.839)
2026-05-13 09:09:31 INFO  [restartedMain] o.s.b.d.a.ConditionEvaluationDeltaLoggingListener requestId= tenantId= hospitalId= branchId= userId= - Condition evaluation unchanged
2026-05-13 09:10:47 INFO  [File Watcher] o.s.b.d.a.LocalDevToolsAutoConfiguration$RestartingClassPathChangeChangedEventListener requestId= tenantId= hospitalId= branchId= userId= - Restarting due to 1 class path change (0 additions, 0 deletions, 1 modification)
2026-05-13 09:10:47 INFO  [Thread-17] o.s.b.w.e.tomcat.GracefulShutdown requestId= tenantId= hospitalId= branchId= userId= - Commencing graceful shutdown. Waiting for active requests to complete
2026-05-13 09:10:47 INFO  [tomcat-shutdown] o.s.b.w.e.tomcat.GracefulShutdown requestId= tenantId= hospitalId= branchId= userId= - Graceful shutdown complete
2026-05-13 09:10:47 INFO  [restartedMain] c.p.d.p.DiagnosticsPaymentServiceApplication requestId= tenantId= hospitalId= branchId= userId= - Starting DiagnosticsPaymentServiceApplication using Java 17.0.8 with PID 24996 (C:\Users\ms\OneDrive\Desktop\diagnostics-payment-service\target\classes started by ms in C:\Users\ms\OneDrive\Desktop\diagnostics-payment-service)
2026-05-13 09:10:47 DEBUG [restartedMain] c.p.d.p.DiagnosticsPaymentServiceApplication requestId= tenantId= hospitalId= branchId= userId= - Running with Spring Boot v3.4.4, Spring v6.2.5
2026-05-13 09:10:47 INFO  [restartedMain] c.p.d.p.DiagnosticsPaymentServiceApplication requestId= tenantId= hospitalId= branchId= userId= - No active profile set, falling back to 1 default profile: "default"
2026-05-13 09:10:48 INFO  [restartedMain] o.s.b.w.e.tomcat.TomcatWebServer requestId= tenantId= hospitalId= branchId= userId= - Tomcat initialized with port 8095 (http)
2026-05-13 09:10:48 INFO  [restartedMain] o.a.catalina.core.StandardService requestId= tenantId= hospitalId= branchId= userId= - Starting service [Tomcat]
2026-05-13 09:10:48 INFO  [restartedMain] o.a.catalina.core.StandardEngine requestId= tenantId= hospitalId= branchId= userId= - Starting Servlet engine: [Apache Tomcat/10.1.39]
2026-05-13 09:10:48 INFO  [restartedMain] o.a.c.c.C.[Tomcat].[localhost].[/] requestId= tenantId= hospitalId= branchId= userId= - Initializing Spring embedded WebApplicationContext
2026-05-13 09:10:48 INFO  [restartedMain] o.s.b.w.s.c.ServletWebServerApplicationContext requestId= tenantId= hospitalId= branchId= userId= - Root WebApplicationContext: initialization completed in 659 ms
2026-05-13 09:10:48 DEBUG [restartedMain] c.p.d.p.s.JwtAuthenticationFilter requestId= tenantId= hospitalId= branchId= userId= - Filter 'jwtAuthenticationFilter' configured for use
2026-05-13 09:10:48 DEBUG [restartedMain] c.p.d.p.logging.RequestMdcFilter requestId= tenantId= hospitalId= branchId= userId= - Filter 'requestMdcFilter' configured for use
2026-05-13 09:10:48 WARN  [restartedMain] o.s.b.a.s.s.UserDetailsServiceAutoConfiguration requestId= tenantId= hospitalId= branchId= userId= - 

Using generated security password: 19f48d15-88cd-4934-8146-d90883e798c4

This generated password is for development use only. Your security configuration must be updated before running your application in production.

2026-05-13 09:10:48 INFO  [restartedMain] o.s.s.c.a.a.c.InitializeUserDetailsBeanManagerConfigurer$InitializeUserDetailsManagerConfigurer requestId= tenantId= hospitalId= branchId= userId= - Global AuthenticationManager configured with UserDetailsService bean with name inMemoryUserDetailsManager
2026-05-13 09:10:49 WARN  [restartedMain] o.s.b.d.a.OptionalLiveReloadServer requestId= tenantId= hospitalId= branchId= userId= - Unable to start LiveReload server
2026-05-13 09:10:49 INFO  [restartedMain] o.s.b.w.e.tomcat.TomcatWebServer requestId= tenantId= hospitalId= branchId= userId= - Tomcat started on port 8095 (http) with context path '/'
2026-05-13 09:10:49 INFO  [restartedMain] c.p.d.p.DiagnosticsPaymentServiceApplication requestId= tenantId= hospitalId= branchId= userId= - Started DiagnosticsPaymentServiceApplication in 1.457 seconds (process running for 43153.854)
2026-05-13 09:10:49 INFO  [restartedMain] o.s.b.d.a.ConditionEvaluationDeltaLoggingListener requestId= tenantId= hospitalId= branchId= userId= - Condition evaluation unchanged
2026-05-13 09:11:38 INFO  [File Watcher] o.s.b.d.a.LocalDevToolsAutoConfiguration$RestartingClassPathChangeChangedEventListener requestId= tenantId= hospitalId= branchId= userId= - Restarting due to 3 class path changes (0 additions, 0 deletions, 3 modifications)
2026-05-13 09:11:38 INFO  [Thread-21] o.s.b.w.e.tomcat.GracefulShutdown requestId= tenantId= hospitalId= branchId= userId= - Commencing graceful shutdown. Waiting for active requests to complete
2026-05-13 09:11:38 INFO  [tomcat-shutdown] o.s.b.w.e.tomcat.GracefulShutdown requestId= tenantId= hospitalId= branchId= userId= - Graceful shutdown complete
2026-05-13 09:11:38 INFO  [restartedMain] c.p.d.p.DiagnosticsPaymentServiceApplication requestId= tenantId= hospitalId= branchId= userId= - Starting DiagnosticsPaymentServiceApplication using Java 17.0.8 with PID 24996 (C:\Users\ms\OneDrive\Desktop\diagnostics-payment-service\target\classes started by ms in C:\Users\ms\OneDrive\Desktop\diagnostics-payment-service)
2026-05-13 09:11:38 DEBUG [restartedMain] c.p.d.p.DiagnosticsPaymentServiceApplication requestId= tenantId= hospitalId= branchId= userId= - Running with Spring Boot v3.4.4, Spring v6.2.5
2026-05-13 09:11:38 INFO  [restartedMain] c.p.d.p.DiagnosticsPaymentServiceApplication requestId= tenantId= hospitalId= branchId= userId= - No active profile set, falling back to 1 default profile: "default"
2026-05-13 09:11:39 INFO  [restartedMain] o.s.b.w.e.tomcat.TomcatWebServer requestId= tenantId= hospitalId= branchId= userId= - Tomcat initialized with port 8095 (http)
2026-05-13 09:11:39 INFO  [restartedMain] o.a.catalina.core.StandardService requestId= tenantId= hospitalId= branchId= userId= - Starting service [Tomcat]
2026-05-13 09:11:39 INFO  [restartedMain] o.a.catalina.core.StandardEngine requestId= tenantId= hospitalId= branchId= userId= - Starting Servlet engine: [Apache Tomcat/10.1.39]
2026-05-13 09:11:39 INFO  [restartedMain] o.a.c.c.C.[Tomcat].[localhost].[/] requestId= tenantId= hospitalId= branchId= userId= - Initializing Spring embedded WebApplicationContext
2026-05-13 09:11:39 INFO  [restartedMain] o.s.b.w.s.c.ServletWebServerApplicationContext requestId= tenantId= hospitalId= branchId= userId= - Root WebApplicationContext: initialization completed in 881 ms
2026-05-13 09:11:39 DEBUG [restartedMain] c.p.d.p.s.JwtAuthenticationFilter requestId= tenantId= hospitalId= branchId= userId= - Filter 'jwtAuthenticationFilter' configured for use
2026-05-13 09:11:39 DEBUG [restartedMain] c.p.d.p.logging.RequestMdcFilter requestId= tenantId= hospitalId= branchId= userId= - Filter 'requestMdcFilter' configured for use
2026-05-13 09:11:39 WARN  [restartedMain] o.s.b.a.s.s.UserDetailsServiceAutoConfiguration requestId= tenantId= hospitalId= branchId= userId= - 

Using generated security password: e185e973-5852-4d55-8d03-fd34d9be7999

This generated password is for development use only. Your security configuration must be updated before running your application in production.

2026-05-13 09:11:39 INFO  [restartedMain] o.s.s.c.a.a.c.InitializeUserDetailsBeanManagerConfigurer$InitializeUserDetailsManagerConfigurer requestId= tenantId= hospitalId= branchId= userId= - Global AuthenticationManager configured with UserDetailsService bean with name inMemoryUserDetailsManager
2026-05-13 09:11:41 WARN  [restartedMain] o.s.b.d.a.OptionalLiveReloadServer requestId= tenantId= hospitalId= branchId= userId= - Unable to start LiveReload server
2026-05-13 09:11:41 INFO  [restartedMain] o.s.b.w.e.tomcat.TomcatWebServer requestId= tenantId= hospitalId= branchId= userId= - Tomcat started on port 8095 (http) with context path '/'
2026-05-13 09:11:41 INFO  [restartedMain] c.p.d.p.DiagnosticsPaymentServiceApplication requestId= tenantId= hospitalId= branchId= userId= - Started DiagnosticsPaymentServiceApplication in 3.368 seconds (process running for 43206.351)
2026-05-13 09:11:41 INFO  [restartedMain] o.s.b.d.a.ConditionEvaluationDeltaLoggingListener requestId= tenantId= hospitalId= branchId= userId= - Condition evaluation unchanged
2026-05-13 09:15:41 INFO  [File Watcher] o.s.b.d.a.LocalDevToolsAutoConfiguration$RestartingClassPathChangeChangedEventListener requestId= tenantId= hospitalId= branchId= userId= - Restarting due to 1 class path change (0 additions, 0 deletions, 1 modification)
2026-05-13 09:15:41 INFO  [Thread-25] o.s.b.w.e.tomcat.GracefulShutdown requestId= tenantId= hospitalId= branchId= userId= - Commencing graceful shutdown. Waiting for active requests to complete
2026-05-13 09:15:41 INFO  [tomcat-shutdown] o.s.b.w.e.tomcat.GracefulShutdown requestId= tenantId= hospitalId= branchId= userId= - Graceful shutdown complete
2026-05-13 09:15:41 INFO  [restartedMain] c.p.d.p.DiagnosticsPaymentServiceApplication requestId= tenantId= hospitalId= branchId= userId= - Starting DiagnosticsPaymentServiceApplication using Java 17.0.8 with PID 24996 (C:\Users\ms\OneDrive\Desktop\diagnostics-payment-service\target\classes started by ms in C:\Users\ms\OneDrive\Desktop\diagnostics-payment-service)
2026-05-13 09:15:41 DEBUG [restartedMain] c.p.d.p.DiagnosticsPaymentServiceApplication requestId= tenantId= hospitalId= branchId= userId= - Running with Spring Boot v3.4.4, Spring v6.2.5
2026-05-13 09:15:41 INFO  [restartedMain] c.p.d.p.DiagnosticsPaymentServiceApplication requestId= tenantId= hospitalId= branchId= userId= - No active profile set, falling back to 1 default profile: "default"
2026-05-13 09:15:42 INFO  [restartedMain] o.s.b.w.e.tomcat.TomcatWebServer requestId= tenantId= hospitalId= branchId= userId= - Tomcat initialized with port 8095 (http)
2026-05-13 09:15:42 INFO  [restartedMain] o.a.catalina.core.StandardService requestId= tenantId= hospitalId= branchId= userId= - Starting service [Tomcat]
2026-05-13 09:15:42 INFO  [restartedMain] o.a.catalina.core.StandardEngine requestId= tenantId= hospitalId= branchId= userId= - Starting Servlet engine: [Apache Tomcat/10.1.39]
2026-05-13 09:15:42 INFO  [restartedMain] o.a.c.c.C.[Tomcat].[localhost].[/] requestId= tenantId= hospitalId= branchId= userId= - Initializing Spring embedded WebApplicationContext
2026-05-13 09:15:42 INFO  [restartedMain] o.s.b.w.s.c.ServletWebServerApplicationContext requestId= tenantId= hospitalId= branchId= userId= - Root WebApplicationContext: initialization completed in 760 ms
2026-05-13 09:15:42 DEBUG [restartedMain] c.p.d.p.s.JwtAuthenticationFilter requestId= tenantId= hospitalId= branchId= userId= - Filter 'jwtAuthenticationFilter' configured for use
2026-05-13 09:15:42 DEBUG [restartedMain] c.p.d.p.logging.RequestMdcFilter requestId= tenantId= hospitalId= branchId= userId= - Filter 'requestMdcFilter' configured for use
2026-05-13 09:15:42 WARN  [restartedMain] o.s.b.a.s.s.UserDetailsServiceAutoConfiguration requestId= tenantId= hospitalId= branchId= userId= - 

Using generated security password: ebcffee2-41d5-4f84-9574-307de2262f18

This generated password is for development use only. Your security configuration must be updated before running your application in production.

2026-05-13 09:15:42 INFO  [restartedMain] o.s.s.c.a.a.c.InitializeUserDetailsBeanManagerConfigurer$InitializeUserDetailsManagerConfigurer requestId= tenantId= hospitalId= branchId= userId= - Global AuthenticationManager configured with UserDetailsService bean with name inMemoryUserDetailsManager
2026-05-13 09:15:45 WARN  [restartedMain] o.s.b.d.a.OptionalLiveReloadServer requestId= tenantId= hospitalId= branchId= userId= - Unable to start LiveReload server
2026-05-13 09:15:45 INFO  [restartedMain] o.s.b.w.e.tomcat.TomcatWebServer requestId= tenantId= hospitalId= branchId= userId= - Tomcat started on port 8095 (http) with context path '/'
2026-05-13 09:15:45 INFO  [restartedMain] c.p.d.p.DiagnosticsPaymentServiceApplication requestId= tenantId= hospitalId= branchId= userId= - Started DiagnosticsPaymentServiceApplication in 3.477 seconds (process running for 43449.918)
2026-05-13 09:15:45 INFO  [restartedMain] o.s.b.d.a.ConditionEvaluationDeltaLoggingListener requestId= tenantId= hospitalId= branchId= userId= - Condition evaluation unchanged
2026-05-13 09:18:21 INFO  [File Watcher] o.s.b.d.a.LocalDevToolsAutoConfiguration$RestartingClassPathChangeChangedEventListener requestId= tenantId= hospitalId= branchId= userId= - Restarting due to 1 class path change (0 additions, 0 deletions, 1 modification)
2026-05-13 09:18:21 INFO  [Thread-29] o.s.b.w.e.tomcat.GracefulShutdown requestId= tenantId= hospitalId= branchId= userId= - Commencing graceful shutdown. Waiting for active requests to complete
2026-05-13 09:18:21 INFO  [tomcat-shutdown] o.s.b.w.e.tomcat.GracefulShutdown requestId= tenantId= hospitalId= branchId= userId= - Graceful shutdown complete
2026-05-13 09:18:21 INFO  [restartedMain] c.p.d.p.DiagnosticsPaymentServiceApplication requestId= tenantId= hospitalId= branchId= userId= - Starting DiagnosticsPaymentServiceApplication using Java 17.0.8 with PID 24996 (C:\Users\ms\OneDrive\Desktop\diagnostics-payment-service\target\classes started by ms in C:\Users\ms\OneDrive\Desktop\diagnostics-payment-service)
2026-05-13 09:18:21 DEBUG [restartedMain] c.p.d.p.DiagnosticsPaymentServiceApplication requestId= tenantId= hospitalId= branchId= userId= - Running with Spring Boot v3.4.4, Spring v6.2.5
2026-05-13 09:18:21 INFO  [restartedMain] c.p.d.p.DiagnosticsPaymentServiceApplication requestId= tenantId= hospitalId= branchId= userId= - No active profile set, falling back to 1 default profile: "default"
2026-05-13 09:18:22 INFO  [restartedMain] o.s.b.w.e.tomcat.TomcatWebServer requestId= tenantId= hospitalId= branchId= userId= - Tomcat initialized with port 8095 (http)
2026-05-13 09:18:22 INFO  [restartedMain] o.a.catalina.core.StandardService requestId= tenantId= hospitalId= branchId= userId= - Starting service [Tomcat]
2026-05-13 09:18:22 INFO  [restartedMain] o.a.catalina.core.StandardEngine requestId= tenantId= hospitalId= branchId= userId= - Starting Servlet engine: [Apache Tomcat/10.1.39]
2026-05-13 09:18:22 INFO  [restartedMain] o.a.c.c.C.[Tomcat].[localhost].[/] requestId= tenantId= hospitalId= branchId= userId= - Initializing Spring embedded WebApplicationContext
2026-05-13 09:18:22 INFO  [restartedMain] o.s.b.w.s.c.ServletWebServerApplicationContext requestId= tenantId= hospitalId= branchId= userId= - Root WebApplicationContext: initialization completed in 625 ms
2026-05-13 09:18:22 DEBUG [restartedMain] c.p.d.p.s.JwtAuthenticationFilter requestId= tenantId= hospitalId= branchId= userId= - Filter 'jwtAuthenticationFilter' configured for use
2026-05-13 09:18:22 DEBUG [restartedMain] c.p.d.p.logging.RequestMdcFilter requestId= tenantId= hospitalId= branchId= userId= - Filter 'requestMdcFilter' configured for use
2026-05-13 09:18:22 WARN  [restartedMain] o.s.b.a.s.s.UserDetailsServiceAutoConfiguration requestId= tenantId= hospitalId= branchId= userId= - 

Using generated security password: cdc82a9d-7a7f-4468-9346-8347d7459fc0

This generated password is for development use only. Your security configuration must be updated before running your application in production.

2026-05-13 09:18:22 INFO  [restartedMain] o.s.s.c.a.a.c.InitializeUserDetailsBeanManagerConfigurer$InitializeUserDetailsManagerConfigurer requestId= tenantId= hospitalId= branchId= userId= - Global AuthenticationManager configured with UserDetailsService bean with name inMemoryUserDetailsManager
2026-05-13 09:18:25 WARN  [restartedMain] o.s.b.d.a.OptionalLiveReloadServer requestId= tenantId= hospitalId= branchId= userId= - Unable to start LiveReload server
2026-05-13 09:18:25 INFO  [restartedMain] o.s.b.w.e.tomcat.TomcatWebServer requestId= tenantId= hospitalId= branchId= userId= - Tomcat started on port 8095 (http) with context path '/'
2026-05-13 09:18:25 INFO  [restartedMain] c.p.d.p.DiagnosticsPaymentServiceApplication requestId= tenantId= hospitalId= branchId= userId= - Started DiagnosticsPaymentServiceApplication in 3.653 seconds (process running for 43609.759)
2026-05-13 09:18:25 INFO  [restartedMain] o.s.b.d.a.ConditionEvaluationDeltaLoggingListener requestId= tenantId= hospitalId= branchId= userId= - Condition evaluation unchanged
2026-05-13 09:18:28 INFO  [File Watcher] o.s.b.d.a.LocalDevToolsAutoConfiguration$RestartingClassPathChangeChangedEventListener requestId= tenantId= hospitalId= branchId= userId= - Restarting due to 1 class path change (0 additions, 0 deletions, 1 modification)
2026-05-13 09:18:28 INFO  [Thread-33] o.s.b.w.e.tomcat.GracefulShutdown requestId= tenantId= hospitalId= branchId= userId= - Commencing graceful shutdown. Waiting for active requests to complete
2026-05-13 09:18:29 INFO  [tomcat-shutdown] o.s.b.w.e.tomcat.GracefulShutdown requestId= tenantId= hospitalId= branchId= userId= - Graceful shutdown complete
2026-05-13 09:18:29 INFO  [restartedMain] c.p.d.p.DiagnosticsPaymentServiceApplication requestId= tenantId= hospitalId= branchId= userId= - Starting DiagnosticsPaymentServiceApplication using Java 17.0.8 with PID 24996 (C:\Users\ms\OneDrive\Desktop\diagnostics-payment-service\target\classes started by ms in C:\Users\ms\OneDrive\Desktop\diagnostics-payment-service)
2026-05-13 09:18:29 DEBUG [restartedMain] c.p.d.p.DiagnosticsPaymentServiceApplication requestId= tenantId= hospitalId= branchId= userId= - Running with Spring Boot v3.4.4, Spring v6.2.5
2026-05-13 09:18:29 INFO  [restartedMain] c.p.d.p.DiagnosticsPaymentServiceApplication requestId= tenantId= hospitalId= branchId= userId= - No active profile set, falling back to 1 default profile: "default"
2026-05-13 09:18:30 INFO  [restartedMain] o.s.b.w.e.tomcat.TomcatWebServer requestId= tenantId= hospitalId= branchId= userId= - Tomcat initialized with port 8095 (http)
2026-05-13 09:18:30 INFO  [restartedMain] o.a.catalina.core.StandardService requestId= tenantId= hospitalId= branchId= userId= - Starting service [Tomcat]
2026-05-13 09:18:30 INFO  [restartedMain] o.a.catalina.core.StandardEngine requestId= tenantId= hospitalId= branchId= userId= - Starting Servlet engine: [Apache Tomcat/10.1.39]
2026-05-13 09:18:30 INFO  [restartedMain] o.a.c.c.C.[Tomcat].[localhost].[/] requestId= tenantId= hospitalId= branchId= userId= - Initializing Spring embedded WebApplicationContext
2026-05-13 09:18:30 INFO  [restartedMain] o.s.b.w.s.c.ServletWebServerApplicationContext requestId= tenantId= hospitalId= branchId= userId= - Root WebApplicationContext: initialization completed in 977 ms
2026-05-13 09:18:30 DEBUG [restartedMain] c.p.d.p.s.JwtAuthenticationFilter requestId= tenantId= hospitalId= branchId= userId= - Filter 'jwtAuthenticationFilter' configured for use
2026-05-13 09:18:30 DEBUG [restartedMain] c.p.d.p.logging.RequestMdcFilter requestId= tenantId= hospitalId= branchId= userId= - Filter 'requestMdcFilter' configured for use
2026-05-13 09:18:33 WARN  [restartedMain] o.s.b.a.s.s.UserDetailsServiceAutoConfiguration requestId= tenantId= hospitalId= branchId= userId= - 

Using generated security password: c2ef785a-f207-4c24-b0a2-71124fd4837f

This generated password is for development use only. Your security configuration must be updated before running your application in production.

2026-05-13 09:18:33 INFO  [restartedMain] o.s.s.c.a.a.c.InitializeUserDetailsBeanManagerConfigurer$InitializeUserDetailsManagerConfigurer requestId= tenantId= hospitalId= branchId= userId= - Global AuthenticationManager configured with UserDetailsService bean with name inMemoryUserDetailsManager
2026-05-13 09:18:33 WARN  [restartedMain] o.s.b.d.a.OptionalLiveReloadServer requestId= tenantId= hospitalId= branchId= userId= - Unable to start LiveReload server
2026-05-13 09:18:34 INFO  [restartedMain] o.s.b.w.e.tomcat.TomcatWebServer requestId= tenantId= hospitalId= branchId= userId= - Tomcat started on port 8095 (http) with context path '/'
2026-05-13 09:18:34 INFO  [restartedMain] c.p.d.p.DiagnosticsPaymentServiceApplication requestId= tenantId= hospitalId= branchId= userId= - Started DiagnosticsPaymentServiceApplication in 4.452 seconds (process running for 43618.523)
2026-05-13 09:18:34 INFO  [restartedMain] o.s.b.d.a.ConditionEvaluationDeltaLoggingListener requestId= tenantId= hospitalId= branchId= userId= - Condition evaluation unchanged
2026-05-13 09:20:06 INFO  [File Watcher] o.s.b.d.a.LocalDevToolsAutoConfiguration$RestartingClassPathChangeChangedEventListener requestId= tenantId= hospitalId= branchId= userId= - Restarting due to 1 class path change (0 additions, 0 deletions, 1 modification)
2026-05-13 09:20:06 INFO  [Thread-37] o.s.b.w.e.tomcat.GracefulShutdown requestId= tenantId= hospitalId= branchId= userId= - Commencing graceful shutdown. Waiting for active requests to complete
2026-05-13 09:20:06 INFO  [tomcat-shutdown] o.s.b.w.e.tomcat.GracefulShutdown requestId= tenantId= hospitalId= branchId= userId= - Graceful shutdown complete
2026-05-13 09:20:06 INFO  [restartedMain] c.p.d.p.DiagnosticsPaymentServiceApplication requestId= tenantId= hospitalId= branchId= userId= - Starting DiagnosticsPaymentServiceApplication using Java 17.0.8 with PID 24996 (C:\Users\ms\OneDrive\Desktop\diagnostics-payment-service\target\classes started by ms in C:\Users\ms\OneDrive\Desktop\diagnostics-payment-service)
2026-05-13 09:20:06 DEBUG [restartedMain] c.p.d.p.DiagnosticsPaymentServiceApplication requestId= tenantId= hospitalId= branchId= userId= - Running with Spring Boot v3.4.4, Spring v6.2.5
2026-05-13 09:20:06 INFO  [restartedMain] c.p.d.p.DiagnosticsPaymentServiceApplication requestId= tenantId= hospitalId= branchId= userId= - No active profile set, falling back to 1 default profile: "default"
2026-05-13 09:20:07 INFO  [restartedMain] o.s.b.w.e.tomcat.TomcatWebServer requestId= tenantId= hospitalId= branchId= userId= - Tomcat initialized with port 8095 (http)
2026-05-13 09:20:07 INFO  [restartedMain] o.a.catalina.core.StandardService requestId= tenantId= hospitalId= branchId= userId= - Starting service [Tomcat]
2026-05-13 09:20:07 INFO  [restartedMain] o.a.catalina.core.StandardEngine requestId= tenantId= hospitalId= branchId= userId= - Starting Servlet engine: [Apache Tomcat/10.1.39]
2026-05-13 09:20:07 INFO  [restartedMain] o.a.c.c.C.[Tomcat].[localhost].[/] requestId= tenantId= hospitalId= branchId= userId= - Initializing Spring embedded WebApplicationContext
2026-05-13 09:20:07 INFO  [restartedMain] o.s.b.w.s.c.ServletWebServerApplicationContext requestId= tenantId= hospitalId= branchId= userId= - Root WebApplicationContext: initialization completed in 699 ms
2026-05-13 09:20:07 DEBUG [restartedMain] c.p.d.p.s.JwtAuthenticationFilter requestId= tenantId= hospitalId= branchId= userId= - Filter 'jwtAuthenticationFilter' configured for use
2026-05-13 09:20:07 DEBUG [restartedMain] c.p.d.p.logging.RequestMdcFilter requestId= tenantId= hospitalId= branchId= userId= - Filter 'requestMdcFilter' configured for use
2026-05-13 09:20:07 WARN  [restartedMain] o.s.b.a.s.s.UserDetailsServiceAutoConfiguration requestId= tenantId= hospitalId= branchId= userId= - 

Using generated security password: 35c17b0c-ab9f-4406-9f50-e72c4398e125

This generated password is for development use only. Your security configuration must be updated before running your application in production.

2026-05-13 09:20:07 INFO  [restartedMain] o.s.s.c.a.a.c.InitializeUserDetailsBeanManagerConfigurer$InitializeUserDetailsManagerConfigurer requestId= tenantId= hospitalId= branchId= userId= - Global AuthenticationManager configured with UserDetailsService bean with name inMemoryUserDetailsManager
2026-05-13 09:20:10 WARN  [restartedMain] o.s.b.d.a.OptionalLiveReloadServer requestId= tenantId= hospitalId= branchId= userId= - Unable to start LiveReload server
2026-05-13 09:20:10 INFO  [restartedMain] o.s.b.w.e.tomcat.TomcatWebServer requestId= tenantId= hospitalId= branchId= userId= - Tomcat started on port 8095 (http) with context path '/'
2026-05-13 09:20:10 INFO  [restartedMain] c.p.d.p.DiagnosticsPaymentServiceApplication requestId= tenantId= hospitalId= branchId= userId= - Started DiagnosticsPaymentServiceApplication in 3.265 seconds (process running for 43714.605)
2026-05-13 09:20:10 INFO  [restartedMain] o.s.b.d.a.ConditionEvaluationDeltaLoggingListener requestId= tenantId= hospitalId= branchId= userId= - Condition evaluation unchanged
2026-05-13 09:21:18 INFO  [File Watcher] o.s.b.d.a.LocalDevToolsAutoConfiguration$RestartingClassPathChangeChangedEventListener requestId= tenantId= hospitalId= branchId= userId= - Restarting due to 1 class path change (0 additions, 0 deletions, 1 modification)
2026-05-13 09:21:18 INFO  [Thread-41] o.s.b.w.e.tomcat.GracefulShutdown requestId= tenantId= hospitalId= branchId= userId= - Commencing graceful shutdown. Waiting for active requests to complete
2026-05-13 09:21:18 INFO  [tomcat-shutdown] o.s.b.w.e.tomcat.GracefulShutdown requestId= tenantId= hospitalId= branchId= userId= - Graceful shutdown complete
2026-05-13 09:21:18 INFO  [restartedMain] c.p.d.p.DiagnosticsPaymentServiceApplication requestId= tenantId= hospitalId= branchId= userId= - Starting DiagnosticsPaymentServiceApplication using Java 17.0.8 with PID 24996 (C:\Users\ms\OneDrive\Desktop\diagnostics-payment-service\target\classes started by ms in C:\Users\ms\OneDrive\Desktop\diagnostics-payment-service)
2026-05-13 09:21:18 DEBUG [restartedMain] c.p.d.p.DiagnosticsPaymentServiceApplication requestId= tenantId= hospitalId= branchId= userId= - Running with Spring Boot v3.4.4, Spring v6.2.5
2026-05-13 09:21:18 INFO  [restartedMain] c.p.d.p.DiagnosticsPaymentServiceApplication requestId= tenantId= hospitalId= branchId= userId= - No active profile set, falling back to 1 default profile: "default"
2026-05-13 09:21:19 INFO  [restartedMain] o.s.b.w.e.tomcat.TomcatWebServer requestId= tenantId= hospitalId= branchId= userId= - Tomcat initialized with port 8095 (http)
2026-05-13 09:21:19 INFO  [restartedMain] o.a.catalina.core.StandardService requestId= tenantId= hospitalId= branchId= userId= - Starting service [Tomcat]
2026-05-13 09:21:19 INFO  [restartedMain] o.a.catalina.core.StandardEngine requestId= tenantId= hospitalId= branchId= userId= - Starting Servlet engine: [Apache Tomcat/10.1.39]
2026-05-13 09:21:19 INFO  [restartedMain] o.a.c.c.C.[Tomcat].[localhost].[/] requestId= tenantId= hospitalId= branchId= userId= - Initializing Spring embedded WebApplicationContext
2026-05-13 09:21:19 INFO  [restartedMain] o.s.b.w.s.c.ServletWebServerApplicationContext requestId= tenantId= hospitalId= branchId= userId= - Root WebApplicationContext: initialization completed in 692 ms
2026-05-13 09:21:19 DEBUG [restartedMain] c.p.d.p.s.JwtAuthenticationFilter requestId= tenantId= hospitalId= branchId= userId= - Filter 'jwtAuthenticationFilter' configured for use
2026-05-13 09:21:19 DEBUG [restartedMain] c.p.d.p.logging.RequestMdcFilter requestId= tenantId= hospitalId= branchId= userId= - Filter 'requestMdcFilter' configured for use
2026-05-13 09:21:19 WARN  [restartedMain] o.s.b.a.s.s.UserDetailsServiceAutoConfiguration requestId= tenantId= hospitalId= branchId= userId= - 

Using generated security password: d712bcd9-4241-463a-b5d4-273fca5bb762

This generated password is for development use only. Your security configuration must be updated before running your application in production.

2026-05-13 09:21:19 INFO  [restartedMain] o.s.s.c.a.a.c.InitializeUserDetailsBeanManagerConfigurer$InitializeUserDetailsManagerConfigurer requestId= tenantId= hospitalId= branchId= userId= - Global AuthenticationManager configured with UserDetailsService bean with name inMemoryUserDetailsManager
2026-05-13 09:21:22 WARN  [restartedMain] o.s.b.d.a.OptionalLiveReloadServer requestId= tenantId= hospitalId= branchId= userId= - Unable to start LiveReload server
2026-05-13 09:21:22 INFO  [restartedMain] o.s.b.w.e.tomcat.TomcatWebServer requestId= tenantId= hospitalId= branchId= userId= - Tomcat started on port 8095 (http) with context path '/'
2026-05-13 09:21:22 INFO  [restartedMain] c.p.d.p.DiagnosticsPaymentServiceApplication requestId= tenantId= hospitalId= branchId= userId= - Started DiagnosticsPaymentServiceApplication in 3.915 seconds (process running for 43786.865)
2026-05-13 09:21:22 INFO  [restartedMain] o.s.b.d.a.ConditionEvaluationDeltaLoggingListener requestId= tenantId= hospitalId= branchId= userId= - Condition evaluation unchanged
2026-05-13 09:21:28 INFO  [File Watcher] o.s.b.d.a.LocalDevToolsAutoConfiguration$RestartingClassPathChangeChangedEventListener requestId= tenantId= hospitalId= branchId= userId= - Restarting due to 1 class path change (0 additions, 0 deletions, 1 modification)
2026-05-13 09:21:28 INFO  [Thread-45] o.s.b.w.e.tomcat.GracefulShutdown requestId= tenantId= hospitalId= branchId= userId= - Commencing graceful shutdown. Waiting for active requests to complete
2026-05-13 09:21:28 INFO  [tomcat-shutdown] o.s.b.w.e.tomcat.GracefulShutdown requestId= tenantId= hospitalId= branchId= userId= - Graceful shutdown complete
2026-05-13 09:21:28 INFO  [restartedMain] c.p.d.p.DiagnosticsPaymentServiceApplication requestId= tenantId= hospitalId= branchId= userId= - Starting DiagnosticsPaymentServiceApplication using Java 17.0.8 with PID 24996 (C:\Users\ms\OneDrive\Desktop\diagnostics-payment-service\target\classes started by ms in C:\Users\ms\OneDrive\Desktop\diagnostics-payment-service)
2026-05-13 09:21:28 DEBUG [restartedMain] c.p.d.p.DiagnosticsPaymentServiceApplication requestId= tenantId= hospitalId= branchId= userId= - Running with Spring Boot v3.4.4, Spring v6.2.5
2026-05-13 09:21:28 INFO  [restartedMain] c.p.d.p.DiagnosticsPaymentServiceApplication requestId= tenantId= hospitalId= branchId= userId= - No active profile set, falling back to 1 default profile: "default"
2026-05-13 09:21:29 INFO  [restartedMain] o.s.b.w.e.tomcat.TomcatWebServer requestId= tenantId= hospitalId= branchId= userId= - Tomcat initialized with port 8095 (http)
2026-05-13 09:21:29 INFO  [restartedMain] o.a.catalina.core.StandardService requestId= tenantId= hospitalId= branchId= userId= - Starting service [Tomcat]
2026-05-13 09:21:29 INFO  [restartedMain] o.a.catalina.core.StandardEngine requestId= tenantId= hospitalId= branchId= userId= - Starting Servlet engine: [Apache Tomcat/10.1.39]
2026-05-13 09:21:29 INFO  [restartedMain] o.a.c.c.C.[Tomcat].[localhost].[/] requestId= tenantId= hospitalId= branchId= userId= - Initializing Spring embedded WebApplicationContext
2026-05-13 09:21:29 INFO  [restartedMain] o.s.b.w.s.c.ServletWebServerApplicationContext requestId= tenantId= hospitalId= branchId= userId= - Root WebApplicationContext: initialization completed in 734 ms
2026-05-13 09:21:29 DEBUG [restartedMain] c.p.d.p.s.JwtAuthenticationFilter requestId= tenantId= hospitalId= branchId= userId= - Filter 'jwtAuthenticationFilter' configured for use
2026-05-13 09:21:29 DEBUG [restartedMain] c.p.d.p.logging.RequestMdcFilter requestId= tenantId= hospitalId= branchId= userId= - Filter 'requestMdcFilter' configured for use
2026-05-13 09:21:29 WARN  [restartedMain] o.s.b.a.s.s.UserDetailsServiceAutoConfiguration requestId= tenantId= hospitalId= branchId= userId= - 

Using generated security password: ef710cbb-1d20-44ed-874a-a9df46bab797

This generated password is for development use only. Your security configuration must be updated before running your application in production.

2026-05-13 09:21:29 INFO  [restartedMain] o.s.s.c.a.a.c.InitializeUserDetailsBeanManagerConfigurer$InitializeUserDetailsManagerConfigurer requestId= tenantId= hospitalId= branchId= userId= - Global AuthenticationManager configured with UserDetailsService bean with name inMemoryUserDetailsManager
2026-05-13 09:21:29 WARN  [restartedMain] o.s.b.d.a.OptionalLiveReloadServer requestId= tenantId= hospitalId= branchId= userId= - Unable to start LiveReload server
2026-05-13 09:21:29 INFO  [restartedMain] o.s.b.w.e.tomcat.TomcatWebServer requestId= tenantId= hospitalId= branchId= userId= - Tomcat started on port 8095 (http) with context path '/'
2026-05-13 09:21:29 INFO  [restartedMain] c.p.d.p.DiagnosticsPaymentServiceApplication requestId= tenantId= hospitalId= branchId= userId= - Started DiagnosticsPaymentServiceApplication in 1.379 seconds (process running for 43794.183)
2026-05-13 09:21:29 INFO  [restartedMain] o.s.b.d.a.ConditionEvaluationDeltaLoggingListener requestId= tenantId= hospitalId= branchId= userId= - Condition evaluation unchanged
2026-05-13 09:24:34 INFO  [File Watcher] o.s.b.d.a.LocalDevToolsAutoConfiguration$RestartingClassPathChangeChangedEventListener requestId= tenantId= hospitalId= branchId= userId= - Restarting due to 2 class path changes (0 additions, 0 deletions, 2 modifications)
2026-05-13 09:24:34 INFO  [Thread-49] o.s.b.w.e.tomcat.GracefulShutdown requestId= tenantId= hospitalId= branchId= userId= - Commencing graceful shutdown. Waiting for active requests to complete
2026-05-13 09:24:34 INFO  [tomcat-shutdown] o.s.b.w.e.tomcat.GracefulShutdown requestId= tenantId= hospitalId= branchId= userId= - Graceful shutdown complete
2026-05-13 09:24:34 INFO  [restartedMain] c.p.d.p.DiagnosticsPaymentServiceApplication requestId= tenantId= hospitalId= branchId= userId= - Starting DiagnosticsPaymentServiceApplication using Java 17.0.8 with PID 24996 (C:\Users\ms\OneDrive\Desktop\diagnostics-payment-service\target\classes started by ms in C:\Users\ms\OneDrive\Desktop\diagnostics-payment-service)
2026-05-13 09:24:34 DEBUG [restartedMain] c.p.d.p.DiagnosticsPaymentServiceApplication requestId= tenantId= hospitalId= branchId= userId= - Running with Spring Boot v3.4.4, Spring v6.2.5
2026-05-13 09:24:34 INFO  [restartedMain] c.p.d.p.DiagnosticsPaymentServiceApplication requestId= tenantId= hospitalId= branchId= userId= - No active profile set, falling back to 1 default profile: "default"
2026-05-13 09:24:35 INFO  [restartedMain] o.s.b.w.e.tomcat.TomcatWebServer requestId= tenantId= hospitalId= branchId= userId= - Tomcat initialized with port 8095 (http)
2026-05-13 09:24:35 INFO  [restartedMain] o.a.catalina.core.StandardService requestId= tenantId= hospitalId= branchId= userId= - Starting service [Tomcat]
2026-05-13 09:24:35 INFO  [restartedMain] o.a.catalina.core.StandardEngine requestId= tenantId= hospitalId= branchId= userId= - Starting Servlet engine: [Apache Tomcat/10.1.39]
2026-05-13 09:24:35 INFO  [restartedMain] o.a.c.c.C.[Tomcat].[localhost].[/] requestId= tenantId= hospitalId= branchId= userId= - Initializing Spring embedded WebApplicationContext
2026-05-13 09:24:35 INFO  [restartedMain] o.s.b.w.s.c.ServletWebServerApplicationContext requestId= tenantId= hospitalId= branchId= userId= - Root WebApplicationContext: initialization completed in 734 ms
2026-05-13 09:24:35 DEBUG [restartedMain] c.p.d.p.s.JwtAuthenticationFilter requestId= tenantId= hospitalId= branchId= userId= - Filter 'jwtAuthenticationFilter' configured for use
2026-05-13 09:24:35 DEBUG [restartedMain] c.p.d.p.logging.RequestMdcFilter requestId= tenantId= hospitalId= branchId= userId= - Filter 'requestMdcFilter' configured for use
2026-05-13 09:24:35 WARN  [restartedMain] o.s.b.w.s.c.AnnotationConfigServletWebServerApplicationContext requestId= tenantId= hospitalId= branchId= userId= - Exception encountered during context initialization - cancelling refresh attempt: org.springframework.beans.factory.UnsatisfiedDependencyException: Error creating bean with name 'paymentReportController' defined in file [C:\Users\ms\OneDrive\Desktop\diagnostics-payment-service\target\classes\com\plasmit\diagnostics\payment\paymentreports\controller\PaymentReportController.class]: Unsatisfied dependency expressed through constructor parameter 0: Error creating bean with name 'paymentReportService': Lookup method resolution failed
2026-05-13 09:24:35 INFO  [restartedMain] o.a.catalina.core.StandardService requestId= tenantId= hospitalId= branchId= userId= - Stopping service [Tomcat]
2026-05-13 09:24:35 INFO  [restartedMain] o.s.b.a.l.ConditionEvaluationReportLogger requestId= tenantId= hospitalId= branchId= userId= - 

Error starting ApplicationContext. To display the condition evaluation report re-run your application with 'debug' enabled.
2026-05-13 09:24:35 ERROR [restartedMain] o.s.boot.SpringApplication requestId= tenantId= hospitalId= branchId= userId= - Application run failed
org.springframework.beans.factory.UnsatisfiedDependencyException: Error creating bean with name 'paymentReportController' defined in file [C:\Users\ms\OneDrive\Desktop\diagnostics-payment-service\target\classes\com\plasmit\diagnostics\payment\paymentreports\controller\PaymentReportController.class]: Unsatisfied dependency expressed through constructor parameter 0: Error creating bean with name 'paymentReportService': Lookup method resolution failed
	at org.springframework.beans.factory.support.ConstructorResolver.createArgumentArray(ConstructorResolver.java:804) ~[spring-beans-6.2.5.jar:6.2.5]
	at org.springframework.beans.factory.support.ConstructorResolver.autowireConstructor(ConstructorResolver.java:240) ~[spring-beans-6.2.5.jar:6.2.5]
	at org.springframework.beans.factory.support.AbstractAutowireCapableBeanFactory.autowireConstructor(AbstractAutowireCapableBeanFactory.java:1381) ~[spring-beans-6.2.5.jar:6.2.5]
	at org.springframework.beans.factory.support.AbstractAutowireCapableBeanFactory.createBeanInstance(AbstractAutowireCapableBeanFactory.java:1218) ~[spring-beans-6.2.5.jar:6.2.5]
	at org.springframework.beans.factory.support.AbstractAutowireCapableBeanFactory.doCreateBean(AbstractAutowireCapableBeanFactory.java:563) ~[spring-beans-6.2.5.jar:6.2.5]
	at org.springframework.beans.factory.support.AbstractAutowireCapableBeanFactory.createBean(AbstractAutowireCapableBeanFactory.java:523) ~[spring-beans-6.2.5.jar:6.2.5]
	at org.springframework.beans.factory.support.AbstractBeanFactory.lambda$doGetBean$0(AbstractBeanFactory.java:339) ~[spring-beans-6.2.5.jar:6.2.5]
	at org.springframework.beans.factory.support.DefaultSingletonBeanRegistry.getSingleton(DefaultSingletonBeanRegistry.java:347) ~[spring-beans-6.2.5.jar:6.2.5]
	at org.springframework.beans.factory.support.AbstractBeanFactory.doGetBean(AbstractBeanFactory.java:337) ~[spring-beans-6.2.5.jar:6.2.5]
	at org.springframework.beans.factory.support.AbstractBeanFactory.getBean(AbstractBeanFactory.java:202) ~[spring-beans-6.2.5.jar:6.2.5]
	at org.springframework.beans.factory.support.DefaultListableBeanFactory.instantiateSingleton(DefaultListableBeanFactory.java:1155) ~[spring-beans-6.2.5.jar:6.2.5]
	at org.springframework.beans.factory.support.DefaultListableBeanFactory.preInstantiateSingleton(DefaultListableBeanFactory.java:1121) ~[spring-beans-6.2.5.jar:6.2.5]
	at org.springframework.beans.factory.support.DefaultListableBeanFactory.preInstantiateSingletons(DefaultListableBeanFactory.java:1056) ~[spring-beans-6.2.5.jar:6.2.5]
	at org.springframework.context.support.AbstractApplicationContext.finishBeanFactoryInitialization(AbstractApplicationContext.java:987) ~[spring-context-6.2.5.jar:6.2.5]
	at org.springframework.context.support.AbstractApplicationContext.refresh(AbstractApplicationContext.java:627) ~[spring-context-6.2.5.jar:6.2.5]
	at org.springframework.boot.web.servlet.context.ServletWebServerApplicationContext.refresh(ServletWebServerApplicationContext.java:146) ~[spring-boot-3.4.4.jar:3.4.4]
	at org.springframework.boot.SpringApplication.refresh(SpringApplication.java:752) ~[spring-boot-3.4.4.jar:3.4.4]
	at org.springframework.boot.SpringApplication.refreshContext(SpringApplication.java:439) ~[spring-boot-3.4.4.jar:3.4.4]
	at org.springframework.boot.SpringApplication.run(SpringApplication.java:318) ~[spring-boot-3.4.4.jar:3.4.4]
	at org.springframework.boot.SpringApplication.run(SpringApplication.java:1361) ~[spring-boot-3.4.4.jar:3.4.4]
	at org.springframework.boot.SpringApplication.run(SpringApplication.java:1350) ~[spring-boot-3.4.4.jar:3.4.4]
	at com.plasmit.diagnostics.payment.DiagnosticsPaymentServiceApplication.main(DiagnosticsPaymentServiceApplication.java:10) ~[classes/:na]
	at java.base/jdk.internal.reflect.NativeMethodAccessorImpl.invoke0(Native Method) ~[na:na]
	at java.base/jdk.internal.reflect.NativeMethodAccessorImpl.invoke(NativeMethodAccessorImpl.java:77) ~[na:na]
	at java.base/jdk.internal.reflect.DelegatingMethodAccessorImpl.invoke(DelegatingMethodAccessorImpl.java:43) ~[na:na]
	at java.base/java.lang.reflect.Method.invoke(Method.java:568) ~[na:na]
	at org.springframework.boot.devtools.restart.RestartLauncher.run(RestartLauncher.java:50) ~[spring-boot-devtools-3.4.4.jar:3.4.4]
Caused by: org.springframework.beans.factory.BeanCreationException: Error creating bean with name 'paymentReportService': Lookup method resolution failed
	at org.springframework.beans.factory.annotation.AutowiredAnnotationBeanPostProcessor.checkLookupMethods(AutowiredAnnotationBeanPostProcessor.java:498) ~[spring-beans-6.2.5.jar:6.2.5]
	at org.springframework.beans.factory.annotation.AutowiredAnnotationBeanPostProcessor.determineCandidateConstructors(AutowiredAnnotationBeanPostProcessor.java:368) ~[spring-beans-6.2.5.jar:6.2.5]
	at org.springframework.beans.factory.support.AbstractAutowireCapableBeanFactory.determineConstructorsFromBeanPostProcessors(AbstractAutowireCapableBeanFactory.java:1320) ~[spring-beans-6.2.5.jar:6.2.5]
	at org.springframework.beans.factory.support.AbstractAutowireCapableBeanFactory.createBeanInstance(AbstractAutowireCapableBeanFactory.java:1215) ~[spring-beans-6.2.5.jar:6.2.5]
	at org.springframework.beans.factory.support.AbstractAutowireCapableBeanFactory.doCreateBean(AbstractAutowireCapableBeanFactory.java:563) ~[spring-beans-6.2.5.jar:6.2.5]
	at org.springframework.beans.factory.support.AbstractAutowireCapableBeanFactory.createBean(AbstractAutowireCapableBeanFactory.java:523) ~[spring-beans-6.2.5.jar:6.2.5]
	at org.springframework.beans.factory.support.AbstractBeanFactory.lambda$doGetBean$0(AbstractBeanFactory.java:339) ~[spring-beans-6.2.5.jar:6.2.5]
	at org.springframework.beans.factory.support.DefaultSingletonBeanRegistry.getSingleton(DefaultSingletonBeanRegistry.java:347) ~[spring-beans-6.2.5.jar:6.2.5]
	at org.springframework.beans.factory.support.AbstractBeanFactory.doGetBean(AbstractBeanFactory.java:337) ~[spring-beans-6.2.5.jar:6.2.5]
	at org.springframework.beans.factory.support.AbstractBeanFactory.getBean(AbstractBeanFactory.java:202) ~[spring-beans-6.2.5.jar:6.2.5]
	at org.springframework.beans.factory.support.DefaultListableBeanFactory.doResolveDependency(DefaultListableBeanFactory.java:1609) ~[spring-beans-6.2.5.jar:6.2.5]
	at org.springframework.beans.factory.support.DefaultListableBeanFactory.resolveDependency(DefaultListableBeanFactory.java:1555) ~[spring-beans-6.2.5.jar:6.2.5]
	at org.springframework.beans.factory.support.ConstructorResolver.resolveAutowiredArgument(ConstructorResolver.java:913) ~[spring-beans-6.2.5.jar:6.2.5]
	at org.springframework.beans.factory.support.ConstructorResolver.createArgumentArray(ConstructorResolver.java:791) ~[spring-beans-6.2.5.jar:6.2.5]
	... 26 common frames omitted
Caused by: java.lang.IllegalStateException: Failed to introspect Class [com.plasmit.diagnostics.payment.paymentreports.service.PaymentReportService] from ClassLoader [org.springframework.boot.devtools.restart.classloader.RestartClassLoader@389fa616]
	at org.springframework.util.ReflectionUtils.getDeclaredMethods(ReflectionUtils.java:483) ~[spring-core-6.2.5.jar:6.2.5]
	at org.springframework.util.ReflectionUtils.doWithLocalMethods(ReflectionUtils.java:320) ~[spring-core-6.2.5.jar:6.2.5]
	at org.springframework.beans.factory.annotation.AutowiredAnnotationBeanPostProcessor.checkLookupMethods(AutowiredAnnotationBeanPostProcessor.java:476) ~[spring-beans-6.2.5.jar:6.2.5]
	... 39 common frames omitted
Caused by: java.lang.NoClassDefFoundError: ExportJobRequest
	at java.base/java.lang.Class.getDeclaredMethods0(Native Method) ~[na:na]
	at java.base/java.lang.Class.privateGetDeclaredMethods(Class.java:3402) ~[na:na]
	at java.base/java.lang.Class.getDeclaredMethods(Class.java:2504) ~[na:na]
	at org.springframework.util.ReflectionUtils.getDeclaredMethods(ReflectionUtils.java:465) ~[spring-core-6.2.5.jar:6.2.5]
	... 41 common frames omitted
Caused by: java.lang.ClassNotFoundException: ExportJobRequest
	at java.base/jdk.internal.loader.BuiltinClassLoader.loadClass(BuiltinClassLoader.java:641) ~[na:na]
	at java.base/jdk.internal.loader.ClassLoaders$AppClassLoader.loadClass(ClassLoaders.java:188) ~[na:na]
	at java.base/java.lang.ClassLoader.loadClass(ClassLoader.java:525) ~[na:na]
	at java.base/java.lang.Class.forName0(Native Method) ~[na:na]
	at java.base/java.lang.Class.forName(Class.java:467) ~[na:na]
	at org.springframework.boot.devtools.restart.classloader.RestartClassLoader.loadClass(RestartClassLoader.java:121) ~[spring-boot-devtools-3.4.4.jar:3.4.4]
	at java.base/java.lang.ClassLoader.loadClass(ClassLoader.java:525) ~[na:na]
	... 45 common frames omitted
2026-05-13 09:25:10 INFO  [restartedMain] c.p.d.p.DiagnosticsPaymentServiceApplication requestId= tenantId= hospitalId= branchId= userId= - Starting DiagnosticsPaymentServiceApplication using Java 17.0.8 with PID 24996 (C:\Users\ms\OneDrive\Desktop\diagnostics-payment-service\target\classes started by ms in C:\Users\ms\OneDrive\Desktop\diagnostics-payment-service)
2026-05-13 09:25:10 DEBUG [restartedMain] c.p.d.p.DiagnosticsPaymentServiceApplication requestId= tenantId= hospitalId= branchId= userId= - Running with Spring Boot v3.4.4, Spring v6.2.5
2026-05-13 09:25:10 INFO  [restartedMain] c.p.d.p.DiagnosticsPaymentServiceApplication requestId= tenantId= hospitalId= branchId= userId= - No active profile set, falling back to 1 default profile: "default"
2026-05-13 09:25:11 INFO  [restartedMain] o.s.b.w.e.tomcat.TomcatWebServer requestId= tenantId= hospitalId= branchId= userId= - Tomcat initialized with port 8095 (http)
2026-05-13 09:25:11 INFO  [restartedMain] o.a.catalina.core.StandardService requestId= tenantId= hospitalId= branchId= userId= - Starting service [Tomcat]
2026-05-13 09:25:11 INFO  [restartedMain] o.a.catalina.core.StandardEngine requestId= tenantId= hospitalId= branchId= userId= - Starting Servlet engine: [Apache Tomcat/10.1.39]
2026-05-13 09:25:11 INFO  [restartedMain] o.a.c.c.C.[Tomcat-1].[localhost].[/] requestId= tenantId= hospitalId= branchId= userId= - Initializing Spring embedded WebApplicationContext
2026-05-13 09:25:11 INFO  [restartedMain] o.s.b.w.s.c.ServletWebServerApplicationContext requestId= tenantId= hospitalId= branchId= userId= - Root WebApplicationContext: initialization completed in 635 ms
2026-05-13 09:25:11 DEBUG [restartedMain] c.p.d.p.s.JwtAuthenticationFilter requestId= tenantId= hospitalId= branchId= userId= - Filter 'jwtAuthenticationFilter' configured for use
2026-05-13 09:25:11 DEBUG [restartedMain] c.p.d.p.logging.RequestMdcFilter requestId= tenantId= hospitalId= branchId= userId= - Filter 'requestMdcFilter' configured for use
2026-05-13 09:25:11 WARN  [restartedMain] o.s.b.a.s.s.UserDetailsServiceAutoConfiguration requestId= tenantId= hospitalId= branchId= userId= - 

Using generated security password: e1de152c-42ca-4b8b-8db3-a72269839d49

This generated password is for development use only. Your security configuration must be updated before running your application in production.

2026-05-13 09:25:11 INFO  [restartedMain] o.s.s.c.a.a.c.InitializeUserDetailsBeanManagerConfigurer$InitializeUserDetailsManagerConfigurer requestId= tenantId= hospitalId= branchId= userId= - Global AuthenticationManager configured with UserDetailsService bean with name inMemoryUserDetailsManager
2026-05-13 09:25:11 WARN  [restartedMain] o.s.b.d.a.OptionalLiveReloadServer requestId= tenantId= hospitalId= branchId= userId= - Unable to start LiveReload server
2026-05-13 09:25:12 INFO  [restartedMain] o.s.b.w.e.tomcat.TomcatWebServer requestId= tenantId= hospitalId= branchId= userId= - Tomcat started on port 8095 (http) with context path '/'
2026-05-13 09:25:12 INFO  [restartedMain] c.p.d.p.DiagnosticsPaymentServiceApplication requestId= tenantId= hospitalId= branchId= userId= - Started DiagnosticsPaymentServiceApplication in 1.136 seconds (process running for 44016.529)
2026-05-13 09:25:12 INFO  [restartedMain] o.s.b.d.a.ConditionEvaluationDeltaLoggingListener requestId= tenantId= hospitalId= branchId= userId= - Condition evaluation unchanged
2026-05-13 09:27:04 INFO  [File Watcher] o.s.b.d.a.LocalDevToolsAutoConfiguration$RestartingClassPathChangeChangedEventListener requestId= tenantId= hospitalId= branchId= userId= - Restarting due to 1 class path change (0 additions, 0 deletions, 1 modification)
2026-05-13 09:27:04 INFO  [Thread-53] o.s.b.w.e.tomcat.GracefulShutdown requestId= tenantId= hospitalId= branchId= userId= - Commencing graceful shutdown. Waiting for active requests to complete
2026-05-13 09:27:04 INFO  [tomcat-shutdown] o.s.b.w.e.tomcat.GracefulShutdown requestId= tenantId= hospitalId= branchId= userId= - Graceful shutdown complete
2026-05-13 09:27:04 INFO  [restartedMain] c.p.d.p.DiagnosticsPaymentServiceApplication requestId= tenantId= hospitalId= branchId= userId= - Starting DiagnosticsPaymentServiceApplication using Java 17.0.8 with PID 24996 (C:\Users\ms\OneDrive\Desktop\diagnostics-payment-service\target\classes started by ms in C:\Users\ms\OneDrive\Desktop\diagnostics-payment-service)
2026-05-13 09:27:04 DEBUG [restartedMain] c.p.d.p.DiagnosticsPaymentServiceApplication requestId= tenantId= hospitalId= branchId= userId= - Running with Spring Boot v3.4.4, Spring v6.2.5
2026-05-13 09:27:04 INFO  [restartedMain] c.p.d.p.DiagnosticsPaymentServiceApplication requestId= tenantId= hospitalId= branchId= userId= - No active profile set, falling back to 1 default profile: "default"
2026-05-13 09:27:05 INFO  [restartedMain] o.s.b.w.e.tomcat.TomcatWebServer requestId= tenantId= hospitalId= branchId= userId= - Tomcat initialized with port 8095 (http)
2026-05-13 09:27:05 INFO  [restartedMain] o.a.catalina.core.StandardService requestId= tenantId= hospitalId= branchId= userId= - Starting service [Tomcat]
2026-05-13 09:27:05 INFO  [restartedMain] o.a.catalina.core.StandardEngine requestId= tenantId= hospitalId= branchId= userId= - Starting Servlet engine: [Apache Tomcat/10.1.39]
2026-05-13 09:27:05 INFO  [restartedMain] o.a.c.c.C.[Tomcat-1].[localhost].[/] requestId= tenantId= hospitalId= branchId= userId= - Initializing Spring embedded WebApplicationContext
2026-05-13 09:27:05 INFO  [restartedMain] o.s.b.w.s.c.ServletWebServerApplicationContext requestId= tenantId= hospitalId= branchId= userId= - Root WebApplicationContext: initialization completed in 609 ms
2026-05-13 09:27:05 DEBUG [restartedMain] c.p.d.p.s.JwtAuthenticationFilter requestId= tenantId= hospitalId= branchId= userId= - Filter 'jwtAuthenticationFilter' configured for use
2026-05-13 09:27:05 DEBUG [restartedMain] c.p.d.p.logging.RequestMdcFilter requestId= tenantId= hospitalId= branchId= userId= - Filter 'requestMdcFilter' configured for use
2026-05-13 09:27:05 WARN  [restartedMain] o.s.b.a.s.s.UserDetailsServiceAutoConfiguration requestId= tenantId= hospitalId= branchId= userId= - 

Using generated security password: 72615051-7c9a-4d80-a2e0-7b7b2c9bb647

This generated password is for development use only. Your security configuration must be updated before running your application in production.

2026-05-13 09:27:05 INFO  [restartedMain] o.s.s.c.a.a.c.InitializeUserDetailsBeanManagerConfigurer$InitializeUserDetailsManagerConfigurer requestId= tenantId= hospitalId= branchId= userId= - Global AuthenticationManager configured with UserDetailsService bean with name inMemoryUserDetailsManager
2026-05-13 09:27:05 WARN  [restartedMain] o.s.b.d.a.OptionalLiveReloadServer requestId= tenantId= hospitalId= branchId= userId= - Unable to start LiveReload server
2026-05-13 09:27:05 INFO  [restartedMain] o.s.b.w.e.tomcat.TomcatWebServer requestId= tenantId= hospitalId= branchId= userId= - Tomcat started on port 8095 (http) with context path '/'
2026-05-13 09:27:05 INFO  [restartedMain] c.p.d.p.DiagnosticsPaymentServiceApplication requestId= tenantId= hospitalId= branchId= userId= - Started DiagnosticsPaymentServiceApplication in 1.12 seconds (process running for 44130.206)
2026-05-13 09:27:05 INFO  [restartedMain] o.s.b.d.a.ConditionEvaluationDeltaLoggingListener requestId= tenantId= hospitalId= branchId= userId= - Condition evaluation unchanged
2026-05-13 10:13:34 INFO  [RMI TCP Connection(99)-127.0.0.1] o.s.b.a.SpringApplicationAdminMXBeanRegistrar$SpringApplicationAdmin requestId= tenantId= hospitalId= branchId= userId= - Application shutdown requested.
2026-05-13 10:13:34 INFO  [RMI TCP Connection(99)-127.0.0.1] o.s.b.w.e.tomcat.GracefulShutdown requestId= tenantId= hospitalId= branchId= userId= - Commencing graceful shutdown. Waiting for active requests to complete
2026-05-13 10:13:35 INFO  [tomcat-shutdown] o.s.b.w.e.tomcat.GracefulShutdown requestId= tenantId= hospitalId= branchId= userId= - Graceful shutdown complete
2026-05-13 10:17:09 INFO  [restartedMain] c.p.d.p.DiagnosticsPaymentServiceApplication requestId= tenantId= hospitalId= branchId= userId= - Starting DiagnosticsPaymentServiceApplication using Java 17.0.8 with PID 25892 (C:\Users\ms\OneDrive\Desktop\diagnostics-payment-service\target\classes started by ms in C:\Users\ms\OneDrive\Desktop\diagnostics-payment-service)
2026-05-13 10:17:09 DEBUG [restartedMain] c.p.d.p.DiagnosticsPaymentServiceApplication requestId= tenantId= hospitalId= branchId= userId= - Running with Spring Boot v3.4.4, Spring v6.2.5
2026-05-13 10:17:09 INFO  [restartedMain] c.p.d.p.DiagnosticsPaymentServiceApplication requestId= tenantId= hospitalId= branchId= userId= - No active profile set, falling back to 1 default profile: "default"
2026-05-13 10:17:09 INFO  [restartedMain] o.s.b.d.e.DevToolsPropertyDefaultsPostProcessor requestId= tenantId= hospitalId= branchId= userId= - Devtools property defaults active! Set 'spring.devtools.add-properties' to 'false' to disable
2026-05-13 10:17:09 INFO  [restartedMain] o.s.b.d.e.DevToolsPropertyDefaultsPostProcessor requestId= tenantId= hospitalId= branchId= userId= - For additional web related logging consider setting the 'logging.level.web' property to 'DEBUG'
2026-05-13 10:17:16 INFO  [restartedMain] o.s.b.w.e.tomcat.TomcatWebServer requestId= tenantId= hospitalId= branchId= userId= - Tomcat initialized with port 8095 (http)
2026-05-13 10:17:16 INFO  [restartedMain] o.a.catalina.core.StandardService requestId= tenantId= hospitalId= branchId= userId= - Starting service [Tomcat]
2026-05-13 10:17:16 INFO  [restartedMain] o.a.catalina.core.StandardEngine requestId= tenantId= hospitalId= branchId= userId= - Starting Servlet engine: [Apache Tomcat/10.1.39]
2026-05-13 10:17:16 INFO  [restartedMain] o.a.c.c.C.[Tomcat].[localhost].[/] requestId= tenantId= hospitalId= branchId= userId= - Initializing Spring embedded WebApplicationContext
2026-05-13 10:17:16 INFO  [restartedMain] o.s.b.w.s.c.ServletWebServerApplicationContext requestId= tenantId= hospitalId= branchId= userId= - Root WebApplicationContext: initialization completed in 6998 ms
2026-05-13 10:17:17 DEBUG [restartedMain] c.p.d.p.s.JwtAuthenticationFilter requestId= tenantId= hospitalId= branchId= userId= - Filter 'jwtAuthenticationFilter' configured for use
2026-05-13 10:17:17 DEBUG [restartedMain] c.p.d.p.logging.RequestMdcFilter requestId= tenantId= hospitalId= branchId= userId= - Filter 'requestMdcFilter' configured for use
2026-05-13 10:17:21 WARN  [restartedMain] o.s.b.a.s.s.UserDetailsServiceAutoConfiguration requestId= tenantId= hospitalId= branchId= userId= - 

Using generated security password: 4dcddfcb-f3b4-422c-b9ed-c8843e40a3f1

This generated password is for development use only. Your security configuration must be updated before running your application in production.

2026-05-13 10:17:23 INFO  [restartedMain] o.s.s.c.a.a.c.InitializeUserDetailsBeanManagerConfigurer$InitializeUserDetailsManagerConfigurer requestId= tenantId= hospitalId= branchId= userId= - Global AuthenticationManager configured with UserDetailsService bean with name inMemoryUserDetailsManager
2026-05-13 10:17:32 WARN  [restartedMain] o.s.b.d.a.OptionalLiveReloadServer requestId= tenantId= hospitalId= branchId= userId= - Unable to start LiveReload server
2026-05-13 10:17:32 INFO  [restartedMain] o.s.b.w.e.tomcat.TomcatWebServer requestId= tenantId= hospitalId= branchId= userId= - Tomcat started on port 8095 (http) with context path '/'
2026-05-13 10:17:32 INFO  [restartedMain] c.p.d.p.DiagnosticsPaymentServiceApplication requestId= tenantId= hospitalId= branchId= userId= - Started DiagnosticsPaymentServiceApplication in 26.863 seconds (process running for 32.658)
2026-05-13 11:27:11 INFO  [http-nio-8095-exec-1] o.a.c.c.C.[Tomcat].[localhost].[/] requestId= tenantId= hospitalId= branchId= userId= - Initializing Spring DispatcherServlet 'dispatcherServlet'
2026-05-13 11:27:11 INFO  [http-nio-8095-exec-1] o.s.web.servlet.DispatcherServlet requestId= tenantId= hospitalId= branchId= userId= - Initializing Servlet 'dispatcherServlet'
2026-05-13 11:27:11 INFO  [http-nio-8095-exec-1] o.s.web.servlet.DispatcherServlet requestId= tenantId= hospitalId= branchId= userId= - Completed initialization in 3 ms
2026-05-13 11:27:12 INFO  [http-nio-8095-exec-1] c.p.d.p.p.c.PaymentReportController requestId=c137e19e-fd40-41b9-9734-1aa4283b8a47 tenantId=1 hospitalId=1 branchId=br_main userId=1 - Create export job API called. reportType=Ledger format=XLSX
2026-05-13 11:27:12 INFO  [http-nio-8095-exec-1] com.zaxxer.hikari.HikariDataSource requestId=c137e19e-fd40-41b9-9734-1aa4283b8a47 tenantId=1 hospitalId=1 branchId=br_main userId=1 - HikariPool-1 - Starting...
2026-05-13 11:27:12 INFO  [http-nio-8095-exec-1] com.zaxxer.hikari.pool.HikariPool requestId=c137e19e-fd40-41b9-9734-1aa4283b8a47 tenantId=1 hospitalId=1 branchId=br_main userId=1 - HikariPool-1 - Added connection com.mysql.cj.jdbc.ConnectionImpl@7260473a
2026-05-13 11:27:12 INFO  [http-nio-8095-exec-1] com.zaxxer.hikari.HikariDataSource requestId=c137e19e-fd40-41b9-9734-1aa4283b8a47 tenantId=1 hospitalId=1 branchId=br_main userId=1 - HikariPool-1 - Start completed.
2026-05-13 11:27:12 INFO  [http-nio-8095-exec-1] c.p.d.p.p.s.PaymentReportService requestId=c137e19e-fd40-41b9-9734-1aa4283b8a47 tenantId=1 hospitalId=1 branchId=br_main userId=1 - Creating export job. tenantId=1 hospitalId=1 branchId=br_main reportType=Ledger format=XLSX fromDate=2026-05-11 toDate=2026-05-11
2026-05-13 11:30:18 INFO  [File Watcher] o.s.b.d.a.LocalDevToolsAutoConfiguration$RestartingClassPathChangeChangedEventListener requestId= tenantId= hospitalId= branchId= userId= - Restarting due to 1 class path change (0 additions, 0 deletions, 1 modification)
2026-05-13 11:30:18 INFO  [Thread-1] o.s.b.w.e.tomcat.GracefulShutdown requestId= tenantId= hospitalId= branchId= userId= - Commencing graceful shutdown. Waiting for active requests to complete
2026-05-13 11:30:18 INFO  [tomcat-shutdown] o.s.b.w.e.tomcat.GracefulShutdown requestId= tenantId= hospitalId= branchId= userId= - Graceful shutdown complete
2026-05-13 11:30:18 INFO  [Thread-1] com.zaxxer.hikari.HikariDataSource requestId= tenantId= hospitalId= branchId= userId= - HikariPool-1 - Shutdown initiated...
2026-05-13 11:30:18 INFO  [Thread-1] com.zaxxer.hikari.HikariDataSource requestId= tenantId= hospitalId= branchId= userId= - HikariPool-1 - Shutdown completed.
2026-05-13 11:30:18 INFO  [restartedMain] c.p.d.p.DiagnosticsPaymentServiceApplication requestId= tenantId= hospitalId= branchId= userId= - Starting DiagnosticsPaymentServiceApplication using Java 17.0.8 with PID 25892 (C:\Users\ms\OneDrive\Desktop\diagnostics-payment-service\target\classes started by ms in C:\Users\ms\OneDrive\Desktop\diagnostics-payment-service)
2026-05-13 11:30:18 DEBUG [restartedMain] c.p.d.p.DiagnosticsPaymentServiceApplication requestId= tenantId= hospitalId= branchId= userId= - Running with Spring Boot v3.4.4, Spring v6.2.5
2026-05-13 11:30:18 INFO  [restartedMain] c.p.d.p.DiagnosticsPaymentServiceApplication requestId= tenantId= hospitalId= branchId= userId= - No active profile set, falling back to 1 default profile: "default"
2026-05-13 11:30:21 INFO  [restartedMain] o.s.b.w.e.tomcat.TomcatWebServer requestId= tenantId= hospitalId= branchId= userId= - Tomcat initialized with port 8095 (http)
2026-05-13 11:30:21 INFO  [restartedMain] o.a.catalina.core.StandardService requestId= tenantId= hospitalId= branchId= userId= - Starting service [Tomcat]
2026-05-13 11:30:21 INFO  [restartedMain] o.a.catalina.core.StandardEngine requestId= tenantId= hospitalId= branchId= userId= - Starting Servlet engine: [Apache Tomcat/10.1.39]
2026-05-13 11:30:21 INFO  [restartedMain] o.a.c.c.C.[Tomcat].[localhost].[/] requestId= tenantId= hospitalId= branchId= userId= - Initializing Spring embedded WebApplicationContext
2026-05-13 11:30:21 INFO  [restartedMain] o.s.b.w.s.c.ServletWebServerApplicationContext requestId= tenantId= hospitalId= branchId= userId= - Root WebApplicationContext: initialization completed in 2635 ms
2026-05-13 11:30:21 DEBUG [restartedMain] c.p.d.p.s.JwtAuthenticationFilter requestId= tenantId= hospitalId= branchId= userId= - Filter 'jwtAuthenticationFilter' configured for use
2026-05-13 11:30:21 DEBUG [restartedMain] c.p.d.p.logging.RequestMdcFilter requestId= tenantId= hospitalId= branchId= userId= - Filter 'requestMdcFilter' configured for use
2026-05-13 11:30:23 WARN  [restartedMain] o.s.b.a.s.s.UserDetailsServiceAutoConfiguration requestId= tenantId= hospitalId= branchId= userId= - 

Using generated security password: 31ec53e7-cbda-46df-82d1-db4d3faefe2c

This generated password is for development use only. Your security configuration must be updated before running your application in production.

2026-05-13 11:30:23 INFO  [restartedMain] o.s.s.c.a.a.c.InitializeUserDetailsBeanManagerConfigurer$InitializeUserDetailsManagerConfigurer requestId= tenantId= hospitalId= branchId= userId= - Global AuthenticationManager configured with UserDetailsService bean with name inMemoryUserDetailsManager
2026-05-13 11:30:23 WARN  [restartedMain] o.s.b.d.a.OptionalLiveReloadServer requestId= tenantId= hospitalId= branchId= userId= - Unable to start LiveReload server
2026-05-13 11:30:23 INFO  [restartedMain] o.s.b.w.e.tomcat.TomcatWebServer requestId= tenantId= hospitalId= branchId= userId= - Tomcat started on port 8095 (http) with context path '/'
2026-05-13 11:30:23 INFO  [restartedMain] c.p.d.p.DiagnosticsPaymentServiceApplication requestId= tenantId= hospitalId= branchId= userId= - Started DiagnosticsPaymentServiceApplication in 5.009 seconds (process running for 4403.494)
2026-05-13 11:30:23 INFO  [restartedMain] o.s.b.d.a.ConditionEvaluationDeltaLoggingListener requestId= tenantId= hospitalId= branchId= userId= - Condition evaluation unchanged
2026-05-13 11:31:52 INFO  [File Watcher] o.s.b.d.a.LocalDevToolsAutoConfiguration$RestartingClassPathChangeChangedEventListener requestId= tenantId= hospitalId= branchId= userId= - Restarting due to 1 class path change (0 additions, 0 deletions, 1 modification)
2026-05-13 11:31:52 INFO  [Thread-5] o.s.b.w.e.tomcat.GracefulShutdown requestId= tenantId= hospitalId= branchId= userId= - Commencing graceful shutdown. Waiting for active requests to complete
2026-05-13 11:31:52 INFO  [tomcat-shutdown] o.s.b.w.e.tomcat.GracefulShutdown requestId= tenantId= hospitalId= branchId= userId= - Graceful shutdown complete
2026-05-13 11:31:52 INFO  [restartedMain] c.p.d.p.DiagnosticsPaymentServiceApplication requestId= tenantId= hospitalId= branchId= userId= - Starting DiagnosticsPaymentServiceApplication using Java 17.0.8 with PID 25892 (C:\Users\ms\OneDrive\Desktop\diagnostics-payment-service\target\classes started by ms in C:\Users\ms\OneDrive\Desktop\diagnostics-payment-service)
2026-05-13 11:31:52 DEBUG [restartedMain] c.p.d.p.DiagnosticsPaymentServiceApplication requestId= tenantId= hospitalId= branchId= userId= - Running with Spring Boot v3.4.4, Spring v6.2.5
2026-05-13 11:31:52 INFO  [restartedMain] c.p.d.p.DiagnosticsPaymentServiceApplication requestId= tenantId= hospitalId= branchId= userId= - No active profile set, falling back to 1 default profile: "default"
2026-05-13 11:31:53 INFO  [restartedMain] o.s.b.w.e.tomcat.TomcatWebServer requestId= tenantId= hospitalId= branchId= userId= - Tomcat initialized with port 8095 (http)
2026-05-13 11:31:53 INFO  [restartedMain] o.a.catalina.core.StandardService requestId= tenantId= hospitalId= branchId= userId= - Starting service [Tomcat]
2026-05-13 11:31:53 INFO  [restartedMain] o.a.catalina.core.StandardEngine requestId= tenantId= hospitalId= branchId= userId= - Starting Servlet engine: [Apache Tomcat/10.1.39]
2026-05-13 11:31:53 INFO  [restartedMain] o.a.c.c.C.[Tomcat].[localhost].[/] requestId= tenantId= hospitalId= branchId= userId= - Initializing Spring embedded WebApplicationContext
2026-05-13 11:31:53 INFO  [restartedMain] o.s.b.w.s.c.ServletWebServerApplicationContext requestId= tenantId= hospitalId= branchId= userId= - Root WebApplicationContext: initialization completed in 1116 ms
2026-05-13 11:31:53 DEBUG [restartedMain] c.p.d.p.s.JwtAuthenticationFilter requestId= tenantId= hospitalId= branchId= userId= - Filter 'jwtAuthenticationFilter' configured for use
2026-05-13 11:31:53 DEBUG [restartedMain] c.p.d.p.logging.RequestMdcFilter requestId= tenantId= hospitalId= branchId= userId= - Filter 'requestMdcFilter' configured for use
2026-05-13 11:31:54 WARN  [restartedMain] o.s.b.a.s.s.UserDetailsServiceAutoConfiguration requestId= tenantId= hospitalId= branchId= userId= - 

Using generated security password: 4503615e-edeb-466d-9359-50d57768af5a

This generated password is for development use only. Your security configuration must be updated before running your application in production.

2026-05-13 11:31:54 INFO  [restartedMain] o.s.s.c.a.a.c.InitializeUserDetailsBeanManagerConfigurer$InitializeUserDetailsManagerConfigurer requestId= tenantId= hospitalId= branchId= userId= - Global AuthenticationManager configured with UserDetailsService bean with name inMemoryUserDetailsManager
2026-05-13 11:31:54 WARN  [restartedMain] o.s.b.d.a.OptionalLiveReloadServer requestId= tenantId= hospitalId= branchId= userId= - Unable to start LiveReload server
2026-05-13 11:31:54 INFO  [restartedMain] o.s.b.w.e.tomcat.TomcatWebServer requestId= tenantId= hospitalId= branchId= userId= - Tomcat started on port 8095 (http) with context path '/'
2026-05-13 11:31:54 INFO  [restartedMain] c.p.d.p.DiagnosticsPaymentServiceApplication requestId= tenantId= hospitalId= branchId= userId= - Started DiagnosticsPaymentServiceApplication in 2.263 seconds (process running for 4494.625)
2026-05-13 11:31:54 INFO  [restartedMain] o.s.b.d.a.ConditionEvaluationDeltaLoggingListener requestId= tenantId= hospitalId= branchId= userId= - Condition evaluation unchanged
2026-05-13 11:32:28 INFO  [File Watcher] o.s.b.d.a.LocalDevToolsAutoConfiguration$RestartingClassPathChangeChangedEventListener requestId= tenantId= hospitalId= branchId= userId= - Restarting due to 1 class path change (0 additions, 0 deletions, 1 modification)
2026-05-13 11:32:28 INFO  [Thread-9] o.s.b.w.e.tomcat.GracefulShutdown requestId= tenantId= hospitalId= branchId= userId= - Commencing graceful shutdown. Waiting for active requests to complete
2026-05-13 11:32:28 INFO  [tomcat-shutdown] o.s.b.w.e.tomcat.GracefulShutdown requestId= tenantId= hospitalId= branchId= userId= - Graceful shutdown complete
2026-05-13 11:32:29 INFO  [restartedMain] c.p.d.p.DiagnosticsPaymentServiceApplication requestId= tenantId= hospitalId= branchId= userId= - Starting DiagnosticsPaymentServiceApplication using Java 17.0.8 with PID 25892 (C:\Users\ms\OneDrive\Desktop\diagnostics-payment-service\target\classes started by ms in C:\Users\ms\OneDrive\Desktop\diagnostics-payment-service)
2026-05-13 11:32:29 DEBUG [restartedMain] c.p.d.p.DiagnosticsPaymentServiceApplication requestId= tenantId= hospitalId= branchId= userId= - Running with Spring Boot v3.4.4, Spring v6.2.5
2026-05-13 11:32:29 INFO  [restartedMain] c.p.d.p.DiagnosticsPaymentServiceApplication requestId= tenantId= hospitalId= branchId= userId= - No active profile set, falling back to 1 default profile: "default"
2026-05-13 11:32:29 INFO  [restartedMain] o.s.b.w.e.tomcat.TomcatWebServer requestId= tenantId= hospitalId= branchId= userId= - Tomcat initialized with port 8095 (http)
2026-05-13 11:32:29 INFO  [restartedMain] o.a.catalina.core.StandardService requestId= tenantId= hospitalId= branchId= userId= - Starting service [Tomcat]
2026-05-13 11:32:29 INFO  [restartedMain] o.a.catalina.core.StandardEngine requestId= tenantId= hospitalId= branchId= userId= - Starting Servlet engine: [Apache Tomcat/10.1.39]
2026-05-13 11:32:29 INFO  [restartedMain] o.a.c.c.C.[Tomcat].[localhost].[/] requestId= tenantId= hospitalId= branchId= userId= - Initializing Spring embedded WebApplicationContext
2026-05-13 11:32:29 INFO  [restartedMain] o.s.b.w.s.c.ServletWebServerApplicationContext requestId= tenantId= hospitalId= branchId= userId= - Root WebApplicationContext: initialization completed in 775 ms
2026-05-13 11:32:29 DEBUG [restartedMain] c.p.d.p.s.JwtAuthenticationFilter requestId= tenantId= hospitalId= branchId= userId= - Filter 'jwtAuthenticationFilter' configured for use
2026-05-13 11:32:29 DEBUG [restartedMain] c.p.d.p.logging.RequestMdcFilter requestId= tenantId= hospitalId= branchId= userId= - Filter 'requestMdcFilter' configured for use
2026-05-13 11:32:30 WARN  [restartedMain] o.s.b.a.s.s.UserDetailsServiceAutoConfiguration requestId= tenantId= hospitalId= branchId= userId= - 

Using generated security password: ae0b087e-6443-422b-b522-52fe86b9957a

This generated password is for development use only. Your security configuration must be updated before running your application in production.

2026-05-13 11:32:30 INFO  [restartedMain] o.s.s.c.a.a.c.InitializeUserDetailsBeanManagerConfigurer$InitializeUserDetailsManagerConfigurer requestId= tenantId= hospitalId= branchId= userId= - Global AuthenticationManager configured with UserDetailsService bean with name inMemoryUserDetailsManager
2026-05-13 11:32:30 WARN  [restartedMain] o.s.b.d.a.OptionalLiveReloadServer requestId= tenantId= hospitalId= branchId= userId= - Unable to start LiveReload server
2026-05-13 11:32:30 INFO  [restartedMain] o.s.b.w.e.tomcat.TomcatWebServer requestId= tenantId= hospitalId= branchId= userId= - Tomcat started on port 8095 (http) with context path '/'
2026-05-13 11:32:30 INFO  [restartedMain] c.p.d.p.DiagnosticsPaymentServiceApplication requestId= tenantId= hospitalId= branchId= userId= - Started DiagnosticsPaymentServiceApplication in 1.621 seconds (process running for 4530.424)
2026-05-13 11:32:30 INFO  [restartedMain] o.s.b.d.a.ConditionEvaluationDeltaLoggingListener requestId= tenantId= hospitalId= branchId= userId= - Condition evaluation unchanged
2026-05-13 11:33:11 INFO  [File Watcher] o.s.b.d.a.LocalDevToolsAutoConfiguration$RestartingClassPathChangeChangedEventListener requestId= tenantId= hospitalId= branchId= userId= - Restarting due to 1 class path change (0 additions, 0 deletions, 1 modification)
2026-05-13 11:33:11 INFO  [Thread-13] o.s.b.w.e.tomcat.GracefulShutdown requestId= tenantId= hospitalId= branchId= userId= - Commencing graceful shutdown. Waiting for active requests to complete
2026-05-13 11:33:12 INFO  [tomcat-shutdown] o.s.b.w.e.tomcat.GracefulShutdown requestId= tenantId= hospitalId= branchId= userId= - Graceful shutdown complete
2026-05-13 11:33:12 INFO  [restartedMain] c.p.d.p.DiagnosticsPaymentServiceApplication requestId= tenantId= hospitalId= branchId= userId= - Starting DiagnosticsPaymentServiceApplication using Java 17.0.8 with PID 25892 (C:\Users\ms\OneDrive\Desktop\diagnostics-payment-service\target\classes started by ms in C:\Users\ms\OneDrive\Desktop\diagnostics-payment-service)
2026-05-13 11:33:12 DEBUG [restartedMain] c.p.d.p.DiagnosticsPaymentServiceApplication requestId= tenantId= hospitalId= branchId= userId= - Running with Spring Boot v3.4.4, Spring v6.2.5
2026-05-13 11:33:12 INFO  [restartedMain] c.p.d.p.DiagnosticsPaymentServiceApplication requestId= tenantId= hospitalId= branchId= userId= - No active profile set, falling back to 1 default profile: "default"
2026-05-13 11:33:12 INFO  [restartedMain] o.s.b.w.e.tomcat.TomcatWebServer requestId= tenantId= hospitalId= branchId= userId= - Tomcat initialized with port 8095 (http)
2026-05-13 11:33:12 INFO  [restartedMain] o.a.catalina.core.StandardService requestId= tenantId= hospitalId= branchId= userId= - Starting service [Tomcat]
2026-05-13 11:33:12 INFO  [restartedMain] o.a.catalina.core.StandardEngine requestId= tenantId= hospitalId= branchId= userId= - Starting Servlet engine: [Apache Tomcat/10.1.39]
2026-05-13 11:33:12 INFO  [restartedMain] o.a.c.c.C.[Tomcat].[localhost].[/] requestId= tenantId= hospitalId= branchId= userId= - Initializing Spring embedded WebApplicationContext
2026-05-13 11:33:12 INFO  [restartedMain] o.s.b.w.s.c.ServletWebServerApplicationContext requestId= tenantId= hospitalId= branchId= userId= - Root WebApplicationContext: initialization completed in 679 ms
2026-05-13 11:33:12 DEBUG [restartedMain] c.p.d.p.s.JwtAuthenticationFilter requestId= tenantId= hospitalId= branchId= userId= - Filter 'jwtAuthenticationFilter' configured for use
2026-05-13 11:33:12 DEBUG [restartedMain] c.p.d.p.logging.RequestMdcFilter requestId= tenantId= hospitalId= branchId= userId= - Filter 'requestMdcFilter' configured for use
2026-05-13 11:33:13 WARN  [restartedMain] o.s.b.a.s.s.UserDetailsServiceAutoConfiguration requestId= tenantId= hospitalId= branchId= userId= - 

Using generated security password: 4a7060d5-4e23-4027-8cda-d0bb342daf99

This generated password is for development use only. Your security configuration must be updated before running your application in production.

2026-05-13 11:33:13 INFO  [restartedMain] o.s.s.c.a.a.c.InitializeUserDetailsBeanManagerConfigurer$InitializeUserDetailsManagerConfigurer requestId= tenantId= hospitalId= branchId= userId= - Global AuthenticationManager configured with UserDetailsService bean with name inMemoryUserDetailsManager
2026-05-13 11:33:13 WARN  [restartedMain] o.s.b.d.a.OptionalLiveReloadServer requestId= tenantId= hospitalId= branchId= userId= - Unable to start LiveReload server
2026-05-13 11:33:13 INFO  [restartedMain] o.s.b.w.e.tomcat.TomcatWebServer requestId= tenantId= hospitalId= branchId= userId= - Tomcat started on port 8095 (http) with context path '/'
2026-05-13 11:33:13 INFO  [restartedMain] c.p.d.p.DiagnosticsPaymentServiceApplication requestId= tenantId= hospitalId= branchId= userId= - Started DiagnosticsPaymentServiceApplication in 1.311 seconds (process running for 4573.129)
2026-05-13 11:33:13 INFO  [restartedMain] o.s.b.d.a.ConditionEvaluationDeltaLoggingListener requestId= tenantId= hospitalId= branchId= userId= - Condition evaluation unchanged
2026-05-13 11:33:46 INFO  [File Watcher] o.s.b.d.a.LocalDevToolsAutoConfiguration$RestartingClassPathChangeChangedEventListener requestId= tenantId= hospitalId= branchId= userId= - Restarting due to 1 class path change (0 additions, 0 deletions, 1 modification)
2026-05-13 11:33:46 INFO  [Thread-17] o.s.b.w.e.tomcat.GracefulShutdown requestId= tenantId= hospitalId= branchId= userId= - Commencing graceful shutdown. Waiting for active requests to complete
2026-05-13 11:33:46 INFO  [tomcat-shutdown] o.s.b.w.e.tomcat.GracefulShutdown requestId= tenantId= hospitalId= branchId= userId= - Graceful shutdown complete
2026-05-13 11:33:46 INFO  [restartedMain] c.p.d.p.DiagnosticsPaymentServiceApplication requestId= tenantId= hospitalId= branchId= userId= - Starting DiagnosticsPaymentServiceApplication using Java 17.0.8 with PID 25892 (C:\Users\ms\OneDrive\Desktop\diagnostics-payment-service\target\classes started by ms in C:\Users\ms\OneDrive\Desktop\diagnostics-payment-service)
2026-05-13 11:33:46 DEBUG [restartedMain] c.p.d.p.DiagnosticsPaymentServiceApplication requestId= tenantId= hospitalId= branchId= userId= - Running with Spring Boot v3.4.4, Spring v6.2.5
2026-05-13 11:33:46 INFO  [restartedMain] c.p.d.p.DiagnosticsPaymentServiceApplication requestId= tenantId= hospitalId= branchId= userId= - No active profile set, falling back to 1 default profile: "default"
2026-05-13 11:33:47 INFO  [restartedMain] o.s.b.w.e.tomcat.TomcatWebServer requestId= tenantId= hospitalId= branchId= userId= - Tomcat initialized with port 8095 (http)
2026-05-13 11:33:47 INFO  [restartedMain] o.a.catalina.core.StandardService requestId= tenantId= hospitalId= branchId= userId= - Starting service [Tomcat]
2026-05-13 11:33:47 INFO  [restartedMain] o.a.catalina.core.StandardEngine requestId= tenantId= hospitalId= branchId= userId= - Starting Servlet engine: [Apache Tomcat/10.1.39]
2026-05-13 11:33:47 INFO  [restartedMain] o.a.c.c.C.[Tomcat].[localhost].[/] requestId= tenantId= hospitalId= branchId= userId= - Initializing Spring embedded WebApplicationContext
2026-05-13 11:33:47 INFO  [restartedMain] o.s.b.w.s.c.ServletWebServerApplicationContext requestId= tenantId= hospitalId= branchId= userId= - Root WebApplicationContext: initialization completed in 1171 ms
2026-05-13 11:33:47 DEBUG [restartedMain] c.p.d.p.s.JwtAuthenticationFilter requestId= tenantId= hospitalId= branchId= userId= - Filter 'jwtAuthenticationFilter' configured for use
2026-05-13 11:33:47 DEBUG [restartedMain] c.p.d.p.logging.RequestMdcFilter requestId= tenantId= hospitalId= branchId= userId= - Filter 'requestMdcFilter' configured for use
2026-05-13 11:33:48 WARN  [restartedMain] o.s.b.a.s.s.UserDetailsServiceAutoConfiguration requestId= tenantId= hospitalId= branchId= userId= - 

Using generated security password: f4150eb4-f70e-48c1-8ecf-c26a46154a2f

This generated password is for development use only. Your security configuration must be updated before running your application in production.

2026-05-13 11:33:48 INFO  [restartedMain] o.s.s.c.a.a.c.InitializeUserDetailsBeanManagerConfigurer$InitializeUserDetailsManagerConfigurer requestId= tenantId= hospitalId= branchId= userId= - Global AuthenticationManager configured with UserDetailsService bean with name inMemoryUserDetailsManager
2026-05-13 11:33:48 WARN  [restartedMain] o.s.b.d.a.OptionalLiveReloadServer requestId= tenantId= hospitalId= branchId= userId= - Unable to start LiveReload server
2026-05-13 11:33:48 INFO  [restartedMain] o.s.b.w.e.tomcat.TomcatWebServer requestId= tenantId= hospitalId= branchId= userId= - Tomcat started on port 8095 (http) with context path '/'
2026-05-13 11:33:48 INFO  [restartedMain] c.p.d.p.DiagnosticsPaymentServiceApplication requestId= tenantId= hospitalId= branchId= userId= - Started DiagnosticsPaymentServiceApplication in 1.963 seconds (process running for 4608.333)
2026-05-13 11:33:48 INFO  [restartedMain] o.s.b.d.a.ConditionEvaluationDeltaLoggingListener requestId= tenantId= hospitalId= branchId= userId= - Condition evaluation unchanged
2026-05-13 11:34:07 INFO  [RMI TCP Connection(74)-127.0.0.1] o.s.b.a.SpringApplicationAdminMXBeanRegistrar$SpringApplicationAdmin requestId= tenantId= hospitalId= branchId= userId= - Application shutdown requested.
2026-05-13 11:34:07 INFO  [RMI TCP Connection(74)-127.0.0.1] o.s.b.w.e.tomcat.GracefulShutdown requestId= tenantId= hospitalId= branchId= userId= - Commencing graceful shutdown. Waiting for active requests to complete
2026-05-13 11:34:07 INFO  [tomcat-shutdown] o.s.b.w.e.tomcat.GracefulShutdown requestId= tenantId= hospitalId= branchId= userId= - Graceful shutdown complete
2026-05-13 11:34:23 INFO  [restartedMain] c.p.d.p.DiagnosticsPaymentServiceApplication requestId= tenantId= hospitalId= branchId= userId= - Starting DiagnosticsPaymentServiceApplication using Java 17.0.8 with PID 19248 (C:\Users\ms\OneDrive\Desktop\diagnostics-payment-service\target\classes started by ms in C:\Users\ms\OneDrive\Desktop\diagnostics-payment-service)
2026-05-13 11:34:23 DEBUG [restartedMain] c.p.d.p.DiagnosticsPaymentServiceApplication requestId= tenantId= hospitalId= branchId= userId= - Running with Spring Boot v3.4.4, Spring v6.2.5
2026-05-13 11:34:23 INFO  [restartedMain] c.p.d.p.DiagnosticsPaymentServiceApplication requestId= tenantId= hospitalId= branchId= userId= - No active profile set, falling back to 1 default profile: "default"
2026-05-13 11:34:23 INFO  [restartedMain] o.s.b.d.e.DevToolsPropertyDefaultsPostProcessor requestId= tenantId= hospitalId= branchId= userId= - Devtools property defaults active! Set 'spring.devtools.add-properties' to 'false' to disable
2026-05-13 11:34:23 INFO  [restartedMain] o.s.b.d.e.DevToolsPropertyDefaultsPostProcessor requestId= tenantId= hospitalId= branchId= userId= - For additional web related logging consider setting the 'logging.level.web' property to 'DEBUG'
2026-05-13 11:34:25 INFO  [restartedMain] o.s.b.w.e.tomcat.TomcatWebServer requestId= tenantId= hospitalId= branchId= userId= - Tomcat initialized with port 8095 (http)
2026-05-13 11:34:25 INFO  [restartedMain] o.a.catalina.core.StandardService requestId= tenantId= hospitalId= branchId= userId= - Starting service [Tomcat]
2026-05-13 11:34:25 INFO  [restartedMain] o.a.catalina.core.StandardEngine requestId= tenantId= hospitalId= branchId= userId= - Starting Servlet engine: [Apache Tomcat/10.1.39]
2026-05-13 11:34:25 INFO  [restartedMain] o.a.c.c.C.[Tomcat].[localhost].[/] requestId= tenantId= hospitalId= branchId= userId= - Initializing Spring embedded WebApplicationContext
2026-05-13 11:34:25 INFO  [restartedMain] o.s.b.w.s.c.ServletWebServerApplicationContext requestId= tenantId= hospitalId= branchId= userId= - Root WebApplicationContext: initialization completed in 2157 ms
2026-05-13 11:34:25 DEBUG [restartedMain] c.p.d.p.s.JwtAuthenticationFilter requestId= tenantId= hospitalId= branchId= userId= - Filter 'jwtAuthenticationFilter' configured for use
2026-05-13 11:34:25 DEBUG [restartedMain] c.p.d.p.logging.RequestMdcFilter requestId= tenantId= hospitalId= branchId= userId= - Filter 'requestMdcFilter' configured for use
2026-05-13 11:34:26 WARN  [restartedMain] o.s.b.a.s.s.UserDetailsServiceAutoConfiguration requestId= tenantId= hospitalId= branchId= userId= - 

Using generated security password: fcb467de-0bfa-4a2e-bacb-ffc8e2e5722d

This generated password is for development use only. Your security configuration must be updated before running your application in production.

2026-05-13 11:34:26 INFO  [restartedMain] o.s.s.c.a.a.c.InitializeUserDetailsBeanManagerConfigurer$InitializeUserDetailsManagerConfigurer requestId= tenantId= hospitalId= branchId= userId= - Global AuthenticationManager configured with UserDetailsService bean with name inMemoryUserDetailsManager
2026-05-13 11:34:27 WARN  [restartedMain] o.s.b.d.a.OptionalLiveReloadServer requestId= tenantId= hospitalId= branchId= userId= - Unable to start LiveReload server
2026-05-13 11:34:27 INFO  [restartedMain] o.s.b.w.e.tomcat.TomcatWebServer requestId= tenantId= hospitalId= branchId= userId= - Tomcat started on port 8095 (http) with context path '/'
2026-05-13 11:34:27 INFO  [restartedMain] c.p.d.p.DiagnosticsPaymentServiceApplication requestId= tenantId= hospitalId= branchId= userId= - Started DiagnosticsPaymentServiceApplication in 4.349 seconds (process running for 5.751)
2026-05-13 11:37:53 INFO  [http-nio-8095-exec-2] o.a.c.c.C.[Tomcat].[localhost].[/] requestId= tenantId= hospitalId= branchId= userId= - Initializing Spring DispatcherServlet 'dispatcherServlet'
2026-05-13 11:37:53 INFO  [http-nio-8095-exec-2] o.s.web.servlet.DispatcherServlet requestId= tenantId= hospitalId= branchId= userId= - Initializing Servlet 'dispatcherServlet'
2026-05-13 11:37:53 INFO  [http-nio-8095-exec-2] o.s.web.servlet.DispatcherServlet requestId= tenantId= hospitalId= branchId= userId= - Completed initialization in 1 ms
2026-05-13 11:37:53 INFO  [http-nio-8095-exec-2] c.p.d.p.p.c.PaymentReportController requestId=req_20260512_011 tenantId=1 hospitalId=1 branchId=br_main userId=1 - Get export job API called. exportId=1
2026-05-13 11:37:53 INFO  [http-nio-8095-exec-2] c.p.d.p.p.s.PaymentReportService requestId=req_20260512_011 tenantId=1 hospitalId=1 branchId=br_main userId=1 - Fetching export job. tenantId=1 hospitalId=1 branchId=br_main exportId=1
2026-05-13 11:37:53 INFO  [http-nio-8095-exec-2] com.zaxxer.hikari.HikariDataSource requestId=req_20260512_011 tenantId=1 hospitalId=1 branchId=br_main userId=1 - HikariPool-1 - Starting...
2026-05-13 11:37:53 INFO  [http-nio-8095-exec-2] com.zaxxer.hikari.pool.HikariPool requestId=req_20260512_011 tenantId=1 hospitalId=1 branchId=br_main userId=1 - HikariPool-1 - Added connection com.mysql.cj.jdbc.ConnectionImpl@55e542e8
2026-05-13 11:37:53 INFO  [http-nio-8095-exec-2] com.zaxxer.hikari.HikariDataSource requestId=req_20260512_011 tenantId=1 hospitalId=1 branchId=br_main userId=1 - HikariPool-1 - Start completed.
2026-05-13 13:16:32 WARN  [HikariPool-1 housekeeper] com.zaxxer.hikari.pool.HikariPool requestId= tenantId= hospitalId= branchId= userId= - HikariPool-1 - Thread starvation or clock leap detected (housekeeper delta=28m6s800ms181µs900ns).
2026-05-13 14:25:57 WARN  [HikariPool-1 housekeeper] com.zaxxer.hikari.pool.HikariPool requestId= tenantId= hospitalId= branchId= userId= - HikariPool-1 - Thread starvation or clock leap detected (housekeeper delta=35m24s310ms714µs800ns).
2026-05-13 14:28:05 INFO  [File Watcher] o.s.b.d.a.LocalDevToolsAutoConfiguration$RestartingClassPathChangeChangedEventListener requestId= tenantId= hospitalId= branchId= userId= - Restarting due to 1 class path change (1 addition, 0 deletions, 0 modifications)
2026-05-13 14:28:05 INFO  [Thread-1] o.s.b.w.e.tomcat.GracefulShutdown requestId= tenantId= hospitalId= branchId= userId= - Commencing graceful shutdown. Waiting for active requests to complete
2026-05-13 14:28:07 INFO  [tomcat-shutdown] o.s.b.w.e.tomcat.GracefulShutdown requestId= tenantId= hospitalId= branchId= userId= - Graceful shutdown complete
2026-05-13 14:28:09 WARN  [Thread-1] o.apache.tomcat.util.net.NioEndpoint requestId= tenantId= hospitalId= branchId= userId= - The pollers did not stop within the expected time
2026-05-13 14:28:09 INFO  [Thread-1] com.zaxxer.hikari.HikariDataSource requestId= tenantId= hospitalId= branchId= userId= - HikariPool-1 - Shutdown initiated...
2026-05-13 14:28:09 INFO  [Thread-1] com.zaxxer.hikari.HikariDataSource requestId= tenantId= hospitalId= branchId= userId= - HikariPool-1 - Shutdown completed.
2026-05-13 14:28:10 INFO  [restartedMain] c.p.d.p.DiagnosticsPaymentServiceApplication requestId= tenantId= hospitalId= branchId= userId= - Starting DiagnosticsPaymentServiceApplication using Java 17.0.8 with PID 19248 (C:\Users\ms\OneDrive\Desktop\diagnostics-payment-service\target\classes started by ms in C:\Users\ms\OneDrive\Desktop\diagnostics-payment-service)
2026-05-13 14:28:10 DEBUG [restartedMain] c.p.d.p.DiagnosticsPaymentServiceApplication requestId= tenantId= hospitalId= branchId= userId= - Running with Spring Boot v3.4.4, Spring v6.2.5
2026-05-13 14:28:10 INFO  [restartedMain] c.p.d.p.DiagnosticsPaymentServiceApplication requestId= tenantId= hospitalId= branchId= userId= - No active profile set, falling back to 1 default profile: "default"
2026-05-13 14:28:12 INFO  [restartedMain] o.s.b.w.e.tomcat.TomcatWebServer requestId= tenantId= hospitalId= branchId= userId= - Tomcat initialized with port 8095 (http)
2026-05-13 14:28:12 INFO  [restartedMain] o.a.catalina.core.StandardService requestId= tenantId= hospitalId= branchId= userId= - Starting service [Tomcat]
2026-05-13 14:28:12 INFO  [restartedMain] o.a.catalina.core.StandardEngine requestId= tenantId= hospitalId= branchId= userId= - Starting Servlet engine: [Apache Tomcat/10.1.39]
2026-05-13 14:28:12 INFO  [restartedMain] o.a.c.c.C.[Tomcat].[localhost].[/] requestId= tenantId= hospitalId= branchId= userId= - Initializing Spring embedded WebApplicationContext
2026-05-13 14:28:12 INFO  [restartedMain] o.s.b.w.s.c.ServletWebServerApplicationContext requestId= tenantId= hospitalId= branchId= userId= - Root WebApplicationContext: initialization completed in 2077 ms
2026-05-13 14:28:13 DEBUG [restartedMain] c.p.d.p.s.JwtAuthenticationFilter requestId= tenantId= hospitalId= branchId= userId= - Filter 'jwtAuthenticationFilter' configured for use
2026-05-13 14:28:13 DEBUG [restartedMain] c.p.d.p.logging.RequestMdcFilter requestId= tenantId= hospitalId= branchId= userId= - Filter 'requestMdcFilter' configured for use
2026-05-13 14:28:13 WARN  [restartedMain] o.s.b.a.s.s.UserDetailsServiceAutoConfiguration requestId= tenantId= hospitalId= branchId= userId= - 

Using generated security password: 0509b003-e413-4c59-8a8c-f1097e010cb8

This generated password is for development use only. Your security configuration must be updated before running your application in production.

2026-05-13 14:28:13 INFO  [restartedMain] o.s.s.c.a.a.c.InitializeUserDetailsBeanManagerConfigurer$InitializeUserDetailsManagerConfigurer requestId= tenantId= hospitalId= branchId= userId= - Global AuthenticationManager configured with UserDetailsService bean with name inMemoryUserDetailsManager
2026-05-13 14:28:14 WARN  [restartedMain] o.s.b.d.a.OptionalLiveReloadServer requestId= tenantId= hospitalId= branchId= userId= - Unable to start LiveReload server
2026-05-13 14:28:14 INFO  [restartedMain] o.s.b.w.e.tomcat.TomcatWebServer requestId= tenantId= hospitalId= branchId= userId= - Tomcat started on port 8095 (http) with context path '/'
2026-05-13 14:28:14 INFO  [restartedMain] c.p.d.p.DiagnosticsPaymentServiceApplication requestId= tenantId= hospitalId= branchId= userId= - Started DiagnosticsPaymentServiceApplication in 3.592 seconds (process running for 10432.954)
2026-05-13 14:28:14 INFO  [restartedMain] o.s.b.d.a.ConditionEvaluationDeltaLoggingListener requestId= tenantId= hospitalId= branchId= userId= - Condition evaluation unchanged
2026-05-13 14:28:54 INFO  [File Watcher] o.s.b.d.a.LocalDevToolsAutoConfiguration$RestartingClassPathChangeChangedEventListener requestId= tenantId= hospitalId= branchId= userId= - Restarting due to 1 class path change (0 additions, 0 deletions, 1 modification)
2026-05-13 14:28:54 INFO  [Thread-5] o.s.b.w.e.tomcat.GracefulShutdown requestId= tenantId= hospitalId= branchId= userId= - Commencing graceful shutdown. Waiting for active requests to complete
2026-05-13 14:28:55 INFO  [tomcat-shutdown] o.s.b.w.e.tomcat.GracefulShutdown requestId= tenantId= hospitalId= branchId= userId= - Graceful shutdown complete
2026-05-13 14:28:56 INFO  [restartedMain] c.p.d.p.DiagnosticsPaymentServiceApplication requestId= tenantId= hospitalId= branchId= userId= - Starting DiagnosticsPaymentServiceApplication using Java 17.0.8 with PID 19248 (C:\Users\ms\OneDrive\Desktop\diagnostics-payment-service\target\classes started by ms in C:\Users\ms\OneDrive\Desktop\diagnostics-payment-service)
2026-05-13 14:28:56 DEBUG [restartedMain] c.p.d.p.DiagnosticsPaymentServiceApplication requestId= tenantId= hospitalId= branchId= userId= - Running with Spring Boot v3.4.4, Spring v6.2.5
2026-05-13 14:28:56 INFO  [restartedMain] c.p.d.p.DiagnosticsPaymentServiceApplication requestId= tenantId= hospitalId= branchId= userId= - No active profile set, falling back to 1 default profile: "default"
2026-05-13 14:28:56 INFO  [restartedMain] o.s.b.w.e.tomcat.TomcatWebServer requestId= tenantId= hospitalId= branchId= userId= - Tomcat initialized with port 8095 (http)
2026-05-13 14:28:56 INFO  [restartedMain] o.a.catalina.core.StandardService requestId= tenantId= hospitalId= branchId= userId= - Starting service [Tomcat]
2026-05-13 14:28:56 INFO  [restartedMain] o.a.catalina.core.StandardEngine requestId= tenantId= hospitalId= branchId= userId= - Starting Servlet engine: [Apache Tomcat/10.1.39]
2026-05-13 14:28:56 INFO  [restartedMain] o.a.c.c.C.[Tomcat].[localhost].[/] requestId= tenantId= hospitalId= branchId= userId= - Initializing Spring embedded WebApplicationContext
2026-05-13 14:28:56 INFO  [restartedMain] o.s.b.w.s.c.ServletWebServerApplicationContext requestId= tenantId= hospitalId= branchId= userId= - Root WebApplicationContext: initialization completed in 694 ms
2026-05-13 14:28:56 DEBUG [restartedMain] c.p.d.p.s.JwtAuthenticationFilter requestId= tenantId= hospitalId= branchId= userId= - Filter 'jwtAuthenticationFilter' configured for use
2026-05-13 14:28:56 DEBUG [restartedMain] c.p.d.p.logging.RequestMdcFilter requestId= tenantId= hospitalId= branchId= userId= - Filter 'requestMdcFilter' configured for use
2026-05-13 14:28:57 WARN  [restartedMain] o.s.b.a.s.s.UserDetailsServiceAutoConfiguration requestId= tenantId= hospitalId= branchId= userId= - 

Using generated security password: 26877aca-8cf9-4867-9f74-0fdc01b834c7

This generated password is for development use only. Your security configuration must be updated before running your application in production.

2026-05-13 14:28:57 INFO  [restartedMain] o.s.s.c.a.a.c.InitializeUserDetailsBeanManagerConfigurer$InitializeUserDetailsManagerConfigurer requestId= tenantId= hospitalId= branchId= userId= - Global AuthenticationManager configured with UserDetailsService bean with name inMemoryUserDetailsManager
2026-05-13 14:28:57 WARN  [restartedMain] o.s.b.d.a.OptionalLiveReloadServer requestId= tenantId= hospitalId= branchId= userId= - Unable to start LiveReload server
2026-05-13 14:28:57 INFO  [restartedMain] o.s.b.w.e.tomcat.TomcatWebServer requestId= tenantId= hospitalId= branchId= userId= - Tomcat started on port 8095 (http) with context path '/'
2026-05-13 14:28:57 INFO  [restartedMain] c.p.d.p.DiagnosticsPaymentServiceApplication requestId= tenantId= hospitalId= branchId= userId= - Started DiagnosticsPaymentServiceApplication in 1.391 seconds (process running for 10476.018)
2026-05-13 14:28:57 INFO  [restartedMain] o.s.b.d.a.ConditionEvaluationDeltaLoggingListener requestId= tenantId= hospitalId= branchId= userId= - Condition evaluation unchanged
2026-05-13 14:29:50 INFO  [File Watcher] o.s.b.d.a.LocalDevToolsAutoConfiguration$RestartingClassPathChangeChangedEventListener requestId= tenantId= hospitalId= branchId= userId= - Restarting due to 1 class path change (0 additions, 0 deletions, 1 modification)
2026-05-13 14:29:50 INFO  [Thread-9] o.s.b.w.e.tomcat.GracefulShutdown requestId= tenantId= hospitalId= branchId= userId= - Commencing graceful shutdown. Waiting for active requests to complete
2026-05-13 14:29:51 INFO  [tomcat-shutdown] o.s.b.w.e.tomcat.GracefulShutdown requestId= tenantId= hospitalId= branchId= userId= - Graceful shutdown complete
2026-05-13 14:29:51 INFO  [restartedMain] c.p.d.p.DiagnosticsPaymentServiceApplication requestId= tenantId= hospitalId= branchId= userId= - Starting DiagnosticsPaymentServiceApplication using Java 17.0.8 with PID 19248 (C:\Users\ms\OneDrive\Desktop\diagnostics-payment-service\target\classes started by ms in C:\Users\ms\OneDrive\Desktop\diagnostics-payment-service)
2026-05-13 14:29:51 DEBUG [restartedMain] c.p.d.p.DiagnosticsPaymentServiceApplication requestId= tenantId= hospitalId= branchId= userId= - Running with Spring Boot v3.4.4, Spring v6.2.5
2026-05-13 14:29:51 INFO  [restartedMain] c.p.d.p.DiagnosticsPaymentServiceApplication requestId= tenantId= hospitalId= branchId= userId= - No active profile set, falling back to 1 default profile: "default"
2026-05-13 14:29:52 INFO  [restartedMain] o.s.b.w.e.tomcat.TomcatWebServer requestId= tenantId= hospitalId= branchId= userId= - Tomcat initialized with port 8095 (http)
2026-05-13 14:29:52 INFO  [restartedMain] o.a.catalina.core.StandardService requestId= tenantId= hospitalId= branchId= userId= - Starting service [Tomcat]
2026-05-13 14:29:52 INFO  [restartedMain] o.a.catalina.core.StandardEngine requestId= tenantId= hospitalId= branchId= userId= - Starting Servlet engine: [Apache Tomcat/10.1.39]
2026-05-13 14:29:52 INFO  [restartedMain] o.a.c.c.C.[Tomcat].[localhost].[/] requestId= tenantId= hospitalId= branchId= userId= - Initializing Spring embedded WebApplicationContext
2026-05-13 14:29:52 INFO  [restartedMain] o.s.b.w.s.c.ServletWebServerApplicationContext requestId= tenantId= hospitalId= branchId= userId= - Root WebApplicationContext: initialization completed in 973 ms
2026-05-13 14:29:52 DEBUG [restartedMain] c.p.d.p.s.JwtAuthenticationFilter requestId= tenantId= hospitalId= branchId= userId= - Filter 'jwtAuthenticationFilter' configured for use
2026-05-13 14:29:52 DEBUG [restartedMain] c.p.d.p.logging.RequestMdcFilter requestId= tenantId= hospitalId= branchId= userId= - Filter 'requestMdcFilter' configured for use
2026-05-13 14:29:52 WARN  [restartedMain] o.s.b.a.s.s.UserDetailsServiceAutoConfiguration requestId= tenantId= hospitalId= branchId= userId= - 

Using generated security password: bad1aef2-3bb7-4e61-b5b1-fe508c1fecf1

This generated password is for development use only. Your security configuration must be updated before running your application in production.

2026-05-13 14:29:52 INFO  [restartedMain] o.s.s.c.a.a.c.InitializeUserDetailsBeanManagerConfigurer$InitializeUserDetailsManagerConfigurer requestId= tenantId= hospitalId= branchId= userId= - Global AuthenticationManager configured with UserDetailsService bean with name inMemoryUserDetailsManager
2026-05-13 14:29:53 WARN  [restartedMain] o.s.b.d.a.OptionalLiveReloadServer requestId= tenantId= hospitalId= branchId= userId= - Unable to start LiveReload server
2026-05-13 14:29:53 INFO  [restartedMain] o.s.b.w.e.tomcat.TomcatWebServer requestId= tenantId= hospitalId= branchId= userId= - Tomcat started on port 8095 (http) with context path '/'
2026-05-13 14:29:53 INFO  [restartedMain] c.p.d.p.DiagnosticsPaymentServiceApplication requestId= tenantId= hospitalId= branchId= userId= - Started DiagnosticsPaymentServiceApplication in 1.785 seconds (process running for 10531.733)
2026-05-13 14:29:53 INFO  [restartedMain] o.s.b.d.a.ConditionEvaluationDeltaLoggingListener requestId= tenantId= hospitalId= branchId= userId= - Condition evaluation unchanged
2026-05-13 14:30:35 INFO  [File Watcher] o.s.b.d.a.LocalDevToolsAutoConfiguration$RestartingClassPathChangeChangedEventListener requestId= tenantId= hospitalId= branchId= userId= - Restarting due to 1 class path change (0 additions, 0 deletions, 1 modification)
2026-05-13 14:30:35 INFO  [Thread-13] o.s.b.w.e.tomcat.GracefulShutdown requestId= tenantId= hospitalId= branchId= userId= - Commencing graceful shutdown. Waiting for active requests to complete
2026-05-13 14:30:37 INFO  [tomcat-shutdown] o.s.b.w.e.tomcat.GracefulShutdown requestId= tenantId= hospitalId= branchId= userId= - Graceful shutdown complete
2026-05-13 14:30:37 INFO  [restartedMain] c.p.d.p.DiagnosticsPaymentServiceApplication requestId= tenantId= hospitalId= branchId= userId= - Starting DiagnosticsPaymentServiceApplication using Java 17.0.8 with PID 19248 (C:\Users\ms\OneDrive\Desktop\diagnostics-payment-service\target\classes started by ms in C:\Users\ms\OneDrive\Desktop\diagnostics-payment-service)
2026-05-13 14:30:37 DEBUG [restartedMain] c.p.d.p.DiagnosticsPaymentServiceApplication requestId= tenantId= hospitalId= branchId= userId= - Running with Spring Boot v3.4.4, Spring v6.2.5
2026-05-13 14:30:37 INFO  [restartedMain] c.p.d.p.DiagnosticsPaymentServiceApplication requestId= tenantId= hospitalId= branchId= userId= - No active profile set, falling back to 1 default profile: "default"
2026-05-13 14:30:40 INFO  [restartedMain] o.s.b.w.e.tomcat.TomcatWebServer requestId= tenantId= hospitalId= branchId= userId= - Tomcat initialized with port 8095 (http)
2026-05-13 14:30:40 INFO  [restartedMain] o.a.catalina.core.StandardService requestId= tenantId= hospitalId= branchId= userId= - Starting service [Tomcat]
2026-05-13 14:30:40 INFO  [restartedMain] o.a.catalina.core.StandardEngine requestId= tenantId= hospitalId= branchId= userId= - Starting Servlet engine: [Apache Tomcat/10.1.39]
2026-05-13 14:30:40 INFO  [restartedMain] o.a.c.c.C.[Tomcat].[localhost].[/] requestId= tenantId= hospitalId= branchId= userId= - Initializing Spring embedded WebApplicationContext
2026-05-13 14:30:40 INFO  [restartedMain] o.s.b.w.s.c.ServletWebServerApplicationContext requestId= tenantId= hospitalId= branchId= userId= - Root WebApplicationContext: initialization completed in 2720 ms
2026-05-13 14:30:40 DEBUG [restartedMain] c.p.d.p.s.JwtAuthenticationFilter requestId= tenantId= hospitalId= branchId= userId= - Filter 'jwtAuthenticationFilter' configured for use
2026-05-13 14:30:40 DEBUG [restartedMain] c.p.d.p.logging.RequestMdcFilter requestId= tenantId= hospitalId= branchId= userId= - Filter 'requestMdcFilter' configured for use
2026-05-13 14:30:41 WARN  [restartedMain] o.s.b.a.s.s.UserDetailsServiceAutoConfiguration requestId= tenantId= hospitalId= branchId= userId= - 

Using generated security password: 0140cef3-e278-4099-bfbc-1f6699613eb4

This generated password is for development use only. Your security configuration must be updated before running your application in production.

2026-05-13 14:30:41 INFO  [restartedMain] o.s.s.c.a.a.c.InitializeUserDetailsBeanManagerConfigurer$InitializeUserDetailsManagerConfigurer requestId= tenantId= hospitalId= branchId= userId= - Global AuthenticationManager configured with UserDetailsService bean with name inMemoryUserDetailsManager
2026-05-13 14:30:42 WARN  [restartedMain] o.s.b.d.a.OptionalLiveReloadServer requestId= tenantId= hospitalId= branchId= userId= - Unable to start LiveReload server
2026-05-13 14:30:42 INFO  [restartedMain] o.s.b.w.e.tomcat.TomcatWebServer requestId= tenantId= hospitalId= branchId= userId= - Tomcat started on port 8095 (http) with context path '/'
2026-05-13 14:30:42 INFO  [restartedMain] c.p.d.p.DiagnosticsPaymentServiceApplication requestId= tenantId= hospitalId= branchId= userId= - Started DiagnosticsPaymentServiceApplication in 4.444 seconds (process running for 10580.743)
2026-05-13 14:30:42 INFO  [restartedMain] o.s.b.d.a.ConditionEvaluationDeltaLoggingListener requestId= tenantId= hospitalId= branchId= userId= - Condition evaluation unchanged
2026-05-13 14:31:32 INFO  [File Watcher] o.s.b.d.a.LocalDevToolsAutoConfiguration$RestartingClassPathChangeChangedEventListener requestId= tenantId= hospitalId= branchId= userId= - Restarting due to 1 class path change (0 additions, 0 deletions, 1 modification)
2026-05-13 14:31:32 INFO  [Thread-17] o.s.b.w.e.tomcat.GracefulShutdown requestId= tenantId= hospitalId= branchId= userId= - Commencing graceful shutdown. Waiting for active requests to complete
2026-05-13 14:31:33 INFO  [tomcat-shutdown] o.s.b.w.e.tomcat.GracefulShutdown requestId= tenantId= hospitalId= branchId= userId= - Graceful shutdown complete
2026-05-13 14:31:33 INFO  [restartedMain] c.p.d.p.DiagnosticsPaymentServiceApplication requestId= tenantId= hospitalId= branchId= userId= - Starting DiagnosticsPaymentServiceApplication using Java 17.0.8 with PID 19248 (C:\Users\ms\OneDrive\Desktop\diagnostics-payment-service\target\classes started by ms in C:\Users\ms\OneDrive\Desktop\diagnostics-payment-service)
2026-05-13 14:31:33 DEBUG [restartedMain] c.p.d.p.DiagnosticsPaymentServiceApplication requestId= tenantId= hospitalId= branchId= userId= - Running with Spring Boot v3.4.4, Spring v6.2.5
2026-05-13 14:31:33 INFO  [restartedMain] c.p.d.p.DiagnosticsPaymentServiceApplication requestId= tenantId= hospitalId= branchId= userId= - No active profile set, falling back to 1 default profile: "default"
2026-05-13 14:31:33 INFO  [restartedMain] o.s.b.w.e.tomcat.TomcatWebServer requestId= tenantId= hospitalId= branchId= userId= - Tomcat initialized with port 8095 (http)
2026-05-13 14:31:33 INFO  [restartedMain] o.a.catalina.core.StandardService requestId= tenantId= hospitalId= branchId= userId= - Starting service [Tomcat]
2026-05-13 14:31:33 INFO  [restartedMain] o.a.catalina.core.StandardEngine requestId= tenantId= hospitalId= branchId= userId= - Starting Servlet engine: [Apache Tomcat/10.1.39]
2026-05-13 14:31:33 INFO  [restartedMain] o.a.c.c.C.[Tomcat].[localhost].[/] requestId= tenantId= hospitalId= branchId= userId= - Initializing Spring embedded WebApplicationContext
2026-05-13 14:31:33 INFO  [restartedMain] o.s.b.w.s.c.ServletWebServerApplicationContext requestId= tenantId= hospitalId= branchId= userId= - Root WebApplicationContext: initialization completed in 721 ms
2026-05-13 14:31:34 DEBUG [restartedMain] c.p.d.p.s.JwtAuthenticationFilter requestId= tenantId= hospitalId= branchId= userId= - Filter 'jwtAuthenticationFilter' configured for use
2026-05-13 14:31:34 DEBUG [restartedMain] c.p.d.p.logging.RequestMdcFilter requestId= tenantId= hospitalId= branchId= userId= - Filter 'requestMdcFilter' configured for use
2026-05-13 14:31:34 WARN  [restartedMain] o.s.b.a.s.s.UserDetailsServiceAutoConfiguration requestId= tenantId= hospitalId= branchId= userId= - 

Using generated security password: 7f582ed8-684b-4ed4-9748-a77b088d889e

This generated password is for development use only. Your security configuration must be updated before running your application in production.

2026-05-13 14:31:34 INFO  [restartedMain] o.s.s.c.a.a.c.InitializeUserDetailsBeanManagerConfigurer$InitializeUserDetailsManagerConfigurer requestId= tenantId= hospitalId= branchId= userId= - Global AuthenticationManager configured with UserDetailsService bean with name inMemoryUserDetailsManager
2026-05-13 14:31:34 WARN  [restartedMain] o.s.b.d.a.OptionalLiveReloadServer requestId= tenantId= hospitalId= branchId= userId= - Unable to start LiveReload server
2026-05-13 14:31:34 INFO  [restartedMain] o.s.b.w.e.tomcat.TomcatWebServer requestId= tenantId= hospitalId= branchId= userId= - Tomcat started on port 8095 (http) with context path '/'
2026-05-13 14:31:34 INFO  [restartedMain] c.p.d.p.DiagnosticsPaymentServiceApplication requestId= tenantId= hospitalId= branchId= userId= - Started DiagnosticsPaymentServiceApplication in 1.602 seconds (process running for 10633.393)
2026-05-13 14:31:34 INFO  [restartedMain] o.s.b.d.a.ConditionEvaluationDeltaLoggingListener requestId= tenantId= hospitalId= branchId= userId= - Condition evaluation unchanged
2026-05-13 14:32:51 INFO  [File Watcher] o.s.b.d.a.LocalDevToolsAutoConfiguration$RestartingClassPathChangeChangedEventListener requestId= tenantId= hospitalId= branchId= userId= - Restarting due to 1 class path change (0 additions, 0 deletions, 1 modification)
2026-05-13 14:32:51 INFO  [Thread-21] o.s.b.w.e.tomcat.GracefulShutdown requestId= tenantId= hospitalId= branchId= userId= - Commencing graceful shutdown. Waiting for active requests to complete
2026-05-13 14:32:51 INFO  [tomcat-shutdown] o.s.b.w.e.tomcat.GracefulShutdown requestId= tenantId= hospitalId= branchId= userId= - Graceful shutdown complete
2026-05-13 14:32:51 INFO  [restartedMain] c.p.d.p.DiagnosticsPaymentServiceApplication requestId= tenantId= hospitalId= branchId= userId= - Starting DiagnosticsPaymentServiceApplication using Java 17.0.8 with PID 19248 (C:\Users\ms\OneDrive\Desktop\diagnostics-payment-service\target\classes started by ms in C:\Users\ms\OneDrive\Desktop\diagnostics-payment-service)
2026-05-13 14:32:51 DEBUG [restartedMain] c.p.d.p.DiagnosticsPaymentServiceApplication requestId= tenantId= hospitalId= branchId= userId= - Running with Spring Boot v3.4.4, Spring v6.2.5
2026-05-13 14:32:51 INFO  [restartedMain] c.p.d.p.DiagnosticsPaymentServiceApplication requestId= tenantId= hospitalId= branchId= userId= - No active profile set, falling back to 1 default profile: "default"
2026-05-13 14:32:52 INFO  [restartedMain] o.s.b.w.e.tomcat.TomcatWebServer requestId= tenantId= hospitalId= branchId= userId= - Tomcat initialized with port 8095 (http)
2026-05-13 14:32:52 INFO  [restartedMain] o.a.catalina.core.StandardService requestId= tenantId= hospitalId= branchId= userId= - Starting service [Tomcat]
2026-05-13 14:32:52 INFO  [restartedMain] o.a.catalina.core.StandardEngine requestId= tenantId= hospitalId= branchId= userId= - Starting Servlet engine: [Apache Tomcat/10.1.39]
2026-05-13 14:32:52 INFO  [restartedMain] o.a.c.c.C.[Tomcat].[localhost].[/] requestId= tenantId= hospitalId= branchId= userId= - Initializing Spring embedded WebApplicationContext
2026-05-13 14:32:52 INFO  [restartedMain] o.s.b.w.s.c.ServletWebServerApplicationContext requestId= tenantId= hospitalId= branchId= userId= - Root WebApplicationContext: initialization completed in 821 ms
2026-05-13 14:32:52 DEBUG [restartedMain] c.p.d.p.s.JwtAuthenticationFilter requestId= tenantId= hospitalId= branchId= userId= - Filter 'jwtAuthenticationFilter' configured for use
2026-05-13 14:32:52 DEBUG [restartedMain] c.p.d.p.logging.RequestMdcFilter requestId= tenantId= hospitalId= branchId= userId= - Filter 'requestMdcFilter' configured for use
2026-05-13 14:32:53 WARN  [restartedMain] o.s.b.a.s.s.UserDetailsServiceAutoConfiguration requestId= tenantId= hospitalId= branchId= userId= - 

Using generated security password: 762a8e51-8e4e-4ae8-9fde-47e734253b04

This generated password is for development use only. Your security configuration must be updated before running your application in production.

2026-05-13 14:32:53 INFO  [restartedMain] o.s.s.c.a.a.c.InitializeUserDetailsBeanManagerConfigurer$InitializeUserDetailsManagerConfigurer requestId= tenantId= hospitalId= branchId= userId= - Global AuthenticationManager configured with UserDetailsService bean with name inMemoryUserDetailsManager
2026-05-13 14:32:54 WARN  [restartedMain] o.s.b.d.a.OptionalLiveReloadServer requestId= tenantId= hospitalId= branchId= userId= - Unable to start LiveReload server
2026-05-13 14:32:54 INFO  [restartedMain] o.s.b.w.e.tomcat.TomcatWebServer requestId= tenantId= hospitalId= branchId= userId= - Tomcat started on port 8095 (http) with context path '/'
2026-05-13 14:32:54 INFO  [restartedMain] c.p.d.p.DiagnosticsPaymentServiceApplication requestId= tenantId= hospitalId= branchId= userId= - Started DiagnosticsPaymentServiceApplication in 2.618 seconds (process running for 10713.118)
2026-05-13 14:32:54 INFO  [restartedMain] o.s.b.d.a.ConditionEvaluationDeltaLoggingListener requestId= tenantId= hospitalId= branchId= userId= - Condition evaluation unchanged
2026-05-13 14:34:00 INFO  [File Watcher] o.s.b.d.a.LocalDevToolsAutoConfiguration$RestartingClassPathChangeChangedEventListener requestId= tenantId= hospitalId= branchId= userId= - Restarting due to 1 class path change (0 additions, 0 deletions, 1 modification)
2026-05-13 14:34:00 INFO  [Thread-25] o.s.b.w.e.tomcat.GracefulShutdown requestId= tenantId= hospitalId= branchId= userId= - Commencing graceful shutdown. Waiting for active requests to complete
2026-05-13 14:34:01 INFO  [tomcat-shutdown] o.s.b.w.e.tomcat.GracefulShutdown requestId= tenantId= hospitalId= branchId= userId= - Graceful shutdown complete
2026-05-13 14:34:01 INFO  [restartedMain] c.p.d.p.DiagnosticsPaymentServiceApplication requestId= tenantId= hospitalId= branchId= userId= - Starting DiagnosticsPaymentServiceApplication using Java 17.0.8 with PID 19248 (C:\Users\ms\OneDrive\Desktop\diagnostics-payment-service\target\classes started by ms in C:\Users\ms\OneDrive\Desktop\diagnostics-payment-service)
2026-05-13 14:34:01 DEBUG [restartedMain] c.p.d.p.DiagnosticsPaymentServiceApplication requestId= tenantId= hospitalId= branchId= userId= - Running with Spring Boot v3.4.4, Spring v6.2.5
2026-05-13 14:34:01 INFO  [restartedMain] c.p.d.p.DiagnosticsPaymentServiceApplication requestId= tenantId= hospitalId= branchId= userId= - No active profile set, falling back to 1 default profile: "default"
2026-05-13 14:34:01 INFO  [restartedMain] o.s.b.w.e.tomcat.TomcatWebServer requestId= tenantId= hospitalId= branchId= userId= - Tomcat initialized with port 8095 (http)
2026-05-13 14:34:01 INFO  [restartedMain] o.a.catalina.core.StandardService requestId= tenantId= hospitalId= branchId= userId= - Starting service [Tomcat]
2026-05-13 14:34:01 INFO  [restartedMain] o.a.catalina.core.StandardEngine requestId= tenantId= hospitalId= branchId= userId= - Starting Servlet engine: [Apache Tomcat/10.1.39]
2026-05-13 14:34:01 INFO  [restartedMain] o.a.c.c.C.[Tomcat].[localhost].[/] requestId= tenantId= hospitalId= branchId= userId= - Initializing Spring embedded WebApplicationContext
2026-05-13 14:34:01 INFO  [restartedMain] o.s.b.w.s.c.ServletWebServerApplicationContext requestId= tenantId= hospitalId= branchId= userId= - Root WebApplicationContext: initialization completed in 596 ms
2026-05-13 14:34:01 DEBUG [restartedMain] c.p.d.p.s.JwtAuthenticationFilter requestId= tenantId= hospitalId= branchId= userId= - Filter 'jwtAuthenticationFilter' configured for use
2026-05-13 14:34:01 DEBUG [restartedMain] c.p.d.p.logging.RequestMdcFilter requestId= tenantId= hospitalId= branchId= userId= - Filter 'requestMdcFilter' configured for use
2026-05-13 14:34:02 WARN  [restartedMain] o.s.b.a.s.s.UserDetailsServiceAutoConfiguration requestId= tenantId= hospitalId= branchId= userId= - 

Using generated security password: b5cd8398-d6d1-4396-8f3f-a1c482c10dd8

This generated password is for development use only. Your security configuration must be updated before running your application in production.

2026-05-13 14:34:02 INFO  [restartedMain] o.s.s.c.a.a.c.InitializeUserDetailsBeanManagerConfigurer$InitializeUserDetailsManagerConfigurer requestId= tenantId= hospitalId= branchId= userId= - Global AuthenticationManager configured with UserDetailsService bean with name inMemoryUserDetailsManager
2026-05-13 14:34:02 WARN  [restartedMain] o.s.b.d.a.OptionalLiveReloadServer requestId= tenantId= hospitalId= branchId= userId= - Unable to start LiveReload server
2026-05-13 14:34:02 INFO  [restartedMain] o.s.b.w.e.tomcat.TomcatWebServer requestId= tenantId= hospitalId= branchId= userId= - Tomcat started on port 8095 (http) with context path '/'
2026-05-13 14:34:02 INFO  [restartedMain] c.p.d.p.DiagnosticsPaymentServiceApplication requestId= tenantId= hospitalId= branchId= userId= - Started DiagnosticsPaymentServiceApplication in 1.148 seconds (process running for 10780.925)
2026-05-13 14:34:02 INFO  [restartedMain] o.s.b.d.a.ConditionEvaluationDeltaLoggingListener requestId= tenantId= hospitalId= branchId= userId= - Condition evaluation unchanged
2026-05-13 14:35:24 INFO  [RMI TCP Connection(130)-127.0.0.1] o.s.b.a.SpringApplicationAdminMXBeanRegistrar$SpringApplicationAdmin requestId= tenantId= hospitalId= branchId= userId= - Application shutdown requested.
2026-05-13 14:35:24 INFO  [RMI TCP Connection(130)-127.0.0.1] o.s.b.w.e.tomcat.GracefulShutdown requestId= tenantId= hospitalId= branchId= userId= - Commencing graceful shutdown. Waiting for active requests to complete
2026-05-13 14:35:24 INFO  [tomcat-shutdown] o.s.b.w.e.tomcat.GracefulShutdown requestId= tenantId= hospitalId= branchId= userId= - Graceful shutdown complete
2026-05-13 14:37:58 INFO  [restartedMain] c.p.d.p.DiagnosticsPaymentServiceApplication requestId= tenantId= hospitalId= branchId= userId= - Starting DiagnosticsPaymentServiceApplication using Java 17.0.8 with PID 23624 (C:\Users\ms\OneDrive\Desktop\diagnostics-payment-service\target\classes started by ms in C:\Users\ms\OneDrive\Desktop\diagnostics-payment-service)
2026-05-13 14:37:58 DEBUG [restartedMain] c.p.d.p.DiagnosticsPaymentServiceApplication requestId= tenantId= hospitalId= branchId= userId= - Running with Spring Boot v3.4.4, Spring v6.2.5
2026-05-13 14:37:58 INFO  [restartedMain] c.p.d.p.DiagnosticsPaymentServiceApplication requestId= tenantId= hospitalId= branchId= userId= - No active profile set, falling back to 1 default profile: "default"
2026-05-13 14:37:58 INFO  [restartedMain] o.s.b.d.e.DevToolsPropertyDefaultsPostProcessor requestId= tenantId= hospitalId= branchId= userId= - Devtools property defaults active! Set 'spring.devtools.add-properties' to 'false' to disable
2026-05-13 14:37:58 INFO  [restartedMain] o.s.b.d.e.DevToolsPropertyDefaultsPostProcessor requestId= tenantId= hospitalId= branchId= userId= - For additional web related logging consider setting the 'logging.level.web' property to 'DEBUG'
2026-05-13 14:38:00 INFO  [restartedMain] o.s.b.w.e.tomcat.TomcatWebServer requestId= tenantId= hospitalId= branchId= userId= - Tomcat initialized with port 8095 (http)
2026-05-13 14:38:00 INFO  [restartedMain] o.a.catalina.core.StandardService requestId= tenantId= hospitalId= branchId= userId= - Starting service [Tomcat]
2026-05-13 14:38:00 INFO  [restartedMain] o.a.catalina.core.StandardEngine requestId= tenantId= hospitalId= branchId= userId= - Starting Servlet engine: [Apache Tomcat/10.1.39]
2026-05-13 14:38:00 INFO  [restartedMain] o.a.c.c.C.[Tomcat].[localhost].[/] requestId= tenantId= hospitalId= branchId= userId= - Initializing Spring embedded WebApplicationContext
2026-05-13 14:38:00 INFO  [restartedMain] o.s.b.w.s.c.ServletWebServerApplicationContext requestId= tenantId= hospitalId= branchId= userId= - Root WebApplicationContext: initialization completed in 2143 ms
2026-05-13 14:38:00 DEBUG [restartedMain] c.p.d.p.s.JwtAuthenticationFilter requestId= tenantId= hospitalId= branchId= userId= - Filter 'jwtAuthenticationFilter' configured for use
2026-05-13 14:38:00 DEBUG [restartedMain] c.p.d.p.logging.RequestMdcFilter requestId= tenantId= hospitalId= branchId= userId= - Filter 'requestMdcFilter' configured for use
2026-05-13 14:38:01 WARN  [restartedMain] o.s.b.a.s.s.UserDetailsServiceAutoConfiguration requestId= tenantId= hospitalId= branchId= userId= - 

Using generated security password: 4db81053-c3c0-4216-987c-29b5b3c5fccb

This generated password is for development use only. Your security configuration must be updated before running your application in production.

2026-05-13 14:38:01 INFO  [restartedMain] o.s.s.c.a.a.c.InitializeUserDetailsBeanManagerConfigurer$InitializeUserDetailsManagerConfigurer requestId= tenantId= hospitalId= branchId= userId= - Global AuthenticationManager configured with UserDetailsService bean with name inMemoryUserDetailsManager
2026-05-13 14:38:01 WARN  [restartedMain] o.s.b.d.a.OptionalLiveReloadServer requestId= tenantId= hospitalId= branchId= userId= - Unable to start LiveReload server
2026-05-13 14:38:02 INFO  [restartedMain] o.s.b.w.e.tomcat.TomcatWebServer requestId= tenantId= hospitalId= branchId= userId= - Tomcat started on port 8095 (http) with context path '/'
2026-05-13 14:38:02 INFO  [restartedMain] c.p.d.p.DiagnosticsPaymentServiceApplication requestId= tenantId= hospitalId= branchId= userId= - Started DiagnosticsPaymentServiceApplication in 4.413 seconds (process running for 5.877)
2026-05-13 14:42:07 INFO  [http-nio-8095-exec-2] o.a.c.c.C.[Tomcat].[localhost].[/] requestId= tenantId= hospitalId= branchId= userId= - Initializing Spring DispatcherServlet 'dispatcherServlet'
2026-05-13 14:42:07 INFO  [http-nio-8095-exec-2] o.s.web.servlet.DispatcherServlet requestId= tenantId= hospitalId= branchId= userId= - Initializing Servlet 'dispatcherServlet'
2026-05-13 14:42:08 INFO  [http-nio-8095-exec-2] o.s.web.servlet.DispatcherServlet requestId= tenantId= hospitalId= branchId= userId= - Completed initialization in 2 ms
2026-05-13 14:42:08 INFO  [http-nio-8095-exec-2] c.p.d.p.p.c.PaymentReportController requestId=0bdaece4-2c9e-4e61-b62d-1b1464dad591 tenantId=1 hospitalId=1 branchId=br_main userId=1 - Payment report audit API called. fromDate=2026-05-11 toDate=2026-05-12 page=1 limit=25
2026-05-13 14:42:08 INFO  [http-nio-8095-exec-2] c.p.d.p.p.s.PaymentReportService requestId=0bdaece4-2c9e-4e61-b62d-1b1464dad591 tenantId=1 hospitalId=1 branchId=br_main userId=1 - Fetching payment report audit. tenantId=1 hospitalId=1 branchId=br_main fromDate=2026-05-11 toDate=2026-05-12 page=1 limit=25
2026-05-13 14:42:08 INFO  [http-nio-8095-exec-2] com.zaxxer.hikari.HikariDataSource requestId=0bdaece4-2c9e-4e61-b62d-1b1464dad591 tenantId=1 hospitalId=1 branchId=br_main userId=1 - HikariPool-1 - Starting...
2026-05-13 14:42:08 INFO  [http-nio-8095-exec-2] com.zaxxer.hikari.pool.HikariPool requestId=0bdaece4-2c9e-4e61-b62d-1b1464dad591 tenantId=1 hospitalId=1 branchId=br_main userId=1 - HikariPool-1 - Added connection com.mysql.cj.jdbc.ConnectionImpl@3032be52
2026-05-13 14:42:08 INFO  [http-nio-8095-exec-2] com.zaxxer.hikari.HikariDataSource requestId=0bdaece4-2c9e-4e61-b62d-1b1464dad591 tenantId=1 hospitalId=1 branchId=br_main userId=1 - HikariPool-1 - Start completed.
2026-05-13 14:52:39 INFO  [http-nio-8095-exec-5] c.p.d.p.p.c.PaymentReportController requestId=d20354a6-8b7f-4330-867b-e56270097b0c tenantId=1 hospitalId=1 branchId=br_main userId=1 - Payment report audit API called. fromDate=2026-05-11 toDate=2026-05-12 page=1 limit=10
2026-05-13 14:52:39 INFO  [http-nio-8095-exec-5] c.p.d.p.p.s.PaymentReportService requestId=d20354a6-8b7f-4330-867b-e56270097b0c tenantId=1 hospitalId=1 branchId=br_main userId=1 - Fetching payment report audit. tenantId=1 hospitalId=1 branchId=br_main fromDate=2026-05-11 toDate=2026-05-12 page=1 limit=10
2026-05-13 15:48:47 INFO  [File Watcher] o.s.b.d.a.LocalDevToolsAutoConfiguration$RestartingClassPathChangeChangedEventListener requestId= tenantId= hospitalId= branchId= userId= - Restarting due to 1 class path change (1 addition, 0 deletions, 0 modifications)
2026-05-13 15:48:47 INFO  [Thread-1] o.s.b.w.e.tomcat.GracefulShutdown requestId= tenantId= hospitalId= branchId= userId= - Commencing graceful shutdown. Waiting for active requests to complete
2026-05-13 15:48:47 INFO  [tomcat-shutdown] o.s.b.w.e.tomcat.GracefulShutdown requestId= tenantId= hospitalId= branchId= userId= - Graceful shutdown complete
2026-05-13 15:48:48 INFO  [Thread-1] com.zaxxer.hikari.HikariDataSource requestId= tenantId= hospitalId= branchId= userId= - HikariPool-1 - Shutdown initiated...
2026-05-13 15:48:48 INFO  [Thread-1] com.zaxxer.hikari.HikariDataSource requestId= tenantId= hospitalId= branchId= userId= - HikariPool-1 - Shutdown completed.
2026-05-13 15:48:48 INFO  [restartedMain] c.p.d.p.DiagnosticsPaymentServiceApplication requestId= tenantId= hospitalId= branchId= userId= - Starting DiagnosticsPaymentServiceApplication using Java 17.0.8 with PID 23624 (C:\Users\ms\OneDrive\Desktop\diagnostics-payment-service\target\classes started by ms in C:\Users\ms\OneDrive\Desktop\diagnostics-payment-service)
2026-05-13 15:48:48 DEBUG [restartedMain] c.p.d.p.DiagnosticsPaymentServiceApplication requestId= tenantId= hospitalId= branchId= userId= - Running with Spring Boot v3.4.4, Spring v6.2.5
2026-05-13 15:48:48 INFO  [restartedMain] c.p.d.p.DiagnosticsPaymentServiceApplication requestId= tenantId= hospitalId= branchId= userId= - No active profile set, falling back to 1 default profile: "default"
2026-05-13 15:48:50 INFO  [restartedMain] o.s.b.w.e.tomcat.TomcatWebServer requestId= tenantId= hospitalId= branchId= userId= - Tomcat initialized with port 8095 (http)
2026-05-13 15:48:50 INFO  [restartedMain] o.a.catalina.core.StandardService requestId= tenantId= hospitalId= branchId= userId= - Starting service [Tomcat]
2026-05-13 15:48:50 INFO  [restartedMain] o.a.catalina.core.StandardEngine requestId= tenantId= hospitalId= branchId= userId= - Starting Servlet engine: [Apache Tomcat/10.1.39]
2026-05-13 15:48:50 INFO  [restartedMain] o.a.c.c.C.[Tomcat].[localhost].[/] requestId= tenantId= hospitalId= branchId= userId= - Initializing Spring embedded WebApplicationContext
2026-05-13 15:48:50 INFO  [restartedMain] o.s.b.w.s.c.ServletWebServerApplicationContext requestId= tenantId= hospitalId= branchId= userId= - Root WebApplicationContext: initialization completed in 1556 ms
2026-05-13 15:48:50 DEBUG [restartedMain] c.p.d.p.s.JwtAuthenticationFilter requestId= tenantId= hospitalId= branchId= userId= - Filter 'jwtAuthenticationFilter' configured for use
2026-05-13 15:48:50 DEBUG [restartedMain] c.p.d.p.logging.RequestMdcFilter requestId= tenantId= hospitalId= branchId= userId= - Filter 'requestMdcFilter' configured for use
2026-05-13 15:48:50 WARN  [restartedMain] o.s.b.a.s.s.UserDetailsServiceAutoConfiguration requestId= tenantId= hospitalId= branchId= userId= - 

Using generated security password: 08d344e2-5b2d-40ea-adee-4f06381f690f

This generated password is for development use only. Your security configuration must be updated before running your application in production.

2026-05-13 15:48:50 INFO  [restartedMain] o.s.s.c.a.a.c.InitializeUserDetailsBeanManagerConfigurer$InitializeUserDetailsManagerConfigurer requestId= tenantId= hospitalId= branchId= userId= - Global AuthenticationManager configured with UserDetailsService bean with name inMemoryUserDetailsManager
2026-05-13 15:48:51 WARN  [restartedMain] o.s.b.d.a.OptionalLiveReloadServer requestId= tenantId= hospitalId= branchId= userId= - Unable to start LiveReload server
2026-05-13 15:48:51 INFO  [restartedMain] o.s.b.w.e.tomcat.TomcatWebServer requestId= tenantId= hospitalId= branchId= userId= - Tomcat started on port 8095 (http) with context path '/'
2026-05-13 15:48:51 INFO  [restartedMain] c.p.d.p.DiagnosticsPaymentServiceApplication requestId= tenantId= hospitalId= branchId= userId= - Started DiagnosticsPaymentServiceApplication in 2.689 seconds (process running for 4255.125)
2026-05-13 15:48:51 INFO  [restartedMain] o.s.b.d.a.ConditionEvaluationDeltaLoggingListener requestId= tenantId= hospitalId= branchId= userId= - Condition evaluation unchanged
2026-05-13 15:50:23 INFO  [File Watcher] o.s.b.d.a.LocalDevToolsAutoConfiguration$RestartingClassPathChangeChangedEventListener requestId= tenantId= hospitalId= branchId= userId= - Restarting due to 1 class path change (0 additions, 0 deletions, 1 modification)
2026-05-13 15:50:23 INFO  [Thread-5] o.s.b.w.e.tomcat.GracefulShutdown requestId= tenantId= hospitalId= branchId= userId= - Commencing graceful shutdown. Waiting for active requests to complete
2026-05-13 15:50:23 INFO  [tomcat-shutdown] o.s.b.w.e.tomcat.GracefulShutdown requestId= tenantId= hospitalId= branchId= userId= - Graceful shutdown complete
2026-05-13 15:50:23 INFO  [restartedMain] c.p.d.p.DiagnosticsPaymentServiceApplication requestId= tenantId= hospitalId= branchId= userId= - Starting DiagnosticsPaymentServiceApplication using Java 17.0.8 with PID 23624 (C:\Users\ms\OneDrive\Desktop\diagnostics-payment-service\target\classes started by ms in C:\Users\ms\OneDrive\Desktop\diagnostics-payment-service)
2026-05-13 15:50:23 DEBUG [restartedMain] c.p.d.p.DiagnosticsPaymentServiceApplication requestId= tenantId= hospitalId= branchId= userId= - Running with Spring Boot v3.4.4, Spring v6.2.5
2026-05-13 15:50:23 INFO  [restartedMain] c.p.d.p.DiagnosticsPaymentServiceApplication requestId= tenantId= hospitalId= branchId= userId= - No active profile set, falling back to 1 default profile: "default"
2026-05-13 15:50:24 INFO  [restartedMain] o.s.b.w.e.tomcat.TomcatWebServer requestId= tenantId= hospitalId= branchId= userId= - Tomcat initialized with port 8095 (http)
2026-05-13 15:50:24 INFO  [restartedMain] o.a.catalina.core.StandardService requestId= tenantId= hospitalId= branchId= userId= - Starting service [Tomcat]
2026-05-13 15:50:24 INFO  [restartedMain] o.a.catalina.core.StandardEngine requestId= tenantId= hospitalId= branchId= userId= - Starting Servlet engine: [Apache Tomcat/10.1.39]
2026-05-13 15:50:24 INFO  [restartedMain] o.a.c.c.C.[Tomcat].[localhost].[/] requestId= tenantId= hospitalId= branchId= userId= - Initializing Spring embedded WebApplicationContext
2026-05-13 15:50:24 INFO  [restartedMain] o.s.b.w.s.c.ServletWebServerApplicationContext requestId= tenantId= hospitalId= branchId= userId= - Root WebApplicationContext: initialization completed in 717 ms
2026-05-13 15:50:24 DEBUG [restartedMain] c.p.d.p.s.JwtAuthenticationFilter requestId= tenantId= hospitalId= branchId= userId= - Filter 'jwtAuthenticationFilter' configured for use
2026-05-13 15:50:24 DEBUG [restartedMain] c.p.d.p.logging.RequestMdcFilter requestId= tenantId= hospitalId= branchId= userId= - Filter 'requestMdcFilter' configured for use
2026-05-13 15:50:24 WARN  [restartedMain] o.s.b.a.s.s.UserDetailsServiceAutoConfiguration requestId= tenantId= hospitalId= branchId= userId= - 

Using generated security password: 433df57a-9971-4019-99a1-6616d596823a

This generated password is for development use only. Your security configuration must be updated before running your application in production.

2026-05-13 15:50:24 INFO  [restartedMain] o.s.s.c.a.a.c.InitializeUserDetailsBeanManagerConfigurer$InitializeUserDetailsManagerConfigurer requestId= tenantId= hospitalId= branchId= userId= - Global AuthenticationManager configured with UserDetailsService bean with name inMemoryUserDetailsManager
2026-05-13 15:50:25 WARN  [restartedMain] o.s.b.d.a.OptionalLiveReloadServer requestId= tenantId= hospitalId= branchId= userId= - Unable to start LiveReload server
2026-05-13 15:50:25 INFO  [restartedMain] o.s.b.w.e.tomcat.TomcatWebServer requestId= tenantId= hospitalId= branchId= userId= - Tomcat started on port 8095 (http) with context path '/'
2026-05-13 15:50:25 INFO  [restartedMain] c.p.d.p.DiagnosticsPaymentServiceApplication requestId= tenantId= hospitalId= branchId= userId= - Started DiagnosticsPaymentServiceApplication in 1.214 seconds (process running for 4348.933)
2026-05-13 15:50:25 INFO  [restartedMain] o.s.b.d.a.ConditionEvaluationDeltaLoggingListener requestId= tenantId= hospitalId= branchId= userId= - Condition evaluation unchanged
2026-05-13 15:51:02 INFO  [File Watcher] o.s.b.d.a.LocalDevToolsAutoConfiguration$RestartingClassPathChangeChangedEventListener requestId= tenantId= hospitalId= branchId= userId= - Restarting due to 1 class path change (1 addition, 0 deletions, 0 modifications)
2026-05-13 15:51:02 INFO  [Thread-9] o.s.b.w.e.tomcat.GracefulShutdown requestId= tenantId= hospitalId= branchId= userId= - Commencing graceful shutdown. Waiting for active requests to complete
2026-05-13 15:51:02 INFO  [tomcat-shutdown] o.s.b.w.e.tomcat.GracefulShutdown requestId= tenantId= hospitalId= branchId= userId= - Graceful shutdown complete
2026-05-13 15:51:02 INFO  [restartedMain] c.p.d.p.DiagnosticsPaymentServiceApplication requestId= tenantId= hospitalId= branchId= userId= - Starting DiagnosticsPaymentServiceApplication using Java 17.0.8 with PID 23624 (C:\Users\ms\OneDrive\Desktop\diagnostics-payment-service\target\classes started by ms in C:\Users\ms\OneDrive\Desktop\diagnostics-payment-service)
2026-05-13 15:51:02 DEBUG [restartedMain] c.p.d.p.DiagnosticsPaymentServiceApplication requestId= tenantId= hospitalId= branchId= userId= - Running with Spring Boot v3.4.4, Spring v6.2.5
2026-05-13 15:51:02 INFO  [restartedMain] c.p.d.p.DiagnosticsPaymentServiceApplication requestId= tenantId= hospitalId= branchId= userId= - No active profile set, falling back to 1 default profile: "default"
2026-05-13 15:51:04 INFO  [restartedMain] o.s.b.w.e.tomcat.TomcatWebServer requestId= tenantId= hospitalId= branchId= userId= - Tomcat initialized with port 8095 (http)
2026-05-13 15:51:04 INFO  [restartedMain] o.a.catalina.core.StandardService requestId= tenantId= hospitalId= branchId= userId= - Starting service [Tomcat]
2026-05-13 15:51:04 INFO  [restartedMain] o.a.catalina.core.StandardEngine requestId= tenantId= hospitalId= branchId= userId= - Starting Servlet engine: [Apache Tomcat/10.1.39]
2026-05-13 15:51:04 INFO  [restartedMain] o.a.c.c.C.[Tomcat].[localhost].[/] requestId= tenantId= hospitalId= branchId= userId= - Initializing Spring embedded WebApplicationContext
2026-05-13 15:51:04 INFO  [restartedMain] o.s.b.w.s.c.ServletWebServerApplicationContext requestId= tenantId= hospitalId= branchId= userId= - Root WebApplicationContext: initialization completed in 1514 ms
2026-05-13 15:51:04 DEBUG [restartedMain] c.p.d.p.s.JwtAuthenticationFilter requestId= tenantId= hospitalId= branchId= userId= - Filter 'jwtAuthenticationFilter' configured for use
2026-05-13 15:51:04 DEBUG [restartedMain] c.p.d.p.logging.RequestMdcFilter requestId= tenantId= hospitalId= branchId= userId= - Filter 'requestMdcFilter' configured for use
2026-05-13 15:51:04 WARN  [restartedMain] o.s.b.a.s.s.UserDetailsServiceAutoConfiguration requestId= tenantId= hospitalId= branchId= userId= - 

Using generated security password: 5e42395e-d304-438a-b4c8-69c3658cffea

This generated password is for development use only. Your security configuration must be updated before running your application in production.

2026-05-13 15:51:04 INFO  [restartedMain] o.s.s.c.a.a.c.InitializeUserDetailsBeanManagerConfigurer$InitializeUserDetailsManagerConfigurer requestId= tenantId= hospitalId= branchId= userId= - Global AuthenticationManager configured with UserDetailsService bean with name inMemoryUserDetailsManager
2026-05-13 15:51:05 WARN  [restartedMain] o.s.b.d.a.OptionalLiveReloadServer requestId= tenantId= hospitalId= branchId= userId= - Unable to start LiveReload server
2026-05-13 15:51:05 INFO  [restartedMain] o.s.b.w.e.tomcat.TomcatWebServer requestId= tenantId= hospitalId= branchId= userId= - Tomcat started on port 8095 (http) with context path '/'
2026-05-13 15:51:05 INFO  [restartedMain] c.p.d.p.DiagnosticsPaymentServiceApplication requestId= tenantId= hospitalId= branchId= userId= - Started DiagnosticsPaymentServiceApplication in 2.68 seconds (process running for 4388.958)
2026-05-13 15:51:05 INFO  [restartedMain] o.s.b.d.a.ConditionEvaluationDeltaLoggingListener requestId= tenantId= hospitalId= branchId= userId= - Condition evaluation unchanged
2026-05-13 15:51:33 INFO  [File Watcher] o.s.b.d.a.LocalDevToolsAutoConfiguration$RestartingClassPathChangeChangedEventListener requestId= tenantId= hospitalId= branchId= userId= - Restarting due to 4 class path changes (2 additions, 2 deletions, 0 modifications)
2026-05-13 15:51:33 INFO  [Thread-13] o.s.b.w.e.tomcat.GracefulShutdown requestId= tenantId= hospitalId= branchId= userId= - Commencing graceful shutdown. Waiting for active requests to complete
2026-05-13 15:51:34 INFO  [tomcat-shutdown] o.s.b.w.e.tomcat.GracefulShutdown requestId= tenantId= hospitalId= branchId= userId= - Graceful shutdown complete
2026-05-13 15:51:34 INFO  [restartedMain] c.p.d.p.DiagnosticsPaymentServiceApplication requestId= tenantId= hospitalId= branchId= userId= - Starting DiagnosticsPaymentServiceApplication using Java 17.0.8 with PID 23624 (C:\Users\ms\OneDrive\Desktop\diagnostics-payment-service\target\classes started by ms in C:\Users\ms\OneDrive\Desktop\diagnostics-payment-service)
2026-05-13 15:51:34 DEBUG [restartedMain] c.p.d.p.DiagnosticsPaymentServiceApplication requestId= tenantId= hospitalId= branchId= userId= - Running with Spring Boot v3.4.4, Spring v6.2.5
2026-05-13 15:51:34 INFO  [restartedMain] c.p.d.p.DiagnosticsPaymentServiceApplication requestId= tenantId= hospitalId= branchId= userId= - No active profile set, falling back to 1 default profile: "default"
2026-05-13 15:51:35 INFO  [restartedMain] o.s.b.w.e.tomcat.TomcatWebServer requestId= tenantId= hospitalId= branchId= userId= - Tomcat initialized with port 8095 (http)
2026-05-13 15:51:35 INFO  [restartedMain] o.a.catalina.core.StandardService requestId= tenantId= hospitalId= branchId= userId= - Starting service [Tomcat]
2026-05-13 15:51:35 INFO  [restartedMain] o.a.catalina.core.StandardEngine requestId= tenantId= hospitalId= branchId= userId= - Starting Servlet engine: [Apache Tomcat/10.1.39]
2026-05-13 15:51:35 INFO  [restartedMain] o.a.c.c.C.[Tomcat].[localhost].[/] requestId= tenantId= hospitalId= branchId= userId= - Initializing Spring embedded WebApplicationContext
2026-05-13 15:51:35 INFO  [restartedMain] o.s.b.w.s.c.ServletWebServerApplicationContext requestId= tenantId= hospitalId= branchId= userId= - Root WebApplicationContext: initialization completed in 765 ms
2026-05-13 15:51:35 DEBUG [restartedMain] c.p.d.p.s.JwtAuthenticationFilter requestId= tenantId= hospitalId= branchId= userId= - Filter 'jwtAuthenticationFilter' configured for use
2026-05-13 15:51:35 DEBUG [restartedMain] c.p.d.p.logging.RequestMdcFilter requestId= tenantId= hospitalId= branchId= userId= - Filter 'requestMdcFilter' configured for use
2026-05-13 15:51:35 WARN  [restartedMain] o.s.b.a.s.s.UserDetailsServiceAutoConfiguration requestId= tenantId= hospitalId= branchId= userId= - 

Using generated security password: 5067b3e6-346d-4fff-90cf-69c0c474b4fc

This generated password is for development use only. Your security configuration must be updated before running your application in production.

2026-05-13 15:51:35 INFO  [restartedMain] o.s.s.c.a.a.c.InitializeUserDetailsBeanManagerConfigurer$InitializeUserDetailsManagerConfigurer requestId= tenantId= hospitalId= branchId= userId= - Global AuthenticationManager configured with UserDetailsService bean with name inMemoryUserDetailsManager
2026-05-13 15:51:37 WARN  [restartedMain] o.s.b.d.a.OptionalLiveReloadServer requestId= tenantId= hospitalId= branchId= userId= - Unable to start LiveReload server
2026-05-13 15:51:37 INFO  [restartedMain] o.s.b.w.e.tomcat.TomcatWebServer requestId= tenantId= hospitalId= branchId= userId= - Tomcat started on port 8095 (http) with context path '/'
2026-05-13 15:51:37 INFO  [restartedMain] c.p.d.p.DiagnosticsPaymentServiceApplication requestId= tenantId= hospitalId= branchId= userId= - Started DiagnosticsPaymentServiceApplication in 3.551 seconds (process running for 4421.686)
2026-05-13 15:51:37 INFO  [restartedMain] o.s.b.d.a.ConditionEvaluationDeltaLoggingListener requestId= tenantId= hospitalId= branchId= userId= - Condition evaluation unchanged
2026-05-13 15:52:06 INFO  [File Watcher] o.s.b.d.a.LocalDevToolsAutoConfiguration$RestartingClassPathChangeChangedEventListener requestId= tenantId= hospitalId= branchId= userId= - Restarting due to 1 class path change (0 additions, 0 deletions, 1 modification)
2026-05-13 15:52:07 INFO  [Thread-17] o.s.b.w.e.tomcat.GracefulShutdown requestId= tenantId= hospitalId= branchId= userId= - Commencing graceful shutdown. Waiting for active requests to complete
2026-05-13 15:52:07 INFO  [tomcat-shutdown] o.s.b.w.e.tomcat.GracefulShutdown requestId= tenantId= hospitalId= branchId= userId= - Graceful shutdown complete
2026-05-13 15:52:07 INFO  [restartedMain] c.p.d.p.DiagnosticsPaymentServiceApplication requestId= tenantId= hospitalId= branchId= userId= - Starting DiagnosticsPaymentServiceApplication using Java 17.0.8 with PID 23624 (C:\Users\ms\OneDrive\Desktop\diagnostics-payment-service\target\classes started by ms in C:\Users\ms\OneDrive\Desktop\diagnostics-payment-service)
2026-05-13 15:52:07 DEBUG [restartedMain] c.p.d.p.DiagnosticsPaymentServiceApplication requestId= tenantId= hospitalId= branchId= userId= - Running with Spring Boot v3.4.4, Spring v6.2.5
2026-05-13 15:52:07 INFO  [restartedMain] c.p.d.p.DiagnosticsPaymentServiceApplication requestId= tenantId= hospitalId= branchId= userId= - No active profile set, falling back to 1 default profile: "default"
2026-05-13 15:52:08 INFO  [restartedMain] o.s.b.w.e.tomcat.TomcatWebServer requestId= tenantId= hospitalId= branchId= userId= - Tomcat initialized with port 8095 (http)
2026-05-13 15:52:08 INFO  [restartedMain] o.a.catalina.core.StandardService requestId= tenantId= hospitalId= branchId= userId= - Starting service [Tomcat]
2026-05-13 15:52:08 INFO  [restartedMain] o.a.catalina.core.StandardEngine requestId= tenantId= hospitalId= branchId= userId= - Starting Servlet engine: [Apache Tomcat/10.1.39]
2026-05-13 15:52:08 INFO  [restartedMain] o.a.c.c.C.[Tomcat].[localhost].[/] requestId= tenantId= hospitalId= branchId= userId= - Initializing Spring embedded WebApplicationContext
2026-05-13 15:52:08 INFO  [restartedMain] o.s.b.w.s.c.ServletWebServerApplicationContext requestId= tenantId= hospitalId= branchId= userId= - Root WebApplicationContext: initialization completed in 1324 ms
2026-05-13 15:52:08 DEBUG [restartedMain] c.p.d.p.s.JwtAuthenticationFilter requestId= tenantId= hospitalId= branchId= userId= - Filter 'jwtAuthenticationFilter' configured for use
2026-05-13 15:52:08 DEBUG [restartedMain] c.p.d.p.logging.RequestMdcFilter requestId= tenantId= hospitalId= branchId= userId= - Filter 'requestMdcFilter' configured for use
2026-05-13 15:52:09 WARN  [restartedMain] o.s.b.a.s.s.UserDetailsServiceAutoConfiguration requestId= tenantId= hospitalId= branchId= userId= - 

Using generated security password: 17c1e247-b9a8-40f5-9966-5c9e4956e412

This generated password is for development use only. Your security configuration must be updated before running your application in production.

2026-05-13 15:52:09 INFO  [restartedMain] o.s.s.c.a.a.c.InitializeUserDetailsBeanManagerConfigurer$InitializeUserDetailsManagerConfigurer requestId= tenantId= hospitalId= branchId= userId= - Global AuthenticationManager configured with UserDetailsService bean with name inMemoryUserDetailsManager
2026-05-13 15:52:09 WARN  [restartedMain] o.s.b.d.a.OptionalLiveReloadServer requestId= tenantId= hospitalId= branchId= userId= - Unable to start LiveReload server
2026-05-13 15:52:10 INFO  [restartedMain] o.s.b.w.e.tomcat.TomcatWebServer requestId= tenantId= hospitalId= branchId= userId= - Tomcat started on port 8095 (http) with context path '/'
2026-05-13 15:52:10 INFO  [restartedMain] c.p.d.p.DiagnosticsPaymentServiceApplication requestId= tenantId= hospitalId= branchId= userId= - Started DiagnosticsPaymentServiceApplication in 2.804 seconds (process running for 4453.902)
2026-05-13 15:52:10 INFO  [restartedMain] o.s.b.d.a.ConditionEvaluationDeltaLoggingListener requestId= tenantId= hospitalId= branchId= userId= - Condition evaluation unchanged
2026-05-13 15:53:35 INFO  [File Watcher] o.s.b.d.a.LocalDevToolsAutoConfiguration$RestartingClassPathChangeChangedEventListener requestId= tenantId= hospitalId= branchId= userId= - Restarting due to 1 class path change (1 addition, 0 deletions, 0 modifications)
2026-05-13 15:53:35 INFO  [Thread-21] o.s.b.w.e.tomcat.GracefulShutdown requestId= tenantId= hospitalId= branchId= userId= - Commencing graceful shutdown. Waiting for active requests to complete
2026-05-13 15:53:36 INFO  [tomcat-shutdown] o.s.b.w.e.tomcat.GracefulShutdown requestId= tenantId= hospitalId= branchId= userId= - Graceful shutdown complete
2026-05-13 15:53:36 INFO  [restartedMain] c.p.d.p.DiagnosticsPaymentServiceApplication requestId= tenantId= hospitalId= branchId= userId= - Starting DiagnosticsPaymentServiceApplication using Java 17.0.8 with PID 23624 (C:\Users\ms\OneDrive\Desktop\diagnostics-payment-service\target\classes started by ms in C:\Users\ms\OneDrive\Desktop\diagnostics-payment-service)
2026-05-13 15:53:36 DEBUG [restartedMain] c.p.d.p.DiagnosticsPaymentServiceApplication requestId= tenantId= hospitalId= branchId= userId= - Running with Spring Boot v3.4.4, Spring v6.2.5
2026-05-13 15:53:36 INFO  [restartedMain] c.p.d.p.DiagnosticsPaymentServiceApplication requestId= tenantId= hospitalId= branchId= userId= - No active profile set, falling back to 1 default profile: "default"
2026-05-13 15:53:37 INFO  [restartedMain] o.s.b.w.e.tomcat.TomcatWebServer requestId= tenantId= hospitalId= branchId= userId= - Tomcat initialized with port 8095 (http)
2026-05-13 15:53:37 INFO  [restartedMain] o.a.catalina.core.StandardService requestId= tenantId= hospitalId= branchId= userId= - Starting service [Tomcat]
2026-05-13 15:53:37 INFO  [restartedMain] o.a.catalina.core.StandardEngine requestId= tenantId= hospitalId= branchId= userId= - Starting Servlet engine: [Apache Tomcat/10.1.39]
2026-05-13 15:53:37 INFO  [restartedMain] o.a.c.c.C.[Tomcat].[localhost].[/] requestId= tenantId= hospitalId= branchId= userId= - Initializing Spring embedded WebApplicationContext
2026-05-13 15:53:37 INFO  [restartedMain] o.s.b.w.s.c.ServletWebServerApplicationContext requestId= tenantId= hospitalId= branchId= userId= - Root WebApplicationContext: initialization completed in 892 ms
2026-05-13 15:53:37 DEBUG [restartedMain] c.p.d.p.s.JwtAuthenticationFilter requestId= tenantId= hospitalId= branchId= userId= - Filter 'jwtAuthenticationFilter' configured for use
2026-05-13 15:53:37 DEBUG [restartedMain] c.p.d.p.logging.RequestMdcFilter requestId= tenantId= hospitalId= branchId= userId= - Filter 'requestMdcFilter' configured for use
2026-05-13 15:53:37 WARN  [restartedMain] o.s.b.a.s.s.UserDetailsServiceAutoConfiguration requestId= tenantId= hospitalId= branchId= userId= - 

Using generated security password: 34df365e-1088-4b77-b4f0-db74e8506312

This generated password is for development use only. Your security configuration must be updated before running your application in production.

2026-05-13 15:53:37 INFO  [restartedMain] o.s.s.c.a.a.c.InitializeUserDetailsBeanManagerConfigurer$InitializeUserDetailsManagerConfigurer requestId= tenantId= hospitalId= branchId= userId= - Global AuthenticationManager configured with UserDetailsService bean with name inMemoryUserDetailsManager
2026-05-13 15:53:43 WARN  [restartedMain] o.s.b.d.a.OptionalLiveReloadServer requestId= tenantId= hospitalId= branchId= userId= - Unable to start LiveReload server
2026-05-13 15:53:43 INFO  [restartedMain] o.s.b.w.e.tomcat.TomcatWebServer requestId= tenantId= hospitalId= branchId= userId= - Tomcat started on port 8095 (http) with context path '/'
2026-05-13 15:53:43 INFO  [restartedMain] c.p.d.p.DiagnosticsPaymentServiceApplication requestId= tenantId= hospitalId= branchId= userId= - Started DiagnosticsPaymentServiceApplication in 6.912 seconds (process running for 4547.361)
2026-05-13 15:53:43 INFO  [restartedMain] o.s.b.d.a.ConditionEvaluationDeltaLoggingListener requestId= tenantId= hospitalId= branchId= userId= - Condition evaluation unchanged
2026-05-13 15:54:21 INFO  [File Watcher] o.s.b.d.a.LocalDevToolsAutoConfiguration$RestartingClassPathChangeChangedEventListener requestId= tenantId= hospitalId= branchId= userId= - Restarting due to 1 class path change (0 additions, 1 deletion, 0 modifications)
2026-05-13 15:54:21 INFO  [Thread-25] o.s.b.w.e.tomcat.GracefulShutdown requestId= tenantId= hospitalId= branchId= userId= - Commencing graceful shutdown. Waiting for active requests to complete
2026-05-13 15:54:21 INFO  [tomcat-shutdown] o.s.b.w.e.tomcat.GracefulShutdown requestId= tenantId= hospitalId= branchId= userId= - Graceful shutdown complete
2026-05-13 15:54:21 INFO  [restartedMain] c.p.d.p.DiagnosticsPaymentServiceApplication requestId= tenantId= hospitalId= branchId= userId= - Starting DiagnosticsPaymentServiceApplication using Java 17.0.8 with PID 23624 (C:\Users\ms\OneDrive\Desktop\diagnostics-payment-service\target\classes started by ms in C:\Users\ms\OneDrive\Desktop\diagnostics-payment-service)
2026-05-13 15:54:21 DEBUG [restartedMain] c.p.d.p.DiagnosticsPaymentServiceApplication requestId= tenantId= hospitalId= branchId= userId= - Running with Spring Boot v3.4.4, Spring v6.2.5
2026-05-13 15:54:21 INFO  [restartedMain] c.p.d.p.DiagnosticsPaymentServiceApplication requestId= tenantId= hospitalId= branchId= userId= - No active profile set, falling back to 1 default profile: "default"
2026-05-13 15:54:22 INFO  [restartedMain] o.s.b.w.e.tomcat.TomcatWebServer requestId= tenantId= hospitalId= branchId= userId= - Tomcat initialized with port 8095 (http)
2026-05-13 15:54:22 INFO  [restartedMain] o.a.catalina.core.StandardService requestId= tenantId= hospitalId= branchId= userId= - Starting service [Tomcat]
2026-05-13 15:54:22 INFO  [restartedMain] o.a.catalina.core.StandardEngine requestId= tenantId= hospitalId= branchId= userId= - Starting Servlet engine: [Apache Tomcat/10.1.39]
2026-05-13 15:54:22 INFO  [restartedMain] o.a.c.c.C.[Tomcat].[localhost].[/] requestId= tenantId= hospitalId= branchId= userId= - Initializing Spring embedded WebApplicationContext
2026-05-13 15:54:22 INFO  [restartedMain] o.s.b.w.s.c.ServletWebServerApplicationContext requestId= tenantId= hospitalId= branchId= userId= - Root WebApplicationContext: initialization completed in 721 ms
2026-05-13 15:54:22 DEBUG [restartedMain] c.p.d.p.s.JwtAuthenticationFilter requestId= tenantId= hospitalId= branchId= userId= - Filter 'jwtAuthenticationFilter' configured for use
2026-05-13 15:54:22 DEBUG [restartedMain] c.p.d.p.logging.RequestMdcFilter requestId= tenantId= hospitalId= branchId= userId= - Filter 'requestMdcFilter' configured for use
2026-05-13 15:54:22 WARN  [restartedMain] o.s.b.a.s.s.UserDetailsServiceAutoConfiguration requestId= tenantId= hospitalId= branchId= userId= - 

Using generated security password: ecaa5929-a0b0-4d4e-9df0-aeb9ec5d87cf

This generated password is for development use only. Your security configuration must be updated before running your application in production.

2026-05-13 15:54:22 INFO  [restartedMain] o.s.s.c.a.a.c.InitializeUserDetailsBeanManagerConfigurer$InitializeUserDetailsManagerConfigurer requestId= tenantId= hospitalId= branchId= userId= - Global AuthenticationManager configured with UserDetailsService bean with name inMemoryUserDetailsManager
2026-05-13 15:54:23 WARN  [restartedMain] o.s.b.d.a.OptionalLiveReloadServer requestId= tenantId= hospitalId= branchId= userId= - Unable to start LiveReload server
2026-05-13 15:54:23 INFO  [restartedMain] o.s.b.w.e.tomcat.TomcatWebServer requestId= tenantId= hospitalId= branchId= userId= - Tomcat started on port 8095 (http) with context path '/'
2026-05-13 15:54:23 INFO  [restartedMain] c.p.d.p.DiagnosticsPaymentServiceApplication requestId= tenantId= hospitalId= branchId= userId= - Started DiagnosticsPaymentServiceApplication in 1.304 seconds (process running for 4586.991)
2026-05-13 15:54:23 INFO  [restartedMain] o.s.b.d.a.ConditionEvaluationDeltaLoggingListener requestId= tenantId= hospitalId= branchId= userId= - Condition evaluation unchanged
2026-05-13 15:54:47 INFO  [File Watcher] o.s.b.d.a.LocalDevToolsAutoConfiguration$RestartingClassPathChangeChangedEventListener requestId= tenantId= hospitalId= branchId= userId= - Restarting due to 1 class path change (1 addition, 0 deletions, 0 modifications)
2026-05-13 15:54:47 INFO  [Thread-29] o.s.b.w.e.tomcat.GracefulShutdown requestId= tenantId= hospitalId= branchId= userId= - Commencing graceful shutdown. Waiting for active requests to complete
2026-05-13 15:54:47 INFO  [tomcat-shutdown] o.s.b.w.e.tomcat.GracefulShutdown requestId= tenantId= hospitalId= branchId= userId= - Graceful shutdown complete
2026-05-13 15:54:47 INFO  [restartedMain] c.p.d.p.DiagnosticsPaymentServiceApplication requestId= tenantId= hospitalId= branchId= userId= - Starting DiagnosticsPaymentServiceApplication using Java 17.0.8 with PID 23624 (C:\Users\ms\OneDrive\Desktop\diagnostics-payment-service\target\classes started by ms in C:\Users\ms\OneDrive\Desktop\diagnostics-payment-service)
2026-05-13 15:54:47 DEBUG [restartedMain] c.p.d.p.DiagnosticsPaymentServiceApplication requestId= tenantId= hospitalId= branchId= userId= - Running with Spring Boot v3.4.4, Spring v6.2.5
2026-05-13 15:54:47 INFO  [restartedMain] c.p.d.p.DiagnosticsPaymentServiceApplication requestId= tenantId= hospitalId= branchId= userId= - No active profile set, falling back to 1 default profile: "default"
2026-05-13 15:54:48 INFO  [restartedMain] o.s.b.w.e.tomcat.TomcatWebServer requestId= tenantId= hospitalId= branchId= userId= - Tomcat initialized with port 8095 (http)
2026-05-13 15:54:48 INFO  [restartedMain] o.a.catalina.core.StandardService requestId= tenantId= hospitalId= branchId= userId= - Starting service [Tomcat]
2026-05-13 15:54:48 INFO  [restartedMain] o.a.catalina.core.StandardEngine requestId= tenantId= hospitalId= branchId= userId= - Starting Servlet engine: [Apache Tomcat/10.1.39]
2026-05-13 15:54:48 INFO  [restartedMain] o.a.c.c.C.[Tomcat].[localhost].[/] requestId= tenantId= hospitalId= branchId= userId= - Initializing Spring embedded WebApplicationContext
2026-05-13 15:54:48 INFO  [restartedMain] o.s.b.w.s.c.ServletWebServerApplicationContext requestId= tenantId= hospitalId= branchId= userId= - Root WebApplicationContext: initialization completed in 840 ms
2026-05-13 15:54:48 DEBUG [restartedMain] c.p.d.p.s.JwtAuthenticationFilter requestId= tenantId= hospitalId= branchId= userId= - Filter 'jwtAuthenticationFilter' configured for use
2026-05-13 15:54:48 DEBUG [restartedMain] c.p.d.p.logging.RequestMdcFilter requestId= tenantId= hospitalId= branchId= userId= - Filter 'requestMdcFilter' configured for use
2026-05-13 15:54:48 WARN  [restartedMain] o.s.b.a.s.s.UserDetailsServiceAutoConfiguration requestId= tenantId= hospitalId= branchId= userId= - 

Using generated security password: 8381e750-39f1-44fc-8aaa-b79043d982f7

This generated password is for development use only. Your security configuration must be updated before running your application in production.

2026-05-13 15:54:48 INFO  [restartedMain] o.s.s.c.a.a.c.InitializeUserDetailsBeanManagerConfigurer$InitializeUserDetailsManagerConfigurer requestId= tenantId= hospitalId= branchId= userId= - Global AuthenticationManager configured with UserDetailsService bean with name inMemoryUserDetailsManager
2026-05-13 15:54:51 WARN  [restartedMain] o.s.b.d.a.OptionalLiveReloadServer requestId= tenantId= hospitalId= branchId= userId= - Unable to start LiveReload server
2026-05-13 15:54:51 INFO  [restartedMain] o.s.b.w.e.tomcat.TomcatWebServer requestId= tenantId= hospitalId= branchId= userId= - Tomcat started on port 8095 (http) with context path '/'
2026-05-13 15:54:51 INFO  [restartedMain] c.p.d.p.DiagnosticsPaymentServiceApplication requestId= tenantId= hospitalId= branchId= userId= - Started DiagnosticsPaymentServiceApplication in 3.627 seconds (process running for 4615.066)
2026-05-13 15:54:51 INFO  [restartedMain] o.s.b.d.a.ConditionEvaluationDeltaLoggingListener requestId= tenantId= hospitalId= branchId= userId= - Condition evaluation unchanged
2026-05-13 15:55:27 INFO  [File Watcher] o.s.b.d.a.LocalDevToolsAutoConfiguration$RestartingClassPathChangeChangedEventListener requestId= tenantId= hospitalId= branchId= userId= - Restarting due to 1 class path change (0 additions, 0 deletions, 1 modification)
2026-05-13 15:55:27 INFO  [Thread-33] o.s.b.w.e.tomcat.GracefulShutdown requestId= tenantId= hospitalId= branchId= userId= - Commencing graceful shutdown. Waiting for active requests to complete
2026-05-13 15:55:27 INFO  [tomcat-shutdown] o.s.b.w.e.tomcat.GracefulShutdown requestId= tenantId= hospitalId= branchId= userId= - Graceful shutdown complete
2026-05-13 15:55:27 INFO  [restartedMain] c.p.d.p.DiagnosticsPaymentServiceApplication requestId= tenantId= hospitalId= branchId= userId= - Starting DiagnosticsPaymentServiceApplication using Java 17.0.8 with PID 23624 (C:\Users\ms\OneDrive\Desktop\diagnostics-payment-service\target\classes started by ms in C:\Users\ms\OneDrive\Desktop\diagnostics-payment-service)
2026-05-13 15:55:27 DEBUG [restartedMain] c.p.d.p.DiagnosticsPaymentServiceApplication requestId= tenantId= hospitalId= branchId= userId= - Running with Spring Boot v3.4.4, Spring v6.2.5
2026-05-13 15:55:27 INFO  [restartedMain] c.p.d.p.DiagnosticsPaymentServiceApplication requestId= tenantId= hospitalId= branchId= userId= - No active profile set, falling back to 1 default profile: "default"
2026-05-13 15:55:28 INFO  [restartedMain] o.s.b.w.e.tomcat.TomcatWebServer requestId= tenantId= hospitalId= branchId= userId= - Tomcat initialized with port 8095 (http)
2026-05-13 15:55:28 INFO  [restartedMain] o.a.catalina.core.StandardService requestId= tenantId= hospitalId= branchId= userId= - Starting service [Tomcat]
2026-05-13 15:55:28 INFO  [restartedMain] o.a.catalina.core.StandardEngine requestId= tenantId= hospitalId= branchId= userId= - Starting Servlet engine: [Apache Tomcat/10.1.39]
2026-05-13 15:55:28 INFO  [restartedMain] o.a.c.c.C.[Tomcat].[localhost].[/] requestId= tenantId= hospitalId= branchId= userId= - Initializing Spring embedded WebApplicationContext
2026-05-13 15:55:28 INFO  [restartedMain] o.s.b.w.s.c.ServletWebServerApplicationContext requestId= tenantId= hospitalId= branchId= userId= - Root WebApplicationContext: initialization completed in 607 ms
2026-05-13 15:55:28 DEBUG [restartedMain] c.p.d.p.s.JwtAuthenticationFilter requestId= tenantId= hospitalId= branchId= userId= - Filter 'jwtAuthenticationFilter' configured for use
2026-05-13 15:55:28 DEBUG [restartedMain] c.p.d.p.logging.RequestMdcFilter requestId= tenantId= hospitalId= branchId= userId= - Filter 'requestMdcFilter' configured for use
2026-05-13 15:55:28 WARN  [restartedMain] o.s.b.a.s.s.UserDetailsServiceAutoConfiguration requestId= tenantId= hospitalId= branchId= userId= - 

Using generated security password: 4a8d3c3c-60fc-4157-88d5-5db609b158a0

This generated password is for development use only. Your security configuration must be updated before running your application in production.

2026-05-13 15:55:28 INFO  [restartedMain] o.s.s.c.a.a.c.InitializeUserDetailsBeanManagerConfigurer$InitializeUserDetailsManagerConfigurer requestId= tenantId= hospitalId= branchId= userId= - Global AuthenticationManager configured with UserDetailsService bean with name inMemoryUserDetailsManager
2026-05-13 15:55:29 WARN  [restartedMain] o.s.b.d.a.OptionalLiveReloadServer requestId= tenantId= hospitalId= branchId= userId= - Unable to start LiveReload server
2026-05-13 15:55:29 INFO  [restartedMain] o.s.b.w.e.tomcat.TomcatWebServer requestId= tenantId= hospitalId= branchId= userId= - Tomcat started on port 8095 (http) with context path '/'
2026-05-13 15:55:29 INFO  [restartedMain] c.p.d.p.DiagnosticsPaymentServiceApplication requestId= tenantId= hospitalId= branchId= userId= - Started DiagnosticsPaymentServiceApplication in 1.785 seconds (process running for 4652.995)
2026-05-13 15:55:29 INFO  [restartedMain] o.s.b.d.a.ConditionEvaluationDeltaLoggingListener requestId= tenantId= hospitalId= branchId= userId= - Condition evaluation unchanged
2026-05-13 15:56:36 INFO  [File Watcher] o.s.b.d.a.LocalDevToolsAutoConfiguration$RestartingClassPathChangeChangedEventListener requestId= tenantId= hospitalId= branchId= userId= - Restarting due to 1 class path change (1 addition, 0 deletions, 0 modifications)
2026-05-13 15:56:36 INFO  [Thread-37] o.s.b.w.e.tomcat.GracefulShutdown requestId= tenantId= hospitalId= branchId= userId= - Commencing graceful shutdown. Waiting for active requests to complete
2026-05-13 15:56:36 INFO  [tomcat-shutdown] o.s.b.w.e.tomcat.GracefulShutdown requestId= tenantId= hospitalId= branchId= userId= - Graceful shutdown complete
2026-05-13 15:56:36 INFO  [restartedMain] c.p.d.p.DiagnosticsPaymentServiceApplication requestId= tenantId= hospitalId= branchId= userId= - Starting DiagnosticsPaymentServiceApplication using Java 17.0.8 with PID 23624 (C:\Users\ms\OneDrive\Desktop\diagnostics-payment-service\target\classes started by ms in C:\Users\ms\OneDrive\Desktop\diagnostics-payment-service)
2026-05-13 15:56:36 DEBUG [restartedMain] c.p.d.p.DiagnosticsPaymentServiceApplication requestId= tenantId= hospitalId= branchId= userId= - Running with Spring Boot v3.4.4, Spring v6.2.5
2026-05-13 15:56:36 INFO  [restartedMain] c.p.d.p.DiagnosticsPaymentServiceApplication requestId= tenantId= hospitalId= branchId= userId= - No active profile set, falling back to 1 default profile: "default"
2026-05-13 15:56:37 INFO  [restartedMain] o.s.b.w.e.tomcat.TomcatWebServer requestId= tenantId= hospitalId= branchId= userId= - Tomcat initialized with port 8095 (http)
2026-05-13 15:56:37 INFO  [restartedMain] o.a.catalina.core.StandardService requestId= tenantId= hospitalId= branchId= userId= - Starting service [Tomcat]
2026-05-13 15:56:37 INFO  [restartedMain] o.a.catalina.core.StandardEngine requestId= tenantId= hospitalId= branchId= userId= - Starting Servlet engine: [Apache Tomcat/10.1.39]
2026-05-13 15:56:37 INFO  [restartedMain] o.a.c.c.C.[Tomcat].[localhost].[/] requestId= tenantId= hospitalId= branchId= userId= - Initializing Spring embedded WebApplicationContext
2026-05-13 15:56:37 INFO  [restartedMain] o.s.b.w.s.c.ServletWebServerApplicationContext requestId= tenantId= hospitalId= branchId= userId= - Root WebApplicationContext: initialization completed in 1132 ms
2026-05-13 15:56:37 DEBUG [restartedMain] c.p.d.p.s.JwtAuthenticationFilter requestId= tenantId= hospitalId= branchId= userId= - Filter 'jwtAuthenticationFilter' configured for use
2026-05-13 15:56:37 DEBUG [restartedMain] c.p.d.p.logging.RequestMdcFilter requestId= tenantId= hospitalId= branchId= userId= - Filter 'requestMdcFilter' configured for use
2026-05-13 15:56:38 WARN  [restartedMain] o.s.b.a.s.s.UserDetailsServiceAutoConfiguration requestId= tenantId= hospitalId= branchId= userId= - 

Using generated security password: 42cfdc20-c662-4555-8f88-c5e21ff8ce23

This generated password is for development use only. Your security configuration must be updated before running your application in production.

2026-05-13 15:56:38 INFO  [restartedMain] o.s.s.c.a.a.c.InitializeUserDetailsBeanManagerConfigurer$InitializeUserDetailsManagerConfigurer requestId= tenantId= hospitalId= branchId= userId= - Global AuthenticationManager configured with UserDetailsService bean with name inMemoryUserDetailsManager
2026-05-13 15:56:41 WARN  [restartedMain] o.s.b.d.a.OptionalLiveReloadServer requestId= tenantId= hospitalId= branchId= userId= - Unable to start LiveReload server
2026-05-13 15:56:41 INFO  [restartedMain] o.s.b.w.e.tomcat.TomcatWebServer requestId= tenantId= hospitalId= branchId= userId= - Tomcat started on port 8095 (http) with context path '/'
2026-05-13 15:56:41 INFO  [restartedMain] c.p.d.p.DiagnosticsPaymentServiceApplication requestId= tenantId= hospitalId= branchId= userId= - Started DiagnosticsPaymentServiceApplication in 4.705 seconds (process running for 4725.241)
2026-05-13 15:56:41 INFO  [restartedMain] o.s.b.d.a.ConditionEvaluationDeltaLoggingListener requestId= tenantId= hospitalId= branchId= userId= - Condition evaluation unchanged
2026-05-13 15:56:59 INFO  [File Watcher] o.s.b.d.a.LocalDevToolsAutoConfiguration$RestartingClassPathChangeChangedEventListener requestId= tenantId= hospitalId= branchId= userId= - Restarting due to 1 class path change (0 additions, 0 deletions, 1 modification)
2026-05-13 15:56:59 INFO  [Thread-41] o.s.b.w.e.tomcat.GracefulShutdown requestId= tenantId= hospitalId= branchId= userId= - Commencing graceful shutdown. Waiting for active requests to complete
2026-05-13 15:57:00 INFO  [tomcat-shutdown] o.s.b.w.e.tomcat.GracefulShutdown requestId= tenantId= hospitalId= branchId= userId= - Graceful shutdown complete
2026-05-13 15:57:01 INFO  [restartedMain] c.p.d.p.DiagnosticsPaymentServiceApplication requestId= tenantId= hospitalId= branchId= userId= - Starting DiagnosticsPaymentServiceApplication using Java 17.0.8 with PID 23624 (C:\Users\ms\OneDrive\Desktop\diagnostics-payment-service\target\classes started by ms in C:\Users\ms\OneDrive\Desktop\diagnostics-payment-service)
2026-05-13 15:57:01 DEBUG [restartedMain] c.p.d.p.DiagnosticsPaymentServiceApplication requestId= tenantId= hospitalId= branchId= userId= - Running with Spring Boot v3.4.4, Spring v6.2.5
2026-05-13 15:57:01 INFO  [restartedMain] c.p.d.p.DiagnosticsPaymentServiceApplication requestId= tenantId= hospitalId= branchId= userId= - No active profile set, falling back to 1 default profile: "default"
2026-05-13 15:57:08 INFO  [restartedMain] o.s.b.w.e.tomcat.TomcatWebServer requestId= tenantId= hospitalId= branchId= userId= - Tomcat initialized with port 8095 (http)
2026-05-13 15:57:08 INFO  [restartedMain] o.a.catalina.core.StandardService requestId= tenantId= hospitalId= branchId= userId= - Starting service [Tomcat]
2026-05-13 15:57:08 INFO  [restartedMain] o.a.catalina.core.StandardEngine requestId= tenantId= hospitalId= branchId= userId= - Starting Servlet engine: [Apache Tomcat/10.1.39]
2026-05-13 15:57:08 INFO  [restartedMain] o.a.c.c.C.[Tomcat].[localhost].[/] requestId= tenantId= hospitalId= branchId= userId= - Initializing Spring embedded WebApplicationContext
2026-05-13 15:57:08 INFO  [restartedMain] o.s.b.w.s.c.ServletWebServerApplicationContext requestId= tenantId= hospitalId= branchId= userId= - Root WebApplicationContext: initialization completed in 7463 ms
2026-05-13 15:57:08 DEBUG [restartedMain] c.p.d.p.s.JwtAuthenticationFilter requestId= tenantId= hospitalId= branchId= userId= - Filter 'jwtAuthenticationFilter' configured for use
2026-05-13 15:57:08 DEBUG [restartedMain] c.p.d.p.logging.RequestMdcFilter requestId= tenantId= hospitalId= branchId= userId= - Filter 'requestMdcFilter' configured for use
2026-05-13 15:57:14 WARN  [restartedMain] o.s.b.a.s.s.UserDetailsServiceAutoConfiguration requestId= tenantId= hospitalId= branchId= userId= - 

Using generated security password: f77bb2cf-326a-4828-8a28-659347069383

This generated password is for development use only. Your security configuration must be updated before running your application in production.

2026-05-13 15:57:14 INFO  [restartedMain] o.s.s.c.a.a.c.InitializeUserDetailsBeanManagerConfigurer$InitializeUserDetailsManagerConfigurer requestId= tenantId= hospitalId= branchId= userId= - Global AuthenticationManager configured with UserDetailsService bean with name inMemoryUserDetailsManager
2026-05-13 15:57:15 WARN  [restartedMain] o.s.b.d.a.OptionalLiveReloadServer requestId= tenantId= hospitalId= branchId= userId= - Unable to start LiveReload server
2026-05-13 15:57:15 INFO  [restartedMain] o.s.b.w.e.tomcat.TomcatWebServer requestId= tenantId= hospitalId= branchId= userId= - Tomcat started on port 8095 (http) with context path '/'
2026-05-13 15:57:15 INFO  [restartedMain] c.p.d.p.DiagnosticsPaymentServiceApplication requestId= tenantId= hospitalId= branchId= userId= - Started DiagnosticsPaymentServiceApplication in 14.321 seconds (process running for 4759.075)
2026-05-13 15:57:15 INFO  [restartedMain] o.s.b.d.a.ConditionEvaluationDeltaLoggingListener requestId= tenantId= hospitalId= branchId= userId= - Condition evaluation unchanged
2026-05-13 15:57:35 INFO  [File Watcher] o.s.b.d.a.LocalDevToolsAutoConfiguration$RestartingClassPathChangeChangedEventListener requestId= tenantId= hospitalId= branchId= userId= - Restarting due to 1 class path change (1 addition, 0 deletions, 0 modifications)
2026-05-13 15:57:35 INFO  [Thread-45] o.s.b.w.e.tomcat.GracefulShutdown requestId= tenantId= hospitalId= branchId= userId= - Commencing graceful shutdown. Waiting for active requests to complete
2026-05-13 15:57:35 INFO  [tomcat-shutdown] o.s.b.w.e.tomcat.GracefulShutdown requestId= tenantId= hospitalId= branchId= userId= - Graceful shutdown complete
2026-05-13 15:57:35 INFO  [restartedMain] c.p.d.p.DiagnosticsPaymentServiceApplication requestId= tenantId= hospitalId= branchId= userId= - Starting DiagnosticsPaymentServiceApplication using Java 17.0.8 with PID 23624 (C:\Users\ms\OneDrive\Desktop\diagnostics-payment-service\target\classes started by ms in C:\Users\ms\OneDrive\Desktop\diagnostics-payment-service)
2026-05-13 15:57:35 DEBUG [restartedMain] c.p.d.p.DiagnosticsPaymentServiceApplication requestId= tenantId= hospitalId= branchId= userId= - Running with Spring Boot v3.4.4, Spring v6.2.5
2026-05-13 15:57:35 INFO  [restartedMain] c.p.d.p.DiagnosticsPaymentServiceApplication requestId= tenantId= hospitalId= branchId= userId= - No active profile set, falling back to 1 default profile: "default"
2026-05-13 15:57:36 INFO  [restartedMain] o.s.b.w.e.tomcat.TomcatWebServer requestId= tenantId= hospitalId= branchId= userId= - Tomcat initialized with port 8095 (http)
2026-05-13 15:57:36 INFO  [restartedMain] o.a.catalina.core.StandardService requestId= tenantId= hospitalId= branchId= userId= - Starting service [Tomcat]
2026-05-13 15:57:36 INFO  [restartedMain] o.a.catalina.core.StandardEngine requestId= tenantId= hospitalId= branchId= userId= - Starting Servlet engine: [Apache Tomcat/10.1.39]
2026-05-13 15:57:36 INFO  [restartedMain] o.a.c.c.C.[Tomcat].[localhost].[/] requestId= tenantId= hospitalId= branchId= userId= - Initializing Spring embedded WebApplicationContext
2026-05-13 15:57:36 INFO  [restartedMain] o.s.b.w.s.c.ServletWebServerApplicationContext requestId= tenantId= hospitalId= branchId= userId= - Root WebApplicationContext: initialization completed in 935 ms
2026-05-13 15:57:36 DEBUG [restartedMain] c.p.d.p.s.JwtAuthenticationFilter requestId= tenantId= hospitalId= branchId= userId= - Filter 'jwtAuthenticationFilter' configured for use
2026-05-13 15:57:36 DEBUG [restartedMain] c.p.d.p.logging.RequestMdcFilter requestId= tenantId= hospitalId= branchId= userId= - Filter 'requestMdcFilter' configured for use
2026-05-13 15:57:37 WARN  [restartedMain] o.s.b.a.s.s.UserDetailsServiceAutoConfiguration requestId= tenantId= hospitalId= branchId= userId= - 

Using generated security password: 18224dd8-e790-45b7-94ec-9a4bdab2d8eb

This generated password is for development use only. Your security configuration must be updated before running your application in production.

2026-05-13 15:57:37 INFO  [restartedMain] o.s.s.c.a.a.c.InitializeUserDetailsBeanManagerConfigurer$InitializeUserDetailsManagerConfigurer requestId= tenantId= hospitalId= branchId= userId= - Global AuthenticationManager configured with UserDetailsService bean with name inMemoryUserDetailsManager
2026-05-13 15:57:37 WARN  [restartedMain] o.s.b.d.a.OptionalLiveReloadServer requestId= tenantId= hospitalId= branchId= userId= - Unable to start LiveReload server
2026-05-13 15:57:37 INFO  [restartedMain] o.s.b.w.e.tomcat.TomcatWebServer requestId= tenantId= hospitalId= branchId= userId= - Tomcat started on port 8095 (http) with context path '/'
2026-05-13 15:57:37 INFO  [restartedMain] c.p.d.p.DiagnosticsPaymentServiceApplication requestId= tenantId= hospitalId= branchId= userId= - Started DiagnosticsPaymentServiceApplication in 1.751 seconds (process running for 4781.326)
2026-05-13 15:57:37 INFO  [restartedMain] o.s.b.d.a.ConditionEvaluationDeltaLoggingListener requestId= tenantId= hospitalId= branchId= userId= - Condition evaluation unchanged
2026-05-13 15:58:14 INFO  [File Watcher] o.s.b.d.a.LocalDevToolsAutoConfiguration$RestartingClassPathChangeChangedEventListener requestId= tenantId= hospitalId= branchId= userId= - Restarting due to 1 class path change (0 additions, 0 deletions, 1 modification)
2026-05-13 15:58:14 INFO  [Thread-49] o.s.b.w.e.tomcat.GracefulShutdown requestId= tenantId= hospitalId= branchId= userId= - Commencing graceful shutdown. Waiting for active requests to complete
2026-05-13 15:58:15 INFO  [tomcat-shutdown] o.s.b.w.e.tomcat.GracefulShutdown requestId= tenantId= hospitalId= branchId= userId= - Graceful shutdown complete
2026-05-13 15:58:15 INFO  [restartedMain] c.p.d.p.DiagnosticsPaymentServiceApplication requestId= tenantId= hospitalId= branchId= userId= - Starting DiagnosticsPaymentServiceApplication using Java 17.0.8 with PID 23624 (C:\Users\ms\OneDrive\Desktop\diagnostics-payment-service\target\classes started by ms in C:\Users\ms\OneDrive\Desktop\diagnostics-payment-service)
2026-05-13 15:58:15 DEBUG [restartedMain] c.p.d.p.DiagnosticsPaymentServiceApplication requestId= tenantId= hospitalId= branchId= userId= - Running with Spring Boot v3.4.4, Spring v6.2.5
2026-05-13 15:58:15 INFO  [restartedMain] c.p.d.p.DiagnosticsPaymentServiceApplication requestId= tenantId= hospitalId= branchId= userId= - No active profile set, falling back to 1 default profile: "default"
2026-05-13 15:58:16 INFO  [restartedMain] o.s.b.w.e.tomcat.TomcatWebServer requestId= tenantId= hospitalId= branchId= userId= - Tomcat initialized with port 8095 (http)
2026-05-13 15:58:16 INFO  [restartedMain] o.a.catalina.core.StandardService requestId= tenantId= hospitalId= branchId= userId= - Starting service [Tomcat]
2026-05-13 15:58:16 INFO  [restartedMain] o.a.catalina.core.StandardEngine requestId= tenantId= hospitalId= branchId= userId= - Starting Servlet engine: [Apache Tomcat/10.1.39]
2026-05-13 15:58:17 INFO  [restartedMain] o.a.c.c.C.[Tomcat].[localhost].[/] requestId= tenantId= hospitalId= branchId= userId= - Initializing Spring embedded WebApplicationContext
2026-05-13 15:58:17 INFO  [restartedMain] o.s.b.w.s.c.ServletWebServerApplicationContext requestId= tenantId= hospitalId= branchId= userId= - Root WebApplicationContext: initialization completed in 1513 ms
2026-05-13 15:58:17 DEBUG [restartedMain] c.p.d.p.s.JwtAuthenticationFilter requestId= tenantId= hospitalId= branchId= userId= - Filter 'jwtAuthenticationFilter' configured for use
2026-05-13 15:58:17 DEBUG [restartedMain] c.p.d.p.logging.RequestMdcFilter requestId= tenantId= hospitalId= branchId= userId= - Filter 'requestMdcFilter' configured for use
2026-05-13 15:58:17 WARN  [restartedMain] o.s.b.a.s.s.UserDetailsServiceAutoConfiguration requestId= tenantId= hospitalId= branchId= userId= - 

Using generated security password: 2450b9bb-dc7a-465e-87b9-b5554a402fe2

This generated password is for development use only. Your security configuration must be updated before running your application in production.

2026-05-13 15:58:17 INFO  [restartedMain] o.s.s.c.a.a.c.InitializeUserDetailsBeanManagerConfigurer$InitializeUserDetailsManagerConfigurer requestId= tenantId= hospitalId= branchId= userId= - Global AuthenticationManager configured with UserDetailsService bean with name inMemoryUserDetailsManager
2026-05-13 15:58:17 WARN  [restartedMain] o.s.b.d.a.OptionalLiveReloadServer requestId= tenantId= hospitalId= branchId= userId= - Unable to start LiveReload server
2026-05-13 15:58:17 INFO  [restartedMain] o.s.b.w.e.tomcat.TomcatWebServer requestId= tenantId= hospitalId= branchId= userId= - Tomcat started on port 8095 (http) with context path '/'
2026-05-13 15:58:17 INFO  [restartedMain] c.p.d.p.DiagnosticsPaymentServiceApplication requestId= tenantId= hospitalId= branchId= userId= - Started DiagnosticsPaymentServiceApplication in 2.411 seconds (process running for 4821.612)
2026-05-13 15:58:17 INFO  [restartedMain] o.s.b.d.a.ConditionEvaluationDeltaLoggingListener requestId= tenantId= hospitalId= branchId= userId= - Condition evaluation unchanged
2026-05-13 15:59:07 INFO  [File Watcher] o.s.b.d.a.LocalDevToolsAutoConfiguration$RestartingClassPathChangeChangedEventListener requestId= tenantId= hospitalId= branchId= userId= - Restarting due to 1 class path change (1 addition, 0 deletions, 0 modifications)
2026-05-13 15:59:07 INFO  [Thread-53] o.s.b.w.e.tomcat.GracefulShutdown requestId= tenantId= hospitalId= branchId= userId= - Commencing graceful shutdown. Waiting for active requests to complete
2026-05-13 15:59:07 INFO  [tomcat-shutdown] o.s.b.w.e.tomcat.GracefulShutdown requestId= tenantId= hospitalId= branchId= userId= - Graceful shutdown complete
2026-05-13 15:59:07 INFO  [restartedMain] c.p.d.p.DiagnosticsPaymentServiceApplication requestId= tenantId= hospitalId= branchId= userId= - Starting DiagnosticsPaymentServiceApplication using Java 17.0.8 with PID 23624 (C:\Users\ms\OneDrive\Desktop\diagnostics-payment-service\target\classes started by ms in C:\Users\ms\OneDrive\Desktop\diagnostics-payment-service)
2026-05-13 15:59:07 DEBUG [restartedMain] c.p.d.p.DiagnosticsPaymentServiceApplication requestId= tenantId= hospitalId= branchId= userId= - Running with Spring Boot v3.4.4, Spring v6.2.5
2026-05-13 15:59:07 INFO  [restartedMain] c.p.d.p.DiagnosticsPaymentServiceApplication requestId= tenantId= hospitalId= branchId= userId= - No active profile set, falling back to 1 default profile: "default"
2026-05-13 15:59:08 INFO  [restartedMain] o.s.b.w.e.tomcat.TomcatWebServer requestId= tenantId= hospitalId= branchId= userId= - Tomcat initialized with port 8095 (http)
2026-05-13 15:59:08 INFO  [restartedMain] o.a.catalina.core.StandardService requestId= tenantId= hospitalId= branchId= userId= - Starting service [Tomcat]
2026-05-13 15:59:08 INFO  [restartedMain] o.a.catalina.core.StandardEngine requestId= tenantId= hospitalId= branchId= userId= - Starting Servlet engine: [Apache Tomcat/10.1.39]
2026-05-13 15:59:08 INFO  [restartedMain] o.a.c.c.C.[Tomcat].[localhost].[/] requestId= tenantId= hospitalId= branchId= userId= - Initializing Spring embedded WebApplicationContext
2026-05-13 15:59:08 INFO  [restartedMain] o.s.b.w.s.c.ServletWebServerApplicationContext requestId= tenantId= hospitalId= branchId= userId= - Root WebApplicationContext: initialization completed in 591 ms
2026-05-13 15:59:08 DEBUG [restartedMain] c.p.d.p.s.JwtAuthenticationFilter requestId= tenantId= hospitalId= branchId= userId= - Filter 'jwtAuthenticationFilter' configured for use
2026-05-13 15:59:08 DEBUG [restartedMain] c.p.d.p.logging.RequestMdcFilter requestId= tenantId= hospitalId= branchId= userId= - Filter 'requestMdcFilter' configured for use
2026-05-13 15:59:08 WARN  [restartedMain] o.s.b.a.s.s.UserDetailsServiceAutoConfiguration requestId= tenantId= hospitalId= branchId= userId= - 

Using generated security password: 53af1286-58ba-42f7-bde4-18192c0a08c9

This generated password is for development use only. Your security configuration must be updated before running your application in production.

2026-05-13 15:59:08 INFO  [restartedMain] o.s.s.c.a.a.c.InitializeUserDetailsBeanManagerConfigurer$InitializeUserDetailsManagerConfigurer requestId= tenantId= hospitalId= branchId= userId= - Global AuthenticationManager configured with UserDetailsService bean with name inMemoryUserDetailsManager
2026-05-13 15:59:08 WARN  [restartedMain] o.s.b.d.a.OptionalLiveReloadServer requestId= tenantId= hospitalId= branchId= userId= - Unable to start LiveReload server
2026-05-13 15:59:08 INFO  [restartedMain] o.s.b.w.e.tomcat.TomcatWebServer requestId= tenantId= hospitalId= branchId= userId= - Tomcat started on port 8095 (http) with context path '/'
2026-05-13 15:59:08 INFO  [restartedMain] c.p.d.p.DiagnosticsPaymentServiceApplication requestId= tenantId= hospitalId= branchId= userId= - Started DiagnosticsPaymentServiceApplication in 1.08 seconds (process running for 4872.522)
2026-05-13 15:59:08 INFO  [restartedMain] o.s.b.d.a.ConditionEvaluationDeltaLoggingListener requestId= tenantId= hospitalId= branchId= userId= - Condition evaluation unchanged
2026-05-13 15:59:37 INFO  [File Watcher] o.s.b.d.a.LocalDevToolsAutoConfiguration$RestartingClassPathChangeChangedEventListener requestId= tenantId= hospitalId= branchId= userId= - Restarting due to 1 class path change (0 additions, 0 deletions, 1 modification)
2026-05-13 15:59:37 INFO  [Thread-57] o.s.b.w.e.tomcat.GracefulShutdown requestId= tenantId= hospitalId= branchId= userId= - Commencing graceful shutdown. Waiting for active requests to complete
2026-05-13 15:59:37 INFO  [tomcat-shutdown] o.s.b.w.e.tomcat.GracefulShutdown requestId= tenantId= hospitalId= branchId= userId= - Graceful shutdown complete
2026-05-13 15:59:37 INFO  [restartedMain] c.p.d.p.DiagnosticsPaymentServiceApplication requestId= tenantId= hospitalId= branchId= userId= - Starting DiagnosticsPaymentServiceApplication using Java 17.0.8 with PID 23624 (C:\Users\ms\OneDrive\Desktop\diagnostics-payment-service\target\classes started by ms in C:\Users\ms\OneDrive\Desktop\diagnostics-payment-service)
2026-05-13 15:59:37 DEBUG [restartedMain] c.p.d.p.DiagnosticsPaymentServiceApplication requestId= tenantId= hospitalId= branchId= userId= - Running with Spring Boot v3.4.4, Spring v6.2.5
2026-05-13 15:59:37 INFO  [restartedMain] c.p.d.p.DiagnosticsPaymentServiceApplication requestId= tenantId= hospitalId= branchId= userId= - No active profile set, falling back to 1 default profile: "default"
2026-05-13 15:59:38 INFO  [restartedMain] o.s.b.w.e.tomcat.TomcatWebServer requestId= tenantId= hospitalId= branchId= userId= - Tomcat initialized with port 8095 (http)
2026-05-13 15:59:38 INFO  [restartedMain] o.a.catalina.core.StandardService requestId= tenantId= hospitalId= branchId= userId= - Starting service [Tomcat]
2026-05-13 15:59:38 INFO  [restartedMain] o.a.catalina.core.StandardEngine requestId= tenantId= hospitalId= branchId= userId= - Starting Servlet engine: [Apache Tomcat/10.1.39]
2026-05-13 15:59:38 INFO  [restartedMain] o.a.c.c.C.[Tomcat].[localhost].[/] requestId= tenantId= hospitalId= branchId= userId= - Initializing Spring embedded WebApplicationContext
2026-05-13 15:59:38 INFO  [restartedMain] o.s.b.w.s.c.ServletWebServerApplicationContext requestId= tenantId= hospitalId= branchId= userId= - Root WebApplicationContext: initialization completed in 688 ms
2026-05-13 15:59:38 DEBUG [restartedMain] c.p.d.p.s.JwtAuthenticationFilter requestId= tenantId= hospitalId= branchId= userId= - Filter 'jwtAuthenticationFilter' configured for use
2026-05-13 15:59:38 DEBUG [restartedMain] c.p.d.p.logging.RequestMdcFilter requestId= tenantId= hospitalId= branchId= userId= - Filter 'requestMdcFilter' configured for use
2026-05-13 15:59:38 WARN  [restartedMain] o.s.b.a.s.s.UserDetailsServiceAutoConfiguration requestId= tenantId= hospitalId= branchId= userId= - 

Using generated security password: a70656b9-5b1c-4a7b-90c2-c27c59b77788

This generated password is for development use only. Your security configuration must be updated before running your application in production.

2026-05-13 15:59:38 INFO  [restartedMain] o.s.s.c.a.a.c.InitializeUserDetailsBeanManagerConfigurer$InitializeUserDetailsManagerConfigurer requestId= tenantId= hospitalId= branchId= userId= - Global AuthenticationManager configured with UserDetailsService bean with name inMemoryUserDetailsManager
2026-05-13 15:59:39 WARN  [restartedMain] o.s.b.d.a.OptionalLiveReloadServer requestId= tenantId= hospitalId= branchId= userId= - Unable to start LiveReload server
2026-05-13 15:59:39 INFO  [restartedMain] o.s.b.w.e.tomcat.TomcatWebServer requestId= tenantId= hospitalId= branchId= userId= - Tomcat started on port 8095 (http) with context path '/'
2026-05-13 15:59:39 INFO  [restartedMain] c.p.d.p.DiagnosticsPaymentServiceApplication requestId= tenantId= hospitalId= branchId= userId= - Started DiagnosticsPaymentServiceApplication in 1.533 seconds (process running for 4903.115)
2026-05-13 15:59:39 INFO  [restartedMain] o.s.b.d.a.ConditionEvaluationDeltaLoggingListener requestId= tenantId= hospitalId= branchId= userId= - Condition evaluation unchanged
2026-05-13 16:00:19 INFO  [File Watcher] o.s.b.d.a.LocalDevToolsAutoConfiguration$RestartingClassPathChangeChangedEventListener requestId= tenantId= hospitalId= branchId= userId= - Restarting due to 1 class path change (1 addition, 0 deletions, 0 modifications)
2026-05-13 16:00:19 INFO  [Thread-61] o.s.b.w.e.tomcat.GracefulShutdown requestId= tenantId= hospitalId= branchId= userId= - Commencing graceful shutdown. Waiting for active requests to complete
2026-05-13 16:00:19 INFO  [tomcat-shutdown] o.s.b.w.e.tomcat.GracefulShutdown requestId= tenantId= hospitalId= branchId= userId= - Graceful shutdown complete
2026-05-13 16:00:20 INFO  [restartedMain] c.p.d.p.DiagnosticsPaymentServiceApplication requestId= tenantId= hospitalId= branchId= userId= - Starting DiagnosticsPaymentServiceApplication using Java 17.0.8 with PID 23624 (C:\Users\ms\OneDrive\Desktop\diagnostics-payment-service\target\classes started by ms in C:\Users\ms\OneDrive\Desktop\diagnostics-payment-service)
2026-05-13 16:00:20 DEBUG [restartedMain] c.p.d.p.DiagnosticsPaymentServiceApplication requestId= tenantId= hospitalId= branchId= userId= - Running with Spring Boot v3.4.4, Spring v6.2.5
2026-05-13 16:00:20 INFO  [restartedMain] c.p.d.p.DiagnosticsPaymentServiceApplication requestId= tenantId= hospitalId= branchId= userId= - No active profile set, falling back to 1 default profile: "default"
2026-05-13 16:00:21 INFO  [restartedMain] o.s.b.w.e.tomcat.TomcatWebServer requestId= tenantId= hospitalId= branchId= userId= - Tomcat initialized with port 8095 (http)
2026-05-13 16:00:21 INFO  [restartedMain] o.a.catalina.core.StandardService requestId= tenantId= hospitalId= branchId= userId= - Starting service [Tomcat]
2026-05-13 16:00:21 INFO  [restartedMain] o.a.catalina.core.StandardEngine requestId= tenantId= hospitalId= branchId= userId= - Starting Servlet engine: [Apache Tomcat/10.1.39]
2026-05-13 16:00:21 INFO  [restartedMain] o.a.c.c.C.[Tomcat].[localhost].[/] requestId= tenantId= hospitalId= branchId= userId= - Initializing Spring embedded WebApplicationContext
2026-05-13 16:00:21 INFO  [restartedMain] o.s.b.w.s.c.ServletWebServerApplicationContext requestId= tenantId= hospitalId= branchId= userId= - Root WebApplicationContext: initialization completed in 1043 ms
2026-05-13 16:00:21 DEBUG [restartedMain] c.p.d.p.s.JwtAuthenticationFilter requestId= tenantId= hospitalId= branchId= userId= - Filter 'jwtAuthenticationFilter' configured for use
2026-05-13 16:00:21 DEBUG [restartedMain] c.p.d.p.logging.RequestMdcFilter requestId= tenantId= hospitalId= branchId= userId= - Filter 'requestMdcFilter' configured for use
2026-05-13 16:00:21 WARN  [restartedMain] o.s.b.a.s.s.UserDetailsServiceAutoConfiguration requestId= tenantId= hospitalId= branchId= userId= - 

Using generated security password: ee852934-e59a-46e5-b1a6-dde9e505a849

This generated password is for development use only. Your security configuration must be updated before running your application in production.

2026-05-13 16:00:21 INFO  [restartedMain] o.s.s.c.a.a.c.InitializeUserDetailsBeanManagerConfigurer$InitializeUserDetailsManagerConfigurer requestId= tenantId= hospitalId= branchId= userId= - Global AuthenticationManager configured with UserDetailsService bean with name inMemoryUserDetailsManager
2026-05-13 16:00:22 WARN  [restartedMain] o.s.b.d.a.OptionalLiveReloadServer requestId= tenantId= hospitalId= branchId= userId= - Unable to start LiveReload server
2026-05-13 16:00:22 INFO  [restartedMain] o.s.b.w.e.tomcat.TomcatWebServer requestId= tenantId= hospitalId= branchId= userId= - Tomcat started on port 8095 (http) with context path '/'
2026-05-13 16:00:22 INFO  [restartedMain] c.p.d.p.DiagnosticsPaymentServiceApplication requestId= tenantId= hospitalId= branchId= userId= - Started DiagnosticsPaymentServiceApplication in 2.849 seconds (process running for 4946.603)
2026-05-13 16:00:22 INFO  [restartedMain] o.s.b.d.a.ConditionEvaluationDeltaLoggingListener requestId= tenantId= hospitalId= branchId= userId= - Condition evaluation unchanged
2026-05-13 16:00:56 INFO  [File Watcher] o.s.b.d.a.LocalDevToolsAutoConfiguration$RestartingClassPathChangeChangedEventListener requestId= tenantId= hospitalId= branchId= userId= - Restarting due to 1 class path change (0 additions, 0 deletions, 1 modification)
2026-05-13 16:00:56 INFO  [Thread-65] o.s.b.w.e.tomcat.GracefulShutdown requestId= tenantId= hospitalId= branchId= userId= - Commencing graceful shutdown. Waiting for active requests to complete
2026-05-13 16:00:57 INFO  [tomcat-shutdown] o.s.b.w.e.tomcat.GracefulShutdown requestId= tenantId= hospitalId= branchId= userId= - Graceful shutdown complete
2026-05-13 16:00:57 INFO  [restartedMain] c.p.d.p.DiagnosticsPaymentServiceApplication requestId= tenantId= hospitalId= branchId= userId= - Starting DiagnosticsPaymentServiceApplication using Java 17.0.8 with PID 23624 (C:\Users\ms\OneDrive\Desktop\diagnostics-payment-service\target\classes started by ms in C:\Users\ms\OneDrive\Desktop\diagnostics-payment-service)
2026-05-13 16:00:57 DEBUG [restartedMain] c.p.d.p.DiagnosticsPaymentServiceApplication requestId= tenantId= hospitalId= branchId= userId= - Running with Spring Boot v3.4.4, Spring v6.2.5
2026-05-13 16:00:57 INFO  [restartedMain] c.p.d.p.DiagnosticsPaymentServiceApplication requestId= tenantId= hospitalId= branchId= userId= - No active profile set, falling back to 1 default profile: "default"
2026-05-13 16:00:58 INFO  [restartedMain] o.s.b.w.e.tomcat.TomcatWebServer requestId= tenantId= hospitalId= branchId= userId= - Tomcat initialized with port 8095 (http)
2026-05-13 16:00:58 INFO  [restartedMain] o.a.catalina.core.StandardService requestId= tenantId= hospitalId= branchId= userId= - Starting service [Tomcat]
2026-05-13 16:00:58 INFO  [restartedMain] o.a.catalina.core.StandardEngine requestId= tenantId= hospitalId= branchId= userId= - Starting Servlet engine: [Apache Tomcat/10.1.39]
2026-05-13 16:00:58 INFO  [restartedMain] o.a.c.c.C.[Tomcat].[localhost].[/] requestId= tenantId= hospitalId= branchId= userId= - Initializing Spring embedded WebApplicationContext
2026-05-13 16:00:58 INFO  [restartedMain] o.s.b.w.s.c.ServletWebServerApplicationContext requestId= tenantId= hospitalId= branchId= userId= - Root WebApplicationContext: initialization completed in 846 ms
2026-05-13 16:00:58 DEBUG [restartedMain] c.p.d.p.s.JwtAuthenticationFilter requestId= tenantId= hospitalId= branchId= userId= - Filter 'jwtAuthenticationFilter' configured for use
2026-05-13 16:00:58 DEBUG [restartedMain] c.p.d.p.logging.RequestMdcFilter requestId= tenantId= hospitalId= branchId= userId= - Filter 'requestMdcFilter' configured for use
2026-05-13 16:00:58 WARN  [restartedMain] o.s.b.a.s.s.UserDetailsServiceAutoConfiguration requestId= tenantId= hospitalId= branchId= userId= - 

Using generated security password: bfe1ce19-d00b-432b-81bd-5e27bc6c739d

This generated password is for development use only. Your security configuration must be updated before running your application in production.

2026-05-13 16:00:58 INFO  [restartedMain] o.s.s.c.a.a.c.InitializeUserDetailsBeanManagerConfigurer$InitializeUserDetailsManagerConfigurer requestId= tenantId= hospitalId= branchId= userId= - Global AuthenticationManager configured with UserDetailsService bean with name inMemoryUserDetailsManager
2026-05-13 16:00:58 WARN  [restartedMain] o.s.b.d.a.OptionalLiveReloadServer requestId= tenantId= hospitalId= branchId= userId= - Unable to start LiveReload server
2026-05-13 16:00:58 INFO  [restartedMain] o.s.b.w.e.tomcat.TomcatWebServer requestId= tenantId= hospitalId= branchId= userId= - Tomcat started on port 8095 (http) with context path '/'
2026-05-13 16:00:58 INFO  [restartedMain] c.p.d.p.DiagnosticsPaymentServiceApplication requestId= tenantId= hospitalId= branchId= userId= - Started DiagnosticsPaymentServiceApplication in 1.369 seconds (process running for 4982.291)
2026-05-13 16:00:58 INFO  [restartedMain] o.s.b.d.a.ConditionEvaluationDeltaLoggingListener requestId= tenantId= hospitalId= branchId= userId= - Condition evaluation unchanged
2026-05-13 16:01:34 INFO  [File Watcher] o.s.b.d.a.LocalDevToolsAutoConfiguration$RestartingClassPathChangeChangedEventListener requestId= tenantId= hospitalId= branchId= userId= - Restarting due to 1 class path change (1 addition, 0 deletions, 0 modifications)
2026-05-13 16:01:34 INFO  [Thread-69] o.s.b.w.e.tomcat.GracefulShutdown requestId= tenantId= hospitalId= branchId= userId= - Commencing graceful shutdown. Waiting for active requests to complete
2026-05-13 16:01:34 INFO  [tomcat-shutdown] o.s.b.w.e.tomcat.GracefulShutdown requestId= tenantId= hospitalId= branchId= userId= - Graceful shutdown complete
2026-05-13 16:01:34 INFO  [restartedMain] c.p.d.p.DiagnosticsPaymentServiceApplication requestId= tenantId= hospitalId= branchId= userId= - Starting DiagnosticsPaymentServiceApplication using Java 17.0.8 with PID 23624 (C:\Users\ms\OneDrive\Desktop\diagnostics-payment-service\target\classes started by ms in C:\Users\ms\OneDrive\Desktop\diagnostics-payment-service)
2026-05-13 16:01:34 DEBUG [restartedMain] c.p.d.p.DiagnosticsPaymentServiceApplication requestId= tenantId= hospitalId= branchId= userId= - Running with Spring Boot v3.4.4, Spring v6.2.5
2026-05-13 16:01:34 INFO  [restartedMain] c.p.d.p.DiagnosticsPaymentServiceApplication requestId= tenantId= hospitalId= branchId= userId= - No active profile set, falling back to 1 default profile: "default"
2026-05-13 16:01:34 INFO  [restartedMain] o.s.b.w.e.tomcat.TomcatWebServer requestId= tenantId= hospitalId= branchId= userId= - Tomcat initialized with port 8095 (http)
2026-05-13 16:01:34 INFO  [restartedMain] o.a.catalina.core.StandardService requestId= tenantId= hospitalId= branchId= userId= - Starting service [Tomcat]
2026-05-13 16:01:34 INFO  [restartedMain] o.a.catalina.core.StandardEngine requestId= tenantId= hospitalId= branchId= userId= - Starting Servlet engine: [Apache Tomcat/10.1.39]
2026-05-13 16:01:34 INFO  [restartedMain] o.a.c.c.C.[Tomcat].[localhost].[/] requestId= tenantId= hospitalId= branchId= userId= - Initializing Spring embedded WebApplicationContext
2026-05-13 16:01:34 INFO  [restartedMain] o.s.b.w.s.c.ServletWebServerApplicationContext requestId= tenantId= hospitalId= branchId= userId= - Root WebApplicationContext: initialization completed in 739 ms
2026-05-13 16:01:34 DEBUG [restartedMain] c.p.d.p.s.JwtAuthenticationFilter requestId= tenantId= hospitalId= branchId= userId= - Filter 'jwtAuthenticationFilter' configured for use
2026-05-13 16:01:34 DEBUG [restartedMain] c.p.d.p.logging.RequestMdcFilter requestId= tenantId= hospitalId= branchId= userId= - Filter 'requestMdcFilter' configured for use
2026-05-13 16:01:35 WARN  [restartedMain] o.s.b.a.s.s.UserDetailsServiceAutoConfiguration requestId= tenantId= hospitalId= branchId= userId= - 

Using generated security password: 94a45f5c-8c74-4c7f-83a2-da3ec9cd5c88

This generated password is for development use only. Your security configuration must be updated before running your application in production.

2026-05-13 16:01:35 INFO  [restartedMain] o.s.s.c.a.a.c.InitializeUserDetailsBeanManagerConfigurer$InitializeUserDetailsManagerConfigurer requestId= tenantId= hospitalId= branchId= userId= - Global AuthenticationManager configured with UserDetailsService bean with name inMemoryUserDetailsManager
2026-05-13 16:01:35 WARN  [restartedMain] o.s.b.d.a.OptionalLiveReloadServer requestId= tenantId= hospitalId= branchId= userId= - Unable to start LiveReload server
2026-05-13 16:01:35 INFO  [restartedMain] o.s.b.w.e.tomcat.TomcatWebServer requestId= tenantId= hospitalId= branchId= userId= - Tomcat started on port 8095 (http) with context path '/'
2026-05-13 16:01:35 INFO  [restartedMain] c.p.d.p.DiagnosticsPaymentServiceApplication requestId= tenantId= hospitalId= branchId= userId= - Started DiagnosticsPaymentServiceApplication in 1.497 seconds (process running for 5019.477)
2026-05-13 16:01:35 INFO  [restartedMain] o.s.b.d.a.ConditionEvaluationDeltaLoggingListener requestId= tenantId= hospitalId= branchId= userId= - Condition evaluation unchanged
2026-05-13 16:02:08 INFO  [File Watcher] o.s.b.d.a.LocalDevToolsAutoConfiguration$RestartingClassPathChangeChangedEventListener requestId= tenantId= hospitalId= branchId= userId= - Restarting due to 1 class path change (0 additions, 0 deletions, 1 modification)
2026-05-13 16:02:08 INFO  [Thread-73] o.s.b.w.e.tomcat.GracefulShutdown requestId= tenantId= hospitalId= branchId= userId= - Commencing graceful shutdown. Waiting for active requests to complete
2026-05-13 16:02:08 INFO  [tomcat-shutdown] o.s.b.w.e.tomcat.GracefulShutdown requestId= tenantId= hospitalId= branchId= userId= - Graceful shutdown complete
2026-05-13 16:02:08 INFO  [restartedMain] c.p.d.p.DiagnosticsPaymentServiceApplication requestId= tenantId= hospitalId= branchId= userId= - Starting DiagnosticsPaymentServiceApplication using Java 17.0.8 with PID 23624 (C:\Users\ms\OneDrive\Desktop\diagnostics-payment-service\target\classes started by ms in C:\Users\ms\OneDrive\Desktop\diagnostics-payment-service)
2026-05-13 16:02:08 DEBUG [restartedMain] c.p.d.p.DiagnosticsPaymentServiceApplication requestId= tenantId= hospitalId= branchId= userId= - Running with Spring Boot v3.4.4, Spring v6.2.5
2026-05-13 16:02:08 INFO  [restartedMain] c.p.d.p.DiagnosticsPaymentServiceApplication requestId= tenantId= hospitalId= branchId= userId= - No active profile set, falling back to 1 default profile: "default"
2026-05-13 16:02:09 INFO  [restartedMain] o.s.b.w.e.tomcat.TomcatWebServer requestId= tenantId= hospitalId= branchId= userId= - Tomcat initialized with port 8095 (http)
2026-05-13 16:02:09 INFO  [restartedMain] o.a.catalina.core.StandardService requestId= tenantId= hospitalId= branchId= userId= - Starting service [Tomcat]
2026-05-13 16:02:09 INFO  [restartedMain] o.a.catalina.core.StandardEngine requestId= tenantId= hospitalId= branchId= userId= - Starting Servlet engine: [Apache Tomcat/10.1.39]
2026-05-13 16:02:09 INFO  [restartedMain] o.a.c.c.C.[Tomcat].[localhost].[/] requestId= tenantId= hospitalId= branchId= userId= - Initializing Spring embedded WebApplicationContext
2026-05-13 16:02:09 INFO  [restartedMain] o.s.b.w.s.c.ServletWebServerApplicationContext requestId= tenantId= hospitalId= branchId= userId= - Root WebApplicationContext: initialization completed in 647 ms
2026-05-13 16:02:09 DEBUG [restartedMain] c.p.d.p.s.JwtAuthenticationFilter requestId= tenantId= hospitalId= branchId= userId= - Filter 'jwtAuthenticationFilter' configured for use
2026-05-13 16:02:09 DEBUG [restartedMain] c.p.d.p.logging.RequestMdcFilter requestId= tenantId= hospitalId= branchId= userId= - Filter 'requestMdcFilter' configured for use
2026-05-13 16:02:09 WARN  [restartedMain] o.s.b.a.s.s.UserDetailsServiceAutoConfiguration requestId= tenantId= hospitalId= branchId= userId= - 

Using generated security password: 59f1a03b-2c18-4ccd-9e82-9ba3d6e87571

This generated password is for development use only. Your security configuration must be updated before running your application in production.

2026-05-13 16:02:09 INFO  [restartedMain] o.s.s.c.a.a.c.InitializeUserDetailsBeanManagerConfigurer$InitializeUserDetailsManagerConfigurer requestId= tenantId= hospitalId= branchId= userId= - Global AuthenticationManager configured with UserDetailsService bean with name inMemoryUserDetailsManager
2026-05-13 16:02:09 WARN  [restartedMain] o.s.b.d.a.OptionalLiveReloadServer requestId= tenantId= hospitalId= branchId= userId= - Unable to start LiveReload server
2026-05-13 16:02:09 INFO  [restartedMain] o.s.b.w.e.tomcat.TomcatWebServer requestId= tenantId= hospitalId= branchId= userId= - Tomcat started on port 8095 (http) with context path '/'
2026-05-13 16:02:09 INFO  [restartedMain] c.p.d.p.DiagnosticsPaymentServiceApplication requestId= tenantId= hospitalId= branchId= userId= - Started DiagnosticsPaymentServiceApplication in 1.61 seconds (process running for 5053.789)
2026-05-13 16:02:09 INFO  [restartedMain] o.s.b.d.a.ConditionEvaluationDeltaLoggingListener requestId= tenantId= hospitalId= branchId= userId= - Condition evaluation unchanged
2026-05-13 16:02:36 INFO  [File Watcher] o.s.b.d.a.LocalDevToolsAutoConfiguration$RestartingClassPathChangeChangedEventListener requestId= tenantId= hospitalId= branchId= userId= - Restarting due to 1 class path change (1 addition, 0 deletions, 0 modifications)
2026-05-13 16:02:36 INFO  [Thread-77] o.s.b.w.e.tomcat.GracefulShutdown requestId= tenantId= hospitalId= branchId= userId= - Commencing graceful shutdown. Waiting for active requests to complete
2026-05-13 16:02:36 INFO  [tomcat-shutdown] o.s.b.w.e.tomcat.GracefulShutdown requestId= tenantId= hospitalId= branchId= userId= - Graceful shutdown complete
2026-05-13 16:02:37 INFO  [restartedMain] c.p.d.p.DiagnosticsPaymentServiceApplication requestId= tenantId= hospitalId= branchId= userId= - Starting DiagnosticsPaymentServiceApplication using Java 17.0.8 with PID 23624 (C:\Users\ms\OneDrive\Desktop\diagnostics-payment-service\target\classes started by ms in C:\Users\ms\OneDrive\Desktop\diagnostics-payment-service)
2026-05-13 16:02:37 DEBUG [restartedMain] c.p.d.p.DiagnosticsPaymentServiceApplication requestId= tenantId= hospitalId= branchId= userId= - Running with Spring Boot v3.4.4, Spring v6.2.5
2026-05-13 16:02:37 INFO  [restartedMain] c.p.d.p.DiagnosticsPaymentServiceApplication requestId= tenantId= hospitalId= branchId= userId= - No active profile set, falling back to 1 default profile: "default"
2026-05-13 16:02:38 INFO  [restartedMain] o.s.b.w.e.tomcat.TomcatWebServer requestId= tenantId= hospitalId= branchId= userId= - Tomcat initialized with port 8095 (http)
2026-05-13 16:02:38 INFO  [restartedMain] o.a.catalina.core.StandardService requestId= tenantId= hospitalId= branchId= userId= - Starting service [Tomcat]
2026-05-13 16:02:38 INFO  [restartedMain] o.a.catalina.core.StandardEngine requestId= tenantId= hospitalId= branchId= userId= - Starting Servlet engine: [Apache Tomcat/10.1.39]
2026-05-13 16:02:38 INFO  [restartedMain] o.a.c.c.C.[Tomcat].[localhost].[/] requestId= tenantId= hospitalId= branchId= userId= - Initializing Spring embedded WebApplicationContext
2026-05-13 16:02:38 INFO  [restartedMain] o.s.b.w.s.c.ServletWebServerApplicationContext requestId= tenantId= hospitalId= branchId= userId= - Root WebApplicationContext: initialization completed in 1833 ms
2026-05-13 16:02:38 DEBUG [restartedMain] c.p.d.p.s.JwtAuthenticationFilter requestId= tenantId= hospitalId= branchId= userId= - Filter 'jwtAuthenticationFilter' configured for use
2026-05-13 16:02:38 DEBUG [restartedMain] c.p.d.p.logging.RequestMdcFilter requestId= tenantId= hospitalId= branchId= userId= - Filter 'requestMdcFilter' configured for use
2026-05-13 16:02:39 WARN  [restartedMain] o.s.b.a.s.s.UserDetailsServiceAutoConfiguration requestId= tenantId= hospitalId= branchId= userId= - 

Using generated security password: 1ce69349-6ba1-4d9f-91aa-054880d741eb

This generated password is for development use only. Your security configuration must be updated before running your application in production.

2026-05-13 16:02:39 INFO  [restartedMain] o.s.s.c.a.a.c.InitializeUserDetailsBeanManagerConfigurer$InitializeUserDetailsManagerConfigurer requestId= tenantId= hospitalId= branchId= userId= - Global AuthenticationManager configured with UserDetailsService bean with name inMemoryUserDetailsManager
2026-05-13 16:02:40 WARN  [restartedMain] o.s.b.d.a.OptionalLiveReloadServer requestId= tenantId= hospitalId= branchId= userId= - Unable to start LiveReload server
2026-05-13 16:02:40 INFO  [restartedMain] o.s.b.w.e.tomcat.TomcatWebServer requestId= tenantId= hospitalId= branchId= userId= - Tomcat started on port 8095 (http) with context path '/'
2026-05-13 16:02:40 INFO  [restartedMain] c.p.d.p.DiagnosticsPaymentServiceApplication requestId= tenantId= hospitalId= branchId= userId= - Started DiagnosticsPaymentServiceApplication in 3.307 seconds (process running for 5084.139)
2026-05-13 16:02:40 INFO  [restartedMain] o.s.b.d.a.ConditionEvaluationDeltaLoggingListener requestId= tenantId= hospitalId= branchId= userId= - Condition evaluation unchanged
2026-05-13 16:03:09 INFO  [File Watcher] o.s.b.d.a.LocalDevToolsAutoConfiguration$RestartingClassPathChangeChangedEventListener requestId= tenantId= hospitalId= branchId= userId= - Restarting due to 1 class path change (0 additions, 0 deletions, 1 modification)
2026-05-13 16:03:09 INFO  [Thread-81] o.s.b.w.e.tomcat.GracefulShutdown requestId= tenantId= hospitalId= branchId= userId= - Commencing graceful shutdown. Waiting for active requests to complete
2026-05-13 16:03:10 INFO  [tomcat-shutdown] o.s.b.w.e.tomcat.GracefulShutdown requestId= tenantId= hospitalId= branchId= userId= - Graceful shutdown complete
2026-05-13 16:03:10 INFO  [restartedMain] c.p.d.p.DiagnosticsPaymentServiceApplication requestId= tenantId= hospitalId= branchId= userId= - Starting DiagnosticsPaymentServiceApplication using Java 17.0.8 with PID 23624 (C:\Users\ms\OneDrive\Desktop\diagnostics-payment-service\target\classes started by ms in C:\Users\ms\OneDrive\Desktop\diagnostics-payment-service)
2026-05-13 16:03:10 DEBUG [restartedMain] c.p.d.p.DiagnosticsPaymentServiceApplication requestId= tenantId= hospitalId= branchId= userId= - Running with Spring Boot v3.4.4, Spring v6.2.5
2026-05-13 16:03:10 INFO  [restartedMain] c.p.d.p.DiagnosticsPaymentServiceApplication requestId= tenantId= hospitalId= branchId= userId= - No active profile set, falling back to 1 default profile: "default"
2026-05-13 16:03:10 INFO  [restartedMain] o.s.b.w.e.tomcat.TomcatWebServer requestId= tenantId= hospitalId= branchId= userId= - Tomcat initialized with port 8095 (http)
2026-05-13 16:03:10 INFO  [restartedMain] o.a.catalina.core.StandardService requestId= tenantId= hospitalId= branchId= userId= - Starting service [Tomcat]
2026-05-13 16:03:10 INFO  [restartedMain] o.a.catalina.core.StandardEngine requestId= tenantId= hospitalId= branchId= userId= - Starting Servlet engine: [Apache Tomcat/10.1.39]
2026-05-13 16:03:10 INFO  [restartedMain] o.a.c.c.C.[Tomcat].[localhost].[/] requestId= tenantId= hospitalId= branchId= userId= - Initializing Spring embedded WebApplicationContext
2026-05-13 16:03:10 INFO  [restartedMain] o.s.b.w.s.c.ServletWebServerApplicationContext requestId= tenantId= hospitalId= branchId= userId= - Root WebApplicationContext: initialization completed in 557 ms
2026-05-13 16:03:10 DEBUG [restartedMain] c.p.d.p.s.JwtAuthenticationFilter requestId= tenantId= hospitalId= branchId= userId= - Filter 'jwtAuthenticationFilter' configured for use
2026-05-13 16:03:10 DEBUG [restartedMain] c.p.d.p.logging.RequestMdcFilter requestId= tenantId= hospitalId= branchId= userId= - Filter 'requestMdcFilter' configured for use
2026-05-13 16:03:10 WARN  [restartedMain] o.s.b.a.s.s.UserDetailsServiceAutoConfiguration requestId= tenantId= hospitalId= branchId= userId= - 

Using generated security password: f4d1ec88-15ee-4da6-a8d1-71cd956f27a5

This generated password is for development use only. Your security configuration must be updated before running your application in production.

2026-05-13 16:03:10 INFO  [restartedMain] o.s.s.c.a.a.c.InitializeUserDetailsBeanManagerConfigurer$InitializeUserDetailsManagerConfigurer requestId= tenantId= hospitalId= branchId= userId= - Global AuthenticationManager configured with UserDetailsService bean with name inMemoryUserDetailsManager
2026-05-13 16:03:11 WARN  [restartedMain] o.s.b.d.a.OptionalLiveReloadServer requestId= tenantId= hospitalId= branchId= userId= - Unable to start LiveReload server
2026-05-13 16:03:11 INFO  [restartedMain] o.s.b.w.e.tomcat.TomcatWebServer requestId= tenantId= hospitalId= branchId= userId= - Tomcat started on port 8095 (http) with context path '/'
2026-05-13 16:03:11 INFO  [restartedMain] c.p.d.p.DiagnosticsPaymentServiceApplication requestId= tenantId= hospitalId= branchId= userId= - Started DiagnosticsPaymentServiceApplication in 1.055 seconds (process running for 5115.012)
2026-05-13 16:03:11 INFO  [restartedMain] o.s.b.d.a.ConditionEvaluationDeltaLoggingListener requestId= tenantId= hospitalId= branchId= userId= - Condition evaluation unchanged
2026-05-13 16:04:20 INFO  [File Watcher] o.s.b.d.a.LocalDevToolsAutoConfiguration$RestartingClassPathChangeChangedEventListener requestId= tenantId= hospitalId= branchId= userId= - Restarting due to 1 class path change (1 addition, 0 deletions, 0 modifications)
2026-05-13 16:04:20 INFO  [Thread-85] o.s.b.w.e.tomcat.GracefulShutdown requestId= tenantId= hospitalId= branchId= userId= - Commencing graceful shutdown. Waiting for active requests to complete
2026-05-13 16:04:20 INFO  [tomcat-shutdown] o.s.b.w.e.tomcat.GracefulShutdown requestId= tenantId= hospitalId= branchId= userId= - Graceful shutdown complete
2026-05-13 16:04:21 INFO  [restartedMain] c.p.d.p.DiagnosticsPaymentServiceApplication requestId= tenantId= hospitalId= branchId= userId= - Starting DiagnosticsPaymentServiceApplication using Java 17.0.8 with PID 23624 (C:\Users\ms\OneDrive\Desktop\diagnostics-payment-service\target\classes started by ms in C:\Users\ms\OneDrive\Desktop\diagnostics-payment-service)
2026-05-13 16:04:21 DEBUG [restartedMain] c.p.d.p.DiagnosticsPaymentServiceApplication requestId= tenantId= hospitalId= branchId= userId= - Running with Spring Boot v3.4.4, Spring v6.2.5
2026-05-13 16:04:21 INFO  [restartedMain] c.p.d.p.DiagnosticsPaymentServiceApplication requestId= tenantId= hospitalId= branchId= userId= - No active profile set, falling back to 1 default profile: "default"
2026-05-13 16:04:22 INFO  [restartedMain] o.s.b.w.e.tomcat.TomcatWebServer requestId= tenantId= hospitalId= branchId= userId= - Tomcat initialized with port 8095 (http)
2026-05-13 16:04:22 INFO  [restartedMain] o.a.catalina.core.StandardService requestId= tenantId= hospitalId= branchId= userId= - Starting service [Tomcat]
2026-05-13 16:04:22 INFO  [restartedMain] o.a.catalina.core.StandardEngine requestId= tenantId= hospitalId= branchId= userId= - Starting Servlet engine: [Apache Tomcat/10.1.39]
2026-05-13 16:04:22 INFO  [restartedMain] o.a.c.c.C.[Tomcat].[localhost].[/] requestId= tenantId= hospitalId= branchId= userId= - Initializing Spring embedded WebApplicationContext
2026-05-13 16:04:22 INFO  [restartedMain] o.s.b.w.s.c.ServletWebServerApplicationContext requestId= tenantId= hospitalId= branchId= userId= - Root WebApplicationContext: initialization completed in 1529 ms
2026-05-13 16:04:22 DEBUG [restartedMain] c.p.d.p.s.JwtAuthenticationFilter requestId= tenantId= hospitalId= branchId= userId= - Filter 'jwtAuthenticationFilter' configured for use
2026-05-13 16:04:22 DEBUG [restartedMain] c.p.d.p.logging.RequestMdcFilter requestId= tenantId= hospitalId= branchId= userId= - Filter 'requestMdcFilter' configured for use
2026-05-13 16:04:22 WARN  [restartedMain] o.s.b.a.s.s.UserDetailsServiceAutoConfiguration requestId= tenantId= hospitalId= branchId= userId= - 

Using generated security password: 8ed23ed8-1a5b-433b-91e3-de72cf1ca919

This generated password is for development use only. Your security configuration must be updated before running your application in production.

2026-05-13 16:04:22 INFO  [restartedMain] o.s.s.c.a.a.c.InitializeUserDetailsBeanManagerConfigurer$InitializeUserDetailsManagerConfigurer requestId= tenantId= hospitalId= branchId= userId= - Global AuthenticationManager configured with UserDetailsService bean with name inMemoryUserDetailsManager
2026-05-13 16:04:25 WARN  [restartedMain] o.s.b.d.a.OptionalLiveReloadServer requestId= tenantId= hospitalId= branchId= userId= - Unable to start LiveReload server
2026-05-13 16:04:25 INFO  [restartedMain] o.s.b.w.e.tomcat.TomcatWebServer requestId= tenantId= hospitalId= branchId= userId= - Tomcat started on port 8095 (http) with context path '/'
2026-05-13 16:04:25 INFO  [restartedMain] c.p.d.p.DiagnosticsPaymentServiceApplication requestId= tenantId= hospitalId= branchId= userId= - Started DiagnosticsPaymentServiceApplication in 4.366 seconds (process running for 5189.221)
2026-05-13 16:04:25 INFO  [restartedMain] o.s.b.d.a.ConditionEvaluationDeltaLoggingListener requestId= tenantId= hospitalId= branchId= userId= - Condition evaluation unchanged
2026-05-13 16:04:40 INFO  [File Watcher] o.s.b.d.a.LocalDevToolsAutoConfiguration$RestartingClassPathChangeChangedEventListener requestId= tenantId= hospitalId= branchId= userId= - Restarting due to 1 class path change (0 additions, 0 deletions, 1 modification)
2026-05-13 16:04:40 INFO  [Thread-89] o.s.b.w.e.tomcat.GracefulShutdown requestId= tenantId= hospitalId= branchId= userId= - Commencing graceful shutdown. Waiting for active requests to complete
2026-05-13 16:04:40 INFO  [tomcat-shutdown] o.s.b.w.e.tomcat.GracefulShutdown requestId= tenantId= hospitalId= branchId= userId= - Graceful shutdown complete
2026-05-13 16:04:41 INFO  [restartedMain] c.p.d.p.DiagnosticsPaymentServiceApplication requestId= tenantId= hospitalId= branchId= userId= - Starting DiagnosticsPaymentServiceApplication using Java 17.0.8 with PID 23624 (C:\Users\ms\OneDrive\Desktop\diagnostics-payment-service\target\classes started by ms in C:\Users\ms\OneDrive\Desktop\diagnostics-payment-service)
2026-05-13 16:04:41 DEBUG [restartedMain] c.p.d.p.DiagnosticsPaymentServiceApplication requestId= tenantId= hospitalId= branchId= userId= - Running with Spring Boot v3.4.4, Spring v6.2.5
2026-05-13 16:04:41 INFO  [restartedMain] c.p.d.p.DiagnosticsPaymentServiceApplication requestId= tenantId= hospitalId= branchId= userId= - No active profile set, falling back to 1 default profile: "default"
2026-05-13 16:04:45 INFO  [restartedMain] o.s.b.w.e.tomcat.TomcatWebServer requestId= tenantId= hospitalId= branchId= userId= - Tomcat initialized with port 8095 (http)
2026-05-13 16:04:45 INFO  [restartedMain] o.a.catalina.core.StandardService requestId= tenantId= hospitalId= branchId= userId= - Starting service [Tomcat]
2026-05-13 16:04:45 INFO  [restartedMain] o.a.catalina.core.StandardEngine requestId= tenantId= hospitalId= branchId= userId= - Starting Servlet engine: [Apache Tomcat/10.1.39]
2026-05-13 16:04:45 INFO  [restartedMain] o.a.c.c.C.[Tomcat].[localhost].[/] requestId= tenantId= hospitalId= branchId= userId= - Initializing Spring embedded WebApplicationContext
2026-05-13 16:04:45 INFO  [restartedMain] o.s.b.w.s.c.ServletWebServerApplicationContext requestId= tenantId= hospitalId= branchId= userId= - Root WebApplicationContext: initialization completed in 4442 ms
2026-05-13 16:04:45 DEBUG [restartedMain] c.p.d.p.s.JwtAuthenticationFilter requestId= tenantId= hospitalId= branchId= userId= - Filter 'jwtAuthenticationFilter' configured for use
2026-05-13 16:04:45 DEBUG [restartedMain] c.p.d.p.logging.RequestMdcFilter requestId= tenantId= hospitalId= branchId= userId= - Filter 'requestMdcFilter' configured for use
2026-05-13 16:04:53 WARN  [restartedMain] o.s.b.a.s.s.UserDetailsServiceAutoConfiguration requestId= tenantId= hospitalId= branchId= userId= - 

Using generated security password: d5a48c75-af4a-4024-9d8a-e55bc2d496d3

This generated password is for development use only. Your security configuration must be updated before running your application in production.

2026-05-13 16:04:53 INFO  [restartedMain] o.s.s.c.a.a.c.InitializeUserDetailsBeanManagerConfigurer$InitializeUserDetailsManagerConfigurer requestId= tenantId= hospitalId= branchId= userId= - Global AuthenticationManager configured with UserDetailsService bean with name inMemoryUserDetailsManager
2026-05-13 16:04:53 WARN  [restartedMain] o.s.b.d.a.OptionalLiveReloadServer requestId= tenantId= hospitalId= branchId= userId= - Unable to start LiveReload server
2026-05-13 16:04:53 INFO  [restartedMain] o.s.b.w.e.tomcat.TomcatWebServer requestId= tenantId= hospitalId= branchId= userId= - Tomcat started on port 8095 (http) with context path '/'
2026-05-13 16:04:53 INFO  [restartedMain] c.p.d.p.DiagnosticsPaymentServiceApplication requestId= tenantId= hospitalId= branchId= userId= - Started DiagnosticsPaymentServiceApplication in 12.321 seconds (process running for 5217.231)
2026-05-13 16:04:53 INFO  [restartedMain] o.s.b.d.a.ConditionEvaluationDeltaLoggingListener requestId= tenantId= hospitalId= branchId= userId= - Condition evaluation unchanged
2026-05-13 16:07:08 INFO  [File Watcher] o.s.b.d.a.LocalDevToolsAutoConfiguration$RestartingClassPathChangeChangedEventListener requestId= tenantId= hospitalId= branchId= userId= - Restarting due to 1 class path change (1 addition, 0 deletions, 0 modifications)
2026-05-13 16:07:08 INFO  [Thread-93] o.s.b.w.e.tomcat.GracefulShutdown requestId= tenantId= hospitalId= branchId= userId= - Commencing graceful shutdown. Waiting for active requests to complete
2026-05-13 16:07:08 INFO  [tomcat-shutdown] o.s.b.w.e.tomcat.GracefulShutdown requestId= tenantId= hospitalId= branchId= userId= - Graceful shutdown complete
2026-05-13 16:07:08 INFO  [restartedMain] c.p.d.p.DiagnosticsPaymentServiceApplication requestId= tenantId= hospitalId= branchId= userId= - Starting DiagnosticsPaymentServiceApplication using Java 17.0.8 with PID 23624 (C:\Users\ms\OneDrive\Desktop\diagnostics-payment-service\target\classes started by ms in C:\Users\ms\OneDrive\Desktop\diagnostics-payment-service)
2026-05-13 16:07:08 DEBUG [restartedMain] c.p.d.p.DiagnosticsPaymentServiceApplication requestId= tenantId= hospitalId= branchId= userId= - Running with Spring Boot v3.4.4, Spring v6.2.5
2026-05-13 16:07:08 INFO  [restartedMain] c.p.d.p.DiagnosticsPaymentServiceApplication requestId= tenantId= hospitalId= branchId= userId= - No active profile set, falling back to 1 default profile: "default"
2026-05-13 16:07:10 INFO  [restartedMain] o.s.b.w.e.tomcat.TomcatWebServer requestId= tenantId= hospitalId= branchId= userId= - Tomcat initialized with port 8095 (http)
2026-05-13 16:07:10 INFO  [restartedMain] o.a.catalina.core.StandardService requestId= tenantId= hospitalId= branchId= userId= - Starting service [Tomcat]
2026-05-13 16:07:10 INFO  [restartedMain] o.a.catalina.core.StandardEngine requestId= tenantId= hospitalId= branchId= userId= - Starting Servlet engine: [Apache Tomcat/10.1.39]
2026-05-13 16:07:10 INFO  [restartedMain] o.a.c.c.C.[Tomcat].[localhost].[/] requestId= tenantId= hospitalId= branchId= userId= - Initializing Spring embedded WebApplicationContext
2026-05-13 16:07:10 INFO  [restartedMain] o.s.b.w.s.c.ServletWebServerApplicationContext requestId= tenantId= hospitalId= branchId= userId= - Root WebApplicationContext: initialization completed in 1732 ms
2026-05-13 16:07:10 DEBUG [restartedMain] c.p.d.p.s.JwtAuthenticationFilter requestId= tenantId= hospitalId= branchId= userId= - Filter 'jwtAuthenticationFilter' configured for use
2026-05-13 16:07:10 DEBUG [restartedMain] c.p.d.p.logging.RequestMdcFilter requestId= tenantId= hospitalId= branchId= userId= - Filter 'requestMdcFilter' configured for use
2026-05-13 16:07:11 WARN  [restartedMain] o.s.b.a.s.s.UserDetailsServiceAutoConfiguration requestId= tenantId= hospitalId= branchId= userId= - 

Using generated security password: f7388377-241e-45a8-9ead-c1bcefda2011

This generated password is for development use only. Your security configuration must be updated before running your application in production.

2026-05-13 16:07:11 INFO  [restartedMain] o.s.s.c.a.a.c.InitializeUserDetailsBeanManagerConfigurer$InitializeUserDetailsManagerConfigurer requestId= tenantId= hospitalId= branchId= userId= - Global AuthenticationManager configured with UserDetailsService bean with name inMemoryUserDetailsManager
2026-05-13 16:07:13 WARN  [restartedMain] o.s.b.d.a.OptionalLiveReloadServer requestId= tenantId= hospitalId= branchId= userId= - Unable to start LiveReload server
2026-05-13 16:07:13 INFO  [restartedMain] o.s.b.w.e.tomcat.TomcatWebServer requestId= tenantId= hospitalId= branchId= userId= - Tomcat started on port 8095 (http) with context path '/'
2026-05-13 16:07:13 INFO  [restartedMain] c.p.d.p.DiagnosticsPaymentServiceApplication requestId= tenantId= hospitalId= branchId= userId= - Started DiagnosticsPaymentServiceApplication in 4.477 seconds (process running for 5357.154)
2026-05-13 16:07:13 INFO  [restartedMain] o.s.b.d.a.ConditionEvaluationDeltaLoggingListener requestId= tenantId= hospitalId= branchId= userId= - Condition evaluation unchanged
2026-05-13 16:07:42 INFO  [File Watcher] o.s.b.d.a.LocalDevToolsAutoConfiguration$RestartingClassPathChangeChangedEventListener requestId= tenantId= hospitalId= branchId= userId= - Restarting due to 1 class path change (0 additions, 0 deletions, 1 modification)
2026-05-13 16:07:42 INFO  [Thread-97] o.s.b.w.e.tomcat.GracefulShutdown requestId= tenantId= hospitalId= branchId= userId= - Commencing graceful shutdown. Waiting for active requests to complete
2026-05-13 16:07:42 INFO  [tomcat-shutdown] o.s.b.w.e.tomcat.GracefulShutdown requestId= tenantId= hospitalId= branchId= userId= - Graceful shutdown complete
2026-05-13 16:07:42 INFO  [restartedMain] c.p.d.p.DiagnosticsPaymentServiceApplication requestId= tenantId= hospitalId= branchId= userId= - Starting DiagnosticsPaymentServiceApplication using Java 17.0.8 with PID 23624 (C:\Users\ms\OneDrive\Desktop\diagnostics-payment-service\target\classes started by ms in C:\Users\ms\OneDrive\Desktop\diagnostics-payment-service)
2026-05-13 16:07:42 DEBUG [restartedMain] c.p.d.p.DiagnosticsPaymentServiceApplication requestId= tenantId= hospitalId= branchId= userId= - Running with Spring Boot v3.4.4, Spring v6.2.5
2026-05-13 16:07:42 INFO  [restartedMain] c.p.d.p.DiagnosticsPaymentServiceApplication requestId= tenantId= hospitalId= branchId= userId= - No active profile set, falling back to 1 default profile: "default"
2026-05-13 16:07:42 INFO  [restartedMain] o.s.b.w.e.tomcat.TomcatWebServer requestId= tenantId= hospitalId= branchId= userId= - Tomcat initialized with port 8095 (http)
2026-05-13 16:07:42 INFO  [restartedMain] o.a.catalina.core.StandardService requestId= tenantId= hospitalId= branchId= userId= - Starting service [Tomcat]
2026-05-13 16:07:42 INFO  [restartedMain] o.a.catalina.core.StandardEngine requestId= tenantId= hospitalId= branchId= userId= - Starting Servlet engine: [Apache Tomcat/10.1.39]
2026-05-13 16:07:43 INFO  [restartedMain] o.a.c.c.C.[Tomcat].[localhost].[/] requestId= tenantId= hospitalId= branchId= userId= - Initializing Spring embedded WebApplicationContext
2026-05-13 16:07:43 INFO  [restartedMain] o.s.b.w.s.c.ServletWebServerApplicationContext requestId= tenantId= hospitalId= branchId= userId= - Root WebApplicationContext: initialization completed in 583 ms
2026-05-13 16:07:43 DEBUG [restartedMain] c.p.d.p.s.JwtAuthenticationFilter requestId= tenantId= hospitalId= branchId= userId= - Filter 'jwtAuthenticationFilter' configured for use
2026-05-13 16:07:43 DEBUG [restartedMain] c.p.d.p.logging.RequestMdcFilter requestId= tenantId= hospitalId= branchId= userId= - Filter 'requestMdcFilter' configured for use
2026-05-13 16:07:43 WARN  [restartedMain] o.s.b.a.s.s.UserDetailsServiceAutoConfiguration requestId= tenantId= hospitalId= branchId= userId= - 

Using generated security password: b5298b5c-885f-4bb2-8a1e-826a1ef5238d

This generated password is for development use only. Your security configuration must be updated before running your application in production.

2026-05-13 16:07:43 INFO  [restartedMain] o.s.s.c.a.a.c.InitializeUserDetailsBeanManagerConfigurer$InitializeUserDetailsManagerConfigurer requestId= tenantId= hospitalId= branchId= userId= - Global AuthenticationManager configured with UserDetailsService bean with name inMemoryUserDetailsManager
2026-05-13 16:07:43 WARN  [restartedMain] o.s.b.d.a.OptionalLiveReloadServer requestId= tenantId= hospitalId= branchId= userId= - Unable to start LiveReload server
2026-05-13 16:07:43 INFO  [restartedMain] o.s.b.w.e.tomcat.TomcatWebServer requestId= tenantId= hospitalId= branchId= userId= - Tomcat started on port 8095 (http) with context path '/'
2026-05-13 16:07:43 INFO  [restartedMain] c.p.d.p.DiagnosticsPaymentServiceApplication requestId= tenantId= hospitalId= branchId= userId= - Started DiagnosticsPaymentServiceApplication in 1.193 seconds (process running for 5387.329)
2026-05-13 16:07:43 INFO  [restartedMain] o.s.b.d.a.ConditionEvaluationDeltaLoggingListener requestId= tenantId= hospitalId= branchId= userId= - Condition evaluation unchanged
2026-05-13 16:09:30 INFO  [File Watcher] o.s.b.d.a.LocalDevToolsAutoConfiguration$RestartingClassPathChangeChangedEventListener requestId= tenantId= hospitalId= branchId= userId= - Restarting due to 1 class path change (1 addition, 0 deletions, 0 modifications)
2026-05-13 16:09:30 INFO  [Thread-101] o.s.b.w.e.tomcat.GracefulShutdown requestId= tenantId= hospitalId= branchId= userId= - Commencing graceful shutdown. Waiting for active requests to complete
2026-05-13 16:09:30 INFO  [tomcat-shutdown] o.s.b.w.e.tomcat.GracefulShutdown requestId= tenantId= hospitalId= branchId= userId= - Graceful shutdown complete
2026-05-13 16:09:30 INFO  [restartedMain] c.p.d.p.DiagnosticsPaymentServiceApplication requestId= tenantId= hospitalId= branchId= userId= - Starting DiagnosticsPaymentServiceApplication using Java 17.0.8 with PID 23624 (C:\Users\ms\OneDrive\Desktop\diagnostics-payment-service\target\classes started by ms in C:\Users\ms\OneDrive\Desktop\diagnostics-payment-service)
2026-05-13 16:09:30 DEBUG [restartedMain] c.p.d.p.DiagnosticsPaymentServiceApplication requestId= tenantId= hospitalId= branchId= userId= - Running with Spring Boot v3.4.4, Spring v6.2.5
2026-05-13 16:09:30 INFO  [restartedMain] c.p.d.p.DiagnosticsPaymentServiceApplication requestId= tenantId= hospitalId= branchId= userId= - No active profile set, falling back to 1 default profile: "default"
2026-05-13 16:09:31 INFO  [restartedMain] o.s.b.w.e.tomcat.TomcatWebServer requestId= tenantId= hospitalId= branchId= userId= - Tomcat initialized with port 8095 (http)
2026-05-13 16:09:31 INFO  [restartedMain] o.a.catalina.core.StandardService requestId= tenantId= hospitalId= branchId= userId= - Starting service [Tomcat]
2026-05-13 16:09:31 INFO  [restartedMain] o.a.catalina.core.StandardEngine requestId= tenantId= hospitalId= branchId= userId= - Starting Servlet engine: [Apache Tomcat/10.1.39]
2026-05-13 16:09:31 INFO  [restartedMain] o.a.c.c.C.[Tomcat].[localhost].[/] requestId= tenantId= hospitalId= branchId= userId= - Initializing Spring embedded WebApplicationContext
2026-05-13 16:09:31 INFO  [restartedMain] o.s.b.w.s.c.ServletWebServerApplicationContext requestId= tenantId= hospitalId= branchId= userId= - Root WebApplicationContext: initialization completed in 606 ms
2026-05-13 16:09:31 DEBUG [restartedMain] c.p.d.p.s.JwtAuthenticationFilter requestId= tenantId= hospitalId= branchId= userId= - Filter 'jwtAuthenticationFilter' configured for use
2026-05-13 16:09:31 DEBUG [restartedMain] c.p.d.p.logging.RequestMdcFilter requestId= tenantId= hospitalId= branchId= userId= - Filter 'requestMdcFilter' configured for use
2026-05-13 16:09:31 WARN  [restartedMain] o.s.b.a.s.s.UserDetailsServiceAutoConfiguration requestId= tenantId= hospitalId= branchId= userId= - 

Using generated security password: 9cb88017-18a6-4ff2-bc11-f3d70ca18486

This generated password is for development use only. Your security configuration must be updated before running your application in production.

2026-05-13 16:09:31 INFO  [restartedMain] o.s.s.c.a.a.c.InitializeUserDetailsBeanManagerConfigurer$InitializeUserDetailsManagerConfigurer requestId= tenantId= hospitalId= branchId= userId= - Global AuthenticationManager configured with UserDetailsService bean with name inMemoryUserDetailsManager
2026-05-13 16:09:31 WARN  [restartedMain] o.s.b.d.a.OptionalLiveReloadServer requestId= tenantId= hospitalId= branchId= userId= - Unable to start LiveReload server
2026-05-13 16:09:31 INFO  [restartedMain] o.s.b.w.e.tomcat.TomcatWebServer requestId= tenantId= hospitalId= branchId= userId= - Tomcat started on port 8095 (http) with context path '/'
2026-05-13 16:09:31 INFO  [restartedMain] c.p.d.p.DiagnosticsPaymentServiceApplication requestId= tenantId= hospitalId= branchId= userId= - Started DiagnosticsPaymentServiceApplication in 1.187 seconds (process running for 5495.52)
2026-05-13 16:09:31 INFO  [restartedMain] o.s.b.d.a.ConditionEvaluationDeltaLoggingListener requestId= tenantId= hospitalId= branchId= userId= - Condition evaluation unchanged
2026-05-13 16:10:04 INFO  [File Watcher] o.s.b.d.a.LocalDevToolsAutoConfiguration$RestartingClassPathChangeChangedEventListener requestId= tenantId= hospitalId= branchId= userId= - Restarting due to 1 class path change (0 additions, 0 deletions, 1 modification)
2026-05-13 16:10:04 INFO  [Thread-105] o.s.b.w.e.tomcat.GracefulShutdown requestId= tenantId= hospitalId= branchId= userId= - Commencing graceful shutdown. Waiting for active requests to complete
2026-05-13 16:10:04 INFO  [tomcat-shutdown] o.s.b.w.e.tomcat.GracefulShutdown requestId= tenantId= hospitalId= branchId= userId= - Graceful shutdown complete
2026-05-13 16:10:04 INFO  [restartedMain] c.p.d.p.DiagnosticsPaymentServiceApplication requestId= tenantId= hospitalId= branchId= userId= - Starting DiagnosticsPaymentServiceApplication using Java 17.0.8 with PID 23624 (C:\Users\ms\OneDrive\Desktop\diagnostics-payment-service\target\classes started by ms in C:\Users\ms\OneDrive\Desktop\diagnostics-payment-service)
2026-05-13 16:10:04 DEBUG [restartedMain] c.p.d.p.DiagnosticsPaymentServiceApplication requestId= tenantId= hospitalId= branchId= userId= - Running with Spring Boot v3.4.4, Spring v6.2.5
2026-05-13 16:10:04 INFO  [restartedMain] c.p.d.p.DiagnosticsPaymentServiceApplication requestId= tenantId= hospitalId= branchId= userId= - No active profile set, falling back to 1 default profile: "default"
2026-05-13 16:10:05 INFO  [restartedMain] o.s.b.w.e.tomcat.TomcatWebServer requestId= tenantId= hospitalId= branchId= userId= - Tomcat initialized with port 8095 (http)
2026-05-13 16:10:05 INFO  [restartedMain] o.a.catalina.core.StandardService requestId= tenantId= hospitalId= branchId= userId= - Starting service [Tomcat]
2026-05-13 16:10:05 INFO  [restartedMain] o.a.catalina.core.StandardEngine requestId= tenantId= hospitalId= branchId= userId= - Starting Servlet engine: [Apache Tomcat/10.1.39]
2026-05-13 16:10:05 INFO  [restartedMain] o.a.c.c.C.[Tomcat].[localhost].[/] requestId= tenantId= hospitalId= branchId= userId= - Initializing Spring embedded WebApplicationContext
2026-05-13 16:10:05 INFO  [restartedMain] o.s.b.w.s.c.ServletWebServerApplicationContext requestId= tenantId= hospitalId= branchId= userId= - Root WebApplicationContext: initialization completed in 570 ms
2026-05-13 16:10:05 DEBUG [restartedMain] c.p.d.p.s.JwtAuthenticationFilter requestId= tenantId= hospitalId= branchId= userId= - Filter 'jwtAuthenticationFilter' configured for use
2026-05-13 16:10:05 DEBUG [restartedMain] c.p.d.p.logging.RequestMdcFilter requestId= tenantId= hospitalId= branchId= userId= - Filter 'requestMdcFilter' configured for use
2026-05-13 16:10:05 WARN  [restartedMain] o.s.b.w.s.c.AnnotationConfigServletWebServerApplicationContext requestId= tenantId= hospitalId= branchId= userId= - Exception encountered during context initialization - cancelling refresh attempt: org.springframework.beans.factory.BeanCreationException: Error creating bean with name 'billingDiagnosticService': Lookup method resolution failed
2026-05-13 16:10:05 INFO  [restartedMain] o.a.catalina.core.StandardService requestId= tenantId= hospitalId= branchId= userId= - Stopping service [Tomcat]
2026-05-13 16:10:05 INFO  [restartedMain] o.s.b.a.l.ConditionEvaluationReportLogger requestId= tenantId= hospitalId= branchId= userId= - 

Error starting ApplicationContext. To display the condition evaluation report re-run your application with 'debug' enabled.
2026-05-13 16:10:05 ERROR [restartedMain] o.s.boot.SpringApplication requestId= tenantId= hospitalId= branchId= userId= - Application run failed
org.springframework.beans.factory.BeanCreationException: Error creating bean with name 'billingDiagnosticService': Lookup method resolution failed
	at org.springframework.beans.factory.annotation.AutowiredAnnotationBeanPostProcessor.checkLookupMethods(AutowiredAnnotationBeanPostProcessor.java:498) ~[spring-beans-6.2.5.jar:6.2.5]
	at org.springframework.beans.factory.annotation.AutowiredAnnotationBeanPostProcessor.determineCandidateConstructors(AutowiredAnnotationBeanPostProcessor.java:368) ~[spring-beans-6.2.5.jar:6.2.5]
	at org.springframework.beans.factory.support.AbstractAutowireCapableBeanFactory.determineConstructorsFromBeanPostProcessors(AbstractAutowireCapableBeanFactory.java:1320) ~[spring-beans-6.2.5.jar:6.2.5]
	at org.springframework.beans.factory.support.AbstractAutowireCapableBeanFactory.createBeanInstance(AbstractAutowireCapableBeanFactory.java:1215) ~[spring-beans-6.2.5.jar:6.2.5]
	at org.springframework.beans.factory.support.AbstractAutowireCapableBeanFactory.doCreateBean(AbstractAutowireCapableBeanFactory.java:563) ~[spring-beans-6.2.5.jar:6.2.5]
	at org.springframework.beans.factory.support.AbstractAutowireCapableBeanFactory.createBean(AbstractAutowireCapableBeanFactory.java:523) ~[spring-beans-6.2.5.jar:6.2.5]
	at org.springframework.beans.factory.support.AbstractBeanFactory.lambda$doGetBean$0(AbstractBeanFactory.java:339) ~[spring-beans-6.2.5.jar:6.2.5]
	at org.springframework.beans.factory.support.DefaultSingletonBeanRegistry.getSingleton(DefaultSingletonBeanRegistry.java:347) ~[spring-beans-6.2.5.jar:6.2.5]
	at org.springframework.beans.factory.support.AbstractBeanFactory.doGetBean(AbstractBeanFactory.java:337) ~[spring-beans-6.2.5.jar:6.2.5]
	at org.springframework.beans.factory.support.AbstractBeanFactory.getBean(AbstractBeanFactory.java:202) ~[spring-beans-6.2.5.jar:6.2.5]
	at org.springframework.beans.factory.support.DefaultListableBeanFactory.instantiateSingleton(DefaultListableBeanFactory.java:1155) ~[spring-beans-6.2.5.jar:6.2.5]
	at org.springframework.beans.factory.support.DefaultListableBeanFactory.preInstantiateSingleton(DefaultListableBeanFactory.java:1121) ~[spring-beans-6.2.5.jar:6.2.5]
	at org.springframework.beans.factory.support.DefaultListableBeanFactory.preInstantiateSingletons(DefaultListableBeanFactory.java:1056) ~[spring-beans-6.2.5.jar:6.2.5]
	at org.springframework.context.support.AbstractApplicationContext.finishBeanFactoryInitialization(AbstractApplicationContext.java:987) ~[spring-context-6.2.5.jar:6.2.5]
	at org.springframework.context.support.AbstractApplicationContext.refresh(AbstractApplicationContext.java:627) ~[spring-context-6.2.5.jar:6.2.5]
	at org.springframework.boot.web.servlet.context.ServletWebServerApplicationContext.refresh(ServletWebServerApplicationContext.java:146) ~[spring-boot-3.4.4.jar:3.4.4]
	at org.springframework.boot.SpringApplication.refresh(SpringApplication.java:752) ~[spring-boot-3.4.4.jar:3.4.4]
	at org.springframework.boot.SpringApplication.refreshContext(SpringApplication.java:439) ~[spring-boot-3.4.4.jar:3.4.4]
	at org.springframework.boot.SpringApplication.run(SpringApplication.java:318) ~[spring-boot-3.4.4.jar:3.4.4]
	at org.springframework.boot.SpringApplication.run(SpringApplication.java:1361) ~[spring-boot-3.4.4.jar:3.4.4]
	at org.springframework.boot.SpringApplication.run(SpringApplication.java:1350) ~[spring-boot-3.4.4.jar:3.4.4]
	at com.plasmit.diagnostics.payment.DiagnosticsPaymentServiceApplication.main(DiagnosticsPaymentServiceApplication.java:10) ~[classes/:na]
	at java.base/jdk.internal.reflect.NativeMethodAccessorImpl.invoke0(Native Method) ~[na:na]
	at java.base/jdk.internal.reflect.NativeMethodAccessorImpl.invoke(NativeMethodAccessorImpl.java:77) ~[na:na]
	at java.base/jdk.internal.reflect.DelegatingMethodAccessorImpl.invoke(DelegatingMethodAccessorImpl.java:43) ~[na:na]
	at java.base/java.lang.reflect.Method.invoke(Method.java:568) ~[na:na]
	at org.springframework.boot.devtools.restart.RestartLauncher.run(RestartLauncher.java:50) ~[spring-boot-devtools-3.4.4.jar:3.4.4]
Caused by: java.lang.IllegalStateException: Failed to introspect Class [com.plasmit.diagnostics.payment.billingdiagnostics.service.BillingDiagnosticService] from ClassLoader [org.springframework.boot.devtools.restart.classloader.RestartClassLoader@27eb08fd]
	at org.springframework.util.ReflectionUtils.getDeclaredMethods(ReflectionUtils.java:483) ~[spring-core-6.2.5.jar:6.2.5]
	at org.springframework.util.ReflectionUtils.doWithLocalMethods(ReflectionUtils.java:320) ~[spring-core-6.2.5.jar:6.2.5]
	at org.springframework.beans.factory.annotation.AutowiredAnnotationBeanPostProcessor.checkLookupMethods(AutowiredAnnotationBeanPostProcessor.java:476) ~[spring-beans-6.2.5.jar:6.2.5]
	... 26 common frames omitted
Caused by: java.lang.NoClassDefFoundError: DiagnosticCartValidateResponse
	at java.base/java.lang.Class.getDeclaredMethods0(Native Method) ~[na:na]
	at java.base/java.lang.Class.privateGetDeclaredMethods(Class.java:3402) ~[na:na]
	at java.base/java.lang.Class.getDeclaredMethods(Class.java:2504) ~[na:na]
	at org.springframework.util.ReflectionUtils.getDeclaredMethods(ReflectionUtils.java:465) ~[spring-core-6.2.5.jar:6.2.5]
	... 28 common frames omitted
Caused by: java.lang.ClassNotFoundException: DiagnosticCartValidateResponse
	at java.base/jdk.internal.loader.BuiltinClassLoader.loadClass(BuiltinClassLoader.java:641) ~[na:na]
	at java.base/jdk.internal.loader.ClassLoaders$AppClassLoader.loadClass(ClassLoaders.java:188) ~[na:na]
	at java.base/java.lang.ClassLoader.loadClass(ClassLoader.java:525) ~[na:na]
	at java.base/java.lang.Class.forName0(Native Method) ~[na:na]
	at java.base/java.lang.Class.forName(Class.java:467) ~[na:na]
	at org.springframework.boot.devtools.restart.classloader.RestartClassLoader.loadClass(RestartClassLoader.java:121) ~[spring-boot-devtools-3.4.4.jar:3.4.4]
	at java.base/java.lang.ClassLoader.loadClass(ClassLoader.java:525) ~[na:na]
	... 32 common frames omitted
2026-05-13 16:11:16 INFO  [restartedMain] c.p.d.p.DiagnosticsPaymentServiceApplication requestId= tenantId= hospitalId= branchId= userId= - Starting DiagnosticsPaymentServiceApplication using Java 17.0.8 with PID 23624 (C:\Users\ms\OneDrive\Desktop\diagnostics-payment-service\target\classes started by ms in C:\Users\ms\OneDrive\Desktop\diagnostics-payment-service)
2026-05-13 16:11:16 DEBUG [restartedMain] c.p.d.p.DiagnosticsPaymentServiceApplication requestId= tenantId= hospitalId= branchId= userId= - Running with Spring Boot v3.4.4, Spring v6.2.5
2026-05-13 16:11:16 INFO  [restartedMain] c.p.d.p.DiagnosticsPaymentServiceApplication requestId= tenantId= hospitalId= branchId= userId= - No active profile set, falling back to 1 default profile: "default"
2026-05-13 16:11:17 INFO  [restartedMain] o.s.b.w.e.tomcat.TomcatWebServer requestId= tenantId= hospitalId= branchId= userId= - Tomcat initialized with port 8095 (http)
2026-05-13 16:11:17 INFO  [restartedMain] o.a.catalina.core.StandardService requestId= tenantId= hospitalId= branchId= userId= - Starting service [Tomcat]
2026-05-13 16:11:17 INFO  [restartedMain] o.a.catalina.core.StandardEngine requestId= tenantId= hospitalId= branchId= userId= - Starting Servlet engine: [Apache Tomcat/10.1.39]
2026-05-13 16:11:17 INFO  [restartedMain] o.a.c.c.C.[Tomcat-1].[localhost].[/] requestId= tenantId= hospitalId= branchId= userId= - Initializing Spring embedded WebApplicationContext
2026-05-13 16:11:17 INFO  [restartedMain] o.s.b.w.s.c.ServletWebServerApplicationContext requestId= tenantId= hospitalId= branchId= userId= - Root WebApplicationContext: initialization completed in 1272 ms
2026-05-13 16:11:17 DEBUG [restartedMain] c.p.d.p.s.JwtAuthenticationFilter requestId= tenantId= hospitalId= branchId= userId= - Filter 'jwtAuthenticationFilter' configured for use
2026-05-13 16:11:17 DEBUG [restartedMain] c.p.d.p.logging.RequestMdcFilter requestId= tenantId= hospitalId= branchId= userId= - Filter 'requestMdcFilter' configured for use
2026-05-13 16:11:17 WARN  [restartedMain] o.s.b.w.s.c.AnnotationConfigServletWebServerApplicationContext requestId= tenantId= hospitalId= branchId= userId= - Exception encountered during context initialization - cancelling refresh attempt: org.springframework.beans.factory.BeanCreationException: Error creating bean with name 'billingDiagnosticService': Lookup method resolution failed
2026-05-13 16:11:17 INFO  [restartedMain] o.a.catalina.core.StandardService requestId= tenantId= hospitalId= branchId= userId= - Stopping service [Tomcat]
2026-05-13 16:11:17 INFO  [restartedMain] o.s.b.a.l.ConditionEvaluationReportLogger requestId= tenantId= hospitalId= branchId= userId= - 

Error starting ApplicationContext. To display the condition evaluation report re-run your application with 'debug' enabled.
2026-05-13 16:11:18 ERROR [restartedMain] o.s.boot.SpringApplication requestId= tenantId= hospitalId= branchId= userId= - Application run failed
org.springframework.beans.factory.BeanCreationException: Error creating bean with name 'billingDiagnosticService': Lookup method resolution failed
	at org.springframework.beans.factory.annotation.AutowiredAnnotationBeanPostProcessor.checkLookupMethods(AutowiredAnnotationBeanPostProcessor.java:498) ~[spring-beans-6.2.5.jar:6.2.5]
	at org.springframework.beans.factory.annotation.AutowiredAnnotationBeanPostProcessor.determineCandidateConstructors(AutowiredAnnotationBeanPostProcessor.java:368) ~[spring-beans-6.2.5.jar:6.2.5]
	at org.springframework.beans.factory.support.AbstractAutowireCapableBeanFactory.determineConstructorsFromBeanPostProcessors(AbstractAutowireCapableBeanFactory.java:1320) ~[spring-beans-6.2.5.jar:6.2.5]
	at org.springframework.beans.factory.support.AbstractAutowireCapableBeanFactory.createBeanInstance(AbstractAutowireCapableBeanFactory.java:1215) ~[spring-beans-6.2.5.jar:6.2.5]
	at org.springframework.beans.factory.support.AbstractAutowireCapableBeanFactory.doCreateBean(AbstractAutowireCapableBeanFactory.java:563) ~[spring-beans-6.2.5.jar:6.2.5]
	at org.springframework.beans.factory.support.AbstractAutowireCapableBeanFactory.createBean(AbstractAutowireCapableBeanFactory.java:523) ~[spring-beans-6.2.5.jar:6.2.5]
	at org.springframework.beans.factory.support.AbstractBeanFactory.lambda$doGetBean$0(AbstractBeanFactory.java:339) ~[spring-beans-6.2.5.jar:6.2.5]
	at org.springframework.beans.factory.support.DefaultSingletonBeanRegistry.getSingleton(DefaultSingletonBeanRegistry.java:347) ~[spring-beans-6.2.5.jar:6.2.5]
	at org.springframework.beans.factory.support.AbstractBeanFactory.doGetBean(AbstractBeanFactory.java:337) ~[spring-beans-6.2.5.jar:6.2.5]
	at org.springframework.beans.factory.support.AbstractBeanFactory.getBean(AbstractBeanFactory.java:202) ~[spring-beans-6.2.5.jar:6.2.5]
	at org.springframework.beans.factory.support.DefaultListableBeanFactory.instantiateSingleton(DefaultListableBeanFactory.java:1155) ~[spring-beans-6.2.5.jar:6.2.5]
	at org.springframework.beans.factory.support.DefaultListableBeanFactory.preInstantiateSingleton(DefaultListableBeanFactory.java:1121) ~[spring-beans-6.2.5.jar:6.2.5]
	at org.springframework.beans.factory.support.DefaultListableBeanFactory.preInstantiateSingletons(DefaultListableBeanFactory.java:1056) ~[spring-beans-6.2.5.jar:6.2.5]
	at org.springframework.context.support.AbstractApplicationContext.finishBeanFactoryInitialization(AbstractApplicationContext.java:987) ~[spring-context-6.2.5.jar:6.2.5]
	at org.springframework.context.support.AbstractApplicationContext.refresh(AbstractApplicationContext.java:627) ~[spring-context-6.2.5.jar:6.2.5]
	at org.springframework.boot.web.servlet.context.ServletWebServerApplicationContext.refresh(ServletWebServerApplicationContext.java:146) ~[spring-boot-3.4.4.jar:3.4.4]
	at org.springframework.boot.SpringApplication.refresh(SpringApplication.java:752) ~[spring-boot-3.4.4.jar:3.4.4]
	at org.springframework.boot.SpringApplication.refreshContext(SpringApplication.java:439) ~[spring-boot-3.4.4.jar:3.4.4]
	at org.springframework.boot.SpringApplication.run(SpringApplication.java:318) ~[spring-boot-3.4.4.jar:3.4.4]
	at org.springframework.boot.SpringApplication.run(SpringApplication.java:1361) ~[spring-boot-3.4.4.jar:3.4.4]
	at org.springframework.boot.SpringApplication.run(SpringApplication.java:1350) ~[spring-boot-3.4.4.jar:3.4.4]
	at com.plasmit.diagnostics.payment.DiagnosticsPaymentServiceApplication.main(DiagnosticsPaymentServiceApplication.java:10) ~[classes/:na]
	at java.base/jdk.internal.reflect.NativeMethodAccessorImpl.invoke0(Native Method) ~[na:na]
	at java.base/jdk.internal.reflect.NativeMethodAccessorImpl.invoke(NativeMethodAccessorImpl.java:77) ~[na:na]
	at java.base/jdk.internal.reflect.DelegatingMethodAccessorImpl.invoke(DelegatingMethodAccessorImpl.java:43) ~[na:na]
	at java.base/java.lang.reflect.Method.invoke(Method.java:568) ~[na:na]
	at org.springframework.boot.devtools.restart.RestartLauncher.run(RestartLauncher.java:50) ~[spring-boot-devtools-3.4.4.jar:3.4.4]
Caused by: java.lang.IllegalStateException: Failed to introspect Class [com.plasmit.diagnostics.payment.billingdiagnostics.service.BillingDiagnosticService] from ClassLoader [org.springframework.boot.devtools.restart.classloader.RestartClassLoader@26646445]
	at org.springframework.util.ReflectionUtils.getDeclaredMethods(ReflectionUtils.java:483) ~[spring-core-6.2.5.jar:6.2.5]
	at org.springframework.util.ReflectionUtils.doWithLocalMethods(ReflectionUtils.java:320) ~[spring-core-6.2.5.jar:6.2.5]
	at org.springframework.beans.factory.annotation.AutowiredAnnotationBeanPostProcessor.checkLookupMethods(AutowiredAnnotationBeanPostProcessor.java:476) ~[spring-beans-6.2.5.jar:6.2.5]
	... 26 common frames omitted
Caused by: java.lang.NoClassDefFoundError: DiagnosticCartValidateResponse
	at java.base/java.lang.Class.getDeclaredMethods0(Native Method) ~[na:na]
	at java.base/java.lang.Class.privateGetDeclaredMethods(Class.java:3402) ~[na:na]
	at java.base/java.lang.Class.getDeclaredMethods(Class.java:2504) ~[na:na]
	at org.springframework.util.ReflectionUtils.getDeclaredMethods(ReflectionUtils.java:465) ~[spring-core-6.2.5.jar:6.2.5]
	... 28 common frames omitted
Caused by: java.lang.ClassNotFoundException: DiagnosticCartValidateResponse
	at java.base/jdk.internal.loader.BuiltinClassLoader.loadClass(BuiltinClassLoader.java:641) ~[na:na]
	at java.base/jdk.internal.loader.ClassLoaders$AppClassLoader.loadClass(ClassLoaders.java:188) ~[na:na]
	at java.base/java.lang.ClassLoader.loadClass(ClassLoader.java:525) ~[na:na]
	at java.base/java.lang.Class.forName0(Native Method) ~[na:na]
	at java.base/java.lang.Class.forName(Class.java:467) ~[na:na]
	at org.springframework.boot.devtools.restart.classloader.RestartClassLoader.loadClass(RestartClassLoader.java:121) ~[spring-boot-devtools-3.4.4.jar:3.4.4]
	at java.base/java.lang.ClassLoader.loadClass(ClassLoader.java:525) ~[na:na]
	... 32 common frames omitted
2026-05-13 16:11:54 INFO  [restartedMain] c.p.d.p.DiagnosticsPaymentServiceApplication requestId= tenantId= hospitalId= branchId= userId= - Starting DiagnosticsPaymentServiceApplication using Java 17.0.8 with PID 23624 (C:\Users\ms\OneDrive\Desktop\diagnostics-payment-service\target\classes started by ms in C:\Users\ms\OneDrive\Desktop\diagnostics-payment-service)
2026-05-13 16:11:54 DEBUG [restartedMain] c.p.d.p.DiagnosticsPaymentServiceApplication requestId= tenantId= hospitalId= branchId= userId= - Running with Spring Boot v3.4.4, Spring v6.2.5
2026-05-13 16:11:54 INFO  [restartedMain] c.p.d.p.DiagnosticsPaymentServiceApplication requestId= tenantId= hospitalId= branchId= userId= - No active profile set, falling back to 1 default profile: "default"
2026-05-13 16:11:54 INFO  [restartedMain] o.s.b.w.e.tomcat.TomcatWebServer requestId= tenantId= hospitalId= branchId= userId= - Tomcat initialized with port 8095 (http)
2026-05-13 16:11:54 INFO  [restartedMain] o.a.catalina.core.StandardService requestId= tenantId= hospitalId= branchId= userId= - Starting service [Tomcat]
2026-05-13 16:11:54 INFO  [restartedMain] o.a.catalina.core.StandardEngine requestId= tenantId= hospitalId= branchId= userId= - Starting Servlet engine: [Apache Tomcat/10.1.39]
2026-05-13 16:11:54 INFO  [restartedMain] o.a.c.c.C.[Tomcat-2].[localhost].[/] requestId= tenantId= hospitalId= branchId= userId= - Initializing Spring embedded WebApplicationContext
2026-05-13 16:11:54 INFO  [restartedMain] o.s.b.w.s.c.ServletWebServerApplicationContext requestId= tenantId= hospitalId= branchId= userId= - Root WebApplicationContext: initialization completed in 650 ms
2026-05-13 16:11:54 DEBUG [restartedMain] c.p.d.p.s.JwtAuthenticationFilter requestId= tenantId= hospitalId= branchId= userId= - Filter 'jwtAuthenticationFilter' configured for use
2026-05-13 16:11:54 DEBUG [restartedMain] c.p.d.p.logging.RequestMdcFilter requestId= tenantId= hospitalId= branchId= userId= - Filter 'requestMdcFilter' configured for use
2026-05-13 16:11:54 WARN  [restartedMain] o.s.b.w.s.c.AnnotationConfigServletWebServerApplicationContext requestId= tenantId= hospitalId= branchId= userId= - Exception encountered during context initialization - cancelling refresh attempt: org.springframework.beans.factory.UnsatisfiedDependencyException: Error creating bean with name 'billingDiagnosticController' defined in file [C:\Users\ms\OneDrive\Desktop\diagnostics-payment-service\target\classes\com\plasmit\diagnostics\payment\billingdiagnostics\controller\BillingDiagnosticController.class]: Unsatisfied dependency expressed through constructor parameter 0: Error creating bean with name 'billingDiagnosticService': Lookup method resolution failed
2026-05-13 16:11:54 INFO  [restartedMain] o.a.catalina.core.StandardService requestId= tenantId= hospitalId= branchId= userId= - Stopping service [Tomcat]
2026-05-13 16:11:54 INFO  [restartedMain] o.s.b.a.l.ConditionEvaluationReportLogger requestId= tenantId= hospitalId= branchId= userId= - 

Error starting ApplicationContext. To display the condition evaluation report re-run your application with 'debug' enabled.
2026-05-13 16:11:54 ERROR [restartedMain] o.s.boot.SpringApplication requestId= tenantId= hospitalId= branchId= userId= - Application run failed
org.springframework.beans.factory.UnsatisfiedDependencyException: Error creating bean with name 'billingDiagnosticController' defined in file [C:\Users\ms\OneDrive\Desktop\diagnostics-payment-service\target\classes\com\plasmit\diagnostics\payment\billingdiagnostics\controller\BillingDiagnosticController.class]: Unsatisfied dependency expressed through constructor parameter 0: Error creating bean with name 'billingDiagnosticService': Lookup method resolution failed
	at org.springframework.beans.factory.support.ConstructorResolver.createArgumentArray(ConstructorResolver.java:804) ~[spring-beans-6.2.5.jar:6.2.5]
	at org.springframework.beans.factory.support.ConstructorResolver.autowireConstructor(ConstructorResolver.java:240) ~[spring-beans-6.2.5.jar:6.2.5]
	at org.springframework.beans.factory.support.AbstractAutowireCapableBeanFactory.autowireConstructor(AbstractAutowireCapableBeanFactory.java:1381) ~[spring-beans-6.2.5.jar:6.2.5]
	at org.springframework.beans.factory.support.AbstractAutowireCapableBeanFactory.createBeanInstance(AbstractAutowireCapableBeanFactory.java:1218) ~[spring-beans-6.2.5.jar:6.2.5]
	at org.springframework.beans.factory.support.AbstractAutowireCapableBeanFactory.doCreateBean(AbstractAutowireCapableBeanFactory.java:563) ~[spring-beans-6.2.5.jar:6.2.5]
	at org.springframework.beans.factory.support.AbstractAutowireCapableBeanFactory.createBean(AbstractAutowireCapableBeanFactory.java:523) ~[spring-beans-6.2.5.jar:6.2.5]
	at org.springframework.beans.factory.support.AbstractBeanFactory.lambda$doGetBean$0(AbstractBeanFactory.java:339) ~[spring-beans-6.2.5.jar:6.2.5]
	at org.springframework.beans.factory.support.DefaultSingletonBeanRegistry.getSingleton(DefaultSingletonBeanRegistry.java:347) ~[spring-beans-6.2.5.jar:6.2.5]
	at org.springframework.beans.factory.support.AbstractBeanFactory.doGetBean(AbstractBeanFactory.java:337) ~[spring-beans-6.2.5.jar:6.2.5]
	at org.springframework.beans.factory.support.AbstractBeanFactory.getBean(AbstractBeanFactory.java:202) ~[spring-beans-6.2.5.jar:6.2.5]
	at org.springframework.beans.factory.support.DefaultListableBeanFactory.instantiateSingleton(DefaultListableBeanFactory.java:1155) ~[spring-beans-6.2.5.jar:6.2.5]
	at org.springframework.beans.factory.support.DefaultListableBeanFactory.preInstantiateSingleton(DefaultListableBeanFactory.java:1121) ~[spring-beans-6.2.5.jar:6.2.5]
	at org.springframework.beans.factory.support.DefaultListableBeanFactory.preInstantiateSingletons(DefaultListableBeanFactory.java:1056) ~[spring-beans-6.2.5.jar:6.2.5]
	at org.springframework.context.support.AbstractApplicationContext.finishBeanFactoryInitialization(AbstractApplicationContext.java:987) ~[spring-context-6.2.5.jar:6.2.5]
	at org.springframework.context.support.AbstractApplicationContext.refresh(AbstractApplicationContext.java:627) ~[spring-context-6.2.5.jar:6.2.5]
	at org.springframework.boot.web.servlet.context.ServletWebServerApplicationContext.refresh(ServletWebServerApplicationContext.java:146) ~[spring-boot-3.4.4.jar:3.4.4]
	at org.springframework.boot.SpringApplication.refresh(SpringApplication.java:752) ~[spring-boot-3.4.4.jar:3.4.4]
	at org.springframework.boot.SpringApplication.refreshContext(SpringApplication.java:439) ~[spring-boot-3.4.4.jar:3.4.4]
	at org.springframework.boot.SpringApplication.run(SpringApplication.java:318) ~[spring-boot-3.4.4.jar:3.4.4]
	at org.springframework.boot.SpringApplication.run(SpringApplication.java:1361) ~[spring-boot-3.4.4.jar:3.4.4]
	at org.springframework.boot.SpringApplication.run(SpringApplication.java:1350) ~[spring-boot-3.4.4.jar:3.4.4]
	at com.plasmit.diagnostics.payment.DiagnosticsPaymentServiceApplication.main(DiagnosticsPaymentServiceApplication.java:10) ~[classes/:na]
	at java.base/jdk.internal.reflect.NativeMethodAccessorImpl.invoke0(Native Method) ~[na:na]
	at java.base/jdk.internal.reflect.NativeMethodAccessorImpl.invoke(NativeMethodAccessorImpl.java:77) ~[na:na]
	at java.base/jdk.internal.reflect.DelegatingMethodAccessorImpl.invoke(DelegatingMethodAccessorImpl.java:43) ~[na:na]
	at java.base/java.lang.reflect.Method.invoke(Method.java:568) ~[na:na]
	at org.springframework.boot.devtools.restart.RestartLauncher.run(RestartLauncher.java:50) ~[spring-boot-devtools-3.4.4.jar:3.4.4]
Caused by: org.springframework.beans.factory.BeanCreationException: Error creating bean with name 'billingDiagnosticService': Lookup method resolution failed
	at org.springframework.beans.factory.annotation.AutowiredAnnotationBeanPostProcessor.checkLookupMethods(AutowiredAnnotationBeanPostProcessor.java:498) ~[spring-beans-6.2.5.jar:6.2.5]
	at org.springframework.beans.factory.annotation.AutowiredAnnotationBeanPostProcessor.determineCandidateConstructors(AutowiredAnnotationBeanPostProcessor.java:368) ~[spring-beans-6.2.5.jar:6.2.5]
	at org.springframework.beans.factory.support.AbstractAutowireCapableBeanFactory.determineConstructorsFromBeanPostProcessors(AbstractAutowireCapableBeanFactory.java:1320) ~[spring-beans-6.2.5.jar:6.2.5]
	at org.springframework.beans.factory.support.AbstractAutowireCapableBeanFactory.createBeanInstance(AbstractAutowireCapableBeanFactory.java:1215) ~[spring-beans-6.2.5.jar:6.2.5]
	at org.springframework.beans.factory.support.AbstractAutowireCapableBeanFactory.doCreateBean(AbstractAutowireCapableBeanFactory.java:563) ~[spring-beans-6.2.5.jar:6.2.5]
	at org.springframework.beans.factory.support.AbstractAutowireCapableBeanFactory.createBean(AbstractAutowireCapableBeanFactory.java:523) ~[spring-beans-6.2.5.jar:6.2.5]
	at org.springframework.beans.factory.support.AbstractBeanFactory.lambda$doGetBean$0(AbstractBeanFactory.java:339) ~[spring-beans-6.2.5.jar:6.2.5]
	at org.springframework.beans.factory.support.DefaultSingletonBeanRegistry.getSingleton(DefaultSingletonBeanRegistry.java:347) ~[spring-beans-6.2.5.jar:6.2.5]
	at org.springframework.beans.factory.support.AbstractBeanFactory.doGetBean(AbstractBeanFactory.java:337) ~[spring-beans-6.2.5.jar:6.2.5]
	at org.springframework.beans.factory.support.AbstractBeanFactory.getBean(AbstractBeanFactory.java:202) ~[spring-beans-6.2.5.jar:6.2.5]
	at org.springframework.beans.factory.config.DependencyDescriptor.resolveCandidate(DependencyDescriptor.java:254) ~[spring-beans-6.2.5.jar:6.2.5]
	at org.springframework.beans.factory.support.DefaultListableBeanFactory.doResolveDependency(DefaultListableBeanFactory.java:1667) ~[spring-beans-6.2.5.jar:6.2.5]
	at org.springframework.beans.factory.support.DefaultListableBeanFactory.resolveDependency(DefaultListableBeanFactory.java:1555) ~[spring-beans-6.2.5.jar:6.2.5]
	at org.springframework.beans.factory.support.ConstructorResolver.resolveAutowiredArgument(ConstructorResolver.java:913) ~[spring-beans-6.2.5.jar:6.2.5]
	at org.springframework.beans.factory.support.ConstructorResolver.createArgumentArray(ConstructorResolver.java:791) ~[spring-beans-6.2.5.jar:6.2.5]
	... 26 common frames omitted
Caused by: java.lang.IllegalStateException: Failed to introspect Class [com.plasmit.diagnostics.payment.billingdiagnostics.service.BillingDiagnosticService] from ClassLoader [org.springframework.boot.devtools.restart.classloader.RestartClassLoader@2393c670]
	at org.springframework.util.ReflectionUtils.getDeclaredMethods(ReflectionUtils.java:483) ~[spring-core-6.2.5.jar:6.2.5]
	at org.springframework.util.ReflectionUtils.doWithLocalMethods(ReflectionUtils.java:320) ~[spring-core-6.2.5.jar:6.2.5]
	at org.springframework.beans.factory.annotation.AutowiredAnnotationBeanPostProcessor.checkLookupMethods(AutowiredAnnotationBeanPostProcessor.java:476) ~[spring-beans-6.2.5.jar:6.2.5]
	... 40 common frames omitted
Caused by: java.lang.NoClassDefFoundError: DiagnosticCartValidateResponse
	at java.base/java.lang.Class.getDeclaredMethods0(Native Method) ~[na:na]
	at java.base/java.lang.Class.privateGetDeclaredMethods(Class.java:3402) ~[na:na]
	at java.base/java.lang.Class.getDeclaredMethods(Class.java:2504) ~[na:na]
	at org.springframework.util.ReflectionUtils.getDeclaredMethods(ReflectionUtils.java:465) ~[spring-core-6.2.5.jar:6.2.5]
	... 42 common frames omitted
Caused by: java.lang.ClassNotFoundException: DiagnosticCartValidateResponse
	at java.base/jdk.internal.loader.BuiltinClassLoader.loadClass(BuiltinClassLoader.java:641) ~[na:na]
	at java.base/jdk.internal.loader.ClassLoaders$AppClassLoader.loadClass(ClassLoaders.java:188) ~[na:na]
	at java.base/java.lang.ClassLoader.loadClass(ClassLoader.java:525) ~[na:na]
	at java.base/java.lang.Class.forName0(Native Method) ~[na:na]
	at java.base/java.lang.Class.forName(Class.java:467) ~[na:na]
	at org.springframework.boot.devtools.restart.classloader.RestartClassLoader.loadClass(RestartClassLoader.java:121) ~[spring-boot-devtools-3.4.4.jar:3.4.4]
	at java.base/java.lang.ClassLoader.loadClass(ClassLoader.java:525) ~[na:na]
	... 46 common frames omitted
2026-05-13 16:26:41 INFO  [restartedMain] c.p.d.p.DiagnosticsPaymentServiceApplication requestId= tenantId= hospitalId= branchId= userId= - Starting DiagnosticsPaymentServiceApplication using Java 17.0.8 with PID 23624 (C:\Users\ms\OneDrive\Desktop\diagnostics-payment-service\target\classes started by ms in C:\Users\ms\OneDrive\Desktop\diagnostics-payment-service)
2026-05-13 16:26:41 DEBUG [restartedMain] c.p.d.p.DiagnosticsPaymentServiceApplication requestId= tenantId= hospitalId= branchId= userId= - Running with Spring Boot v3.4.4, Spring v6.2.5
2026-05-13 16:26:41 INFO  [restartedMain] c.p.d.p.DiagnosticsPaymentServiceApplication requestId= tenantId= hospitalId= branchId= userId= - No active profile set, falling back to 1 default profile: "default"
2026-05-13 16:26:43 INFO  [restartedMain] o.s.b.w.e.tomcat.TomcatWebServer requestId= tenantId= hospitalId= branchId= userId= - Tomcat initialized with port 8095 (http)
2026-05-13 16:26:43 INFO  [restartedMain] o.a.catalina.core.StandardService requestId= tenantId= hospitalId= branchId= userId= - Starting service [Tomcat]
2026-05-13 16:26:43 INFO  [restartedMain] o.a.catalina.core.StandardEngine requestId= tenantId= hospitalId= branchId= userId= - Starting Servlet engine: [Apache Tomcat/10.1.39]
2026-05-13 16:26:43 INFO  [restartedMain] o.a.c.c.C.[Tomcat-3].[localhost].[/] requestId= tenantId= hospitalId= branchId= userId= - Initializing Spring embedded WebApplicationContext
2026-05-13 16:26:43 INFO  [restartedMain] o.s.b.w.s.c.ServletWebServerApplicationContext requestId= tenantId= hospitalId= branchId= userId= - Root WebApplicationContext: initialization completed in 2074 ms
2026-05-13 16:26:44 DEBUG [restartedMain] c.p.d.p.s.JwtAuthenticationFilter requestId= tenantId= hospitalId= branchId= userId= - Filter 'jwtAuthenticationFilter' configured for use
2026-05-13 16:26:44 DEBUG [restartedMain] c.p.d.p.logging.RequestMdcFilter requestId= tenantId= hospitalId= branchId= userId= - Filter 'requestMdcFilter' configured for use
2026-05-13 16:26:44 WARN  [restartedMain] o.s.b.w.s.c.AnnotationConfigServletWebServerApplicationContext requestId= tenantId= hospitalId= branchId= userId= - Exception encountered during context initialization - cancelling refresh attempt: org.springframework.beans.factory.UnsatisfiedDependencyException: Error creating bean with name 'billingDiagnosticController' defined in file [C:\Users\ms\OneDrive\Desktop\diagnostics-payment-service\target\classes\com\plasmit\diagnostics\payment\billingdiagnostics\controller\BillingDiagnosticController.class]: Unsatisfied dependency expressed through constructor parameter 0: Error creating bean with name 'billingDiagnosticService': Lookup method resolution failed
2026-05-13 16:26:44 INFO  [restartedMain] o.a.catalina.core.StandardService requestId= tenantId= hospitalId= branchId= userId= - Stopping service [Tomcat]
2026-05-13 16:26:44 INFO  [restartedMain] o.s.b.a.l.ConditionEvaluationReportLogger requestId= tenantId= hospitalId= branchId= userId= - 

Error starting ApplicationContext. To display the condition evaluation report re-run your application with 'debug' enabled.
2026-05-13 16:26:44 ERROR [restartedMain] o.s.boot.SpringApplication requestId= tenantId= hospitalId= branchId= userId= - Application run failed
org.springframework.beans.factory.UnsatisfiedDependencyException: Error creating bean with name 'billingDiagnosticController' defined in file [C:\Users\ms\OneDrive\Desktop\diagnostics-payment-service\target\classes\com\plasmit\diagnostics\payment\billingdiagnostics\controller\BillingDiagnosticController.class]: Unsatisfied dependency expressed through constructor parameter 0: Error creating bean with name 'billingDiagnosticService': Lookup method resolution failed
	at org.springframework.beans.factory.support.ConstructorResolver.createArgumentArray(ConstructorResolver.java:804) ~[spring-beans-6.2.5.jar:6.2.5]
	at org.springframework.beans.factory.support.ConstructorResolver.autowireConstructor(ConstructorResolver.java:240) ~[spring-beans-6.2.5.jar:6.2.5]
	at org.springframework.beans.factory.support.AbstractAutowireCapableBeanFactory.autowireConstructor(AbstractAutowireCapableBeanFactory.java:1381) ~[spring-beans-6.2.5.jar:6.2.5]
	at org.springframework.beans.factory.support.AbstractAutowireCapableBeanFactory.createBeanInstance(AbstractAutowireCapableBeanFactory.java:1218) ~[spring-beans-6.2.5.jar:6.2.5]
	at org.springframework.beans.factory.support.AbstractAutowireCapableBeanFactory.doCreateBean(AbstractAutowireCapableBeanFactory.java:563) ~[spring-beans-6.2.5.jar:6.2.5]
	at org.springframework.beans.factory.support.AbstractAutowireCapableBeanFactory.createBean(AbstractAutowireCapableBeanFactory.java:523) ~[spring-beans-6.2.5.jar:6.2.5]
	at org.springframework.beans.factory.support.AbstractBeanFactory.lambda$doGetBean$0(AbstractBeanFactory.java:339) ~[spring-beans-6.2.5.jar:6.2.5]
	at org.springframework.beans.factory.support.DefaultSingletonBeanRegistry.getSingleton(DefaultSingletonBeanRegistry.java:347) ~[spring-beans-6.2.5.jar:6.2.5]
	at org.springframework.beans.factory.support.AbstractBeanFactory.doGetBean(AbstractBeanFactory.java:337) ~[spring-beans-6.2.5.jar:6.2.5]
	at org.springframework.beans.factory.support.AbstractBeanFactory.getBean(AbstractBeanFactory.java:202) ~[spring-beans-6.2.5.jar:6.2.5]
	at org.springframework.beans.factory.support.DefaultListableBeanFactory.instantiateSingleton(DefaultListableBeanFactory.java:1155) ~[spring-beans-6.2.5.jar:6.2.5]
	at org.springframework.beans.factory.support.DefaultListableBeanFactory.preInstantiateSingleton(DefaultListableBeanFactory.java:1121) ~[spring-beans-6.2.5.jar:6.2.5]
	at org.springframework.beans.factory.support.DefaultListableBeanFactory.preInstantiateSingletons(DefaultListableBeanFactory.java:1056) ~[spring-beans-6.2.5.jar:6.2.5]
	at org.springframework.context.support.AbstractApplicationContext.finishBeanFactoryInitialization(AbstractApplicationContext.java:987) ~[spring-context-6.2.5.jar:6.2.5]
	at org.springframework.context.support.AbstractApplicationContext.refresh(AbstractApplicationContext.java:627) ~[spring-context-6.2.5.jar:6.2.5]
	at org.springframework.boot.web.servlet.context.ServletWebServerApplicationContext.refresh(ServletWebServerApplicationContext.java:146) ~[spring-boot-3.4.4.jar:3.4.4]
	at org.springframework.boot.SpringApplication.refresh(SpringApplication.java:752) ~[spring-boot-3.4.4.jar:3.4.4]
	at org.springframework.boot.SpringApplication.refreshContext(SpringApplication.java:439) ~[spring-boot-3.4.4.jar:3.4.4]
	at org.springframework.boot.SpringApplication.run(SpringApplication.java:318) ~[spring-boot-3.4.4.jar:3.4.4]
	at org.springframework.boot.SpringApplication.run(SpringApplication.java:1361) ~[spring-boot-3.4.4.jar:3.4.4]
	at org.springframework.boot.SpringApplication.run(SpringApplication.java:1350) ~[spring-boot-3.4.4.jar:3.4.4]
	at com.plasmit.diagnostics.payment.DiagnosticsPaymentServiceApplication.main(DiagnosticsPaymentServiceApplication.java:10) ~[classes/:na]
	at java.base/jdk.internal.reflect.NativeMethodAccessorImpl.invoke0(Native Method) ~[na:na]
	at java.base/jdk.internal.reflect.NativeMethodAccessorImpl.invoke(NativeMethodAccessorImpl.java:77) ~[na:na]
	at java.base/jdk.internal.reflect.DelegatingMethodAccessorImpl.invoke(DelegatingMethodAccessorImpl.java:43) ~[na:na]
	at java.base/java.lang.reflect.Method.invoke(Method.java:568) ~[na:na]
	at org.springframework.boot.devtools.restart.RestartLauncher.run(RestartLauncher.java:50) ~[spring-boot-devtools-3.4.4.jar:3.4.4]
Caused by: org.springframework.beans.factory.BeanCreationException: Error creating bean with name 'billingDiagnosticService': Lookup method resolution failed
	at org.springframework.beans.factory.annotation.AutowiredAnnotationBeanPostProcessor.checkLookupMethods(AutowiredAnnotationBeanPostProcessor.java:498) ~[spring-beans-6.2.5.jar:6.2.5]
	at org.springframework.beans.factory.annotation.AutowiredAnnotationBeanPostProcessor.determineCandidateConstructors(AutowiredAnnotationBeanPostProcessor.java:368) ~[spring-beans-6.2.5.jar:6.2.5]
	at org.springframework.beans.factory.support.AbstractAutowireCapableBeanFactory.determineConstructorsFromBeanPostProcessors(AbstractAutowireCapableBeanFactory.java:1320) ~[spring-beans-6.2.5.jar:6.2.5]
	at org.springframework.beans.factory.support.AbstractAutowireCapableBeanFactory.createBeanInstance(AbstractAutowireCapableBeanFactory.java:1215) ~[spring-beans-6.2.5.jar:6.2.5]
	at org.springframework.beans.factory.support.AbstractAutowireCapableBeanFactory.doCreateBean(AbstractAutowireCapableBeanFactory.java:563) ~[spring-beans-6.2.5.jar:6.2.5]
	at org.springframework.beans.factory.support.AbstractAutowireCapableBeanFactory.createBean(AbstractAutowireCapableBeanFactory.java:523) ~[spring-beans-6.2.5.jar:6.2.5]
	at org.springframework.beans.factory.support.AbstractBeanFactory.lambda$doGetBean$0(AbstractBeanFactory.java:339) ~[spring-beans-6.2.5.jar:6.2.5]
	at org.springframework.beans.factory.support.DefaultSingletonBeanRegistry.getSingleton(DefaultSingletonBeanRegistry.java:347) ~[spring-beans-6.2.5.jar:6.2.5]
	at org.springframework.beans.factory.support.AbstractBeanFactory.doGetBean(AbstractBeanFactory.java:337) ~[spring-beans-6.2.5.jar:6.2.5]
	at org.springframework.beans.factory.support.AbstractBeanFactory.getBean(AbstractBeanFactory.java:202) ~[spring-beans-6.2.5.jar:6.2.5]
	at org.springframework.beans.factory.config.DependencyDescriptor.resolveCandidate(DependencyDescriptor.java:254) ~[spring-beans-6.2.5.jar:6.2.5]
	at org.springframework.beans.factory.support.DefaultListableBeanFactory.doResolveDependency(DefaultListableBeanFactory.java:1667) ~[spring-beans-6.2.5.jar:6.2.5]
	at org.springframework.beans.factory.support.DefaultListableBeanFactory.resolveDependency(DefaultListableBeanFactory.java:1555) ~[spring-beans-6.2.5.jar:6.2.5]
	at org.springframework.beans.factory.support.ConstructorResolver.resolveAutowiredArgument(ConstructorResolver.java:913) ~[spring-beans-6.2.5.jar:6.2.5]
	at org.springframework.beans.factory.support.ConstructorResolver.createArgumentArray(ConstructorResolver.java:791) ~[spring-beans-6.2.5.jar:6.2.5]
	... 26 common frames omitted
Caused by: java.lang.IllegalStateException: Failed to introspect Class [com.plasmit.diagnostics.payment.billingdiagnostics.service.BillingDiagnosticService] from ClassLoader [org.springframework.boot.devtools.restart.classloader.RestartClassLoader@438accd7]
	at org.springframework.util.ReflectionUtils.getDeclaredMethods(ReflectionUtils.java:483) ~[spring-core-6.2.5.jar:6.2.5]
	at org.springframework.util.ReflectionUtils.doWithLocalMethods(ReflectionUtils.java:320) ~[spring-core-6.2.5.jar:6.2.5]
	at org.springframework.beans.factory.annotation.AutowiredAnnotationBeanPostProcessor.checkLookupMethods(AutowiredAnnotationBeanPostProcessor.java:476) ~[spring-beans-6.2.5.jar:6.2.5]
	... 40 common frames omitted
Caused by: java.lang.NoClassDefFoundError: DiagnosticInvoiceResponse
	at java.base/java.lang.Class.getDeclaredMethods0(Native Method) ~[na:na]
	at java.base/java.lang.Class.privateGetDeclaredMethods(Class.java:3402) ~[na:na]
	at java.base/java.lang.Class.getDeclaredMethods(Class.java:2504) ~[na:na]
	at org.springframework.util.ReflectionUtils.getDeclaredMethods(ReflectionUtils.java:465) ~[spring-core-6.2.5.jar:6.2.5]
	... 42 common frames omitted
Caused by: java.lang.ClassNotFoundException: DiagnosticInvoiceResponse
	at java.base/jdk.internal.loader.BuiltinClassLoader.loadClass(BuiltinClassLoader.java:641) ~[na:na]
	at java.base/jdk.internal.loader.ClassLoaders$AppClassLoader.loadClass(ClassLoaders.java:188) ~[na:na]
	at java.base/java.lang.ClassLoader.loadClass(ClassLoader.java:525) ~[na:na]
	at java.base/java.lang.Class.forName0(Native Method) ~[na:na]
	at java.base/java.lang.Class.forName(Class.java:467) ~[na:na]
	at org.springframework.boot.devtools.restart.classloader.RestartClassLoader.loadClass(RestartClassLoader.java:121) ~[spring-boot-devtools-3.4.4.jar:3.4.4]
	at java.base/java.lang.ClassLoader.loadClass(ClassLoader.java:525) ~[na:na]
	... 46 common frames omitted
2026-05-13 16:27:01 INFO  [restartedMain] c.p.d.p.DiagnosticsPaymentServiceApplication requestId= tenantId= hospitalId= branchId= userId= - Starting DiagnosticsPaymentServiceApplication using Java 17.0.8 with PID 23624 (C:\Users\ms\OneDrive\Desktop\diagnostics-payment-service\target\classes started by ms in C:\Users\ms\OneDrive\Desktop\diagnostics-payment-service)
2026-05-13 16:27:01 DEBUG [restartedMain] c.p.d.p.DiagnosticsPaymentServiceApplication requestId= tenantId= hospitalId= branchId= userId= - Running with Spring Boot v3.4.4, Spring v6.2.5
2026-05-13 16:27:01 INFO  [restartedMain] c.p.d.p.DiagnosticsPaymentServiceApplication requestId= tenantId= hospitalId= branchId= userId= - No active profile set, falling back to 1 default profile: "default"
2026-05-13 16:27:03 INFO  [restartedMain] o.s.b.w.e.tomcat.TomcatWebServer requestId= tenantId= hospitalId= branchId= userId= - Tomcat initialized with port 8095 (http)
2026-05-13 16:27:03 INFO  [restartedMain] o.a.catalina.core.StandardService requestId= tenantId= hospitalId= branchId= userId= - Starting service [Tomcat]
2026-05-13 16:27:03 INFO  [restartedMain] o.a.catalina.core.StandardEngine requestId= tenantId= hospitalId= branchId= userId= - Starting Servlet engine: [Apache Tomcat/10.1.39]
2026-05-13 16:27:03 INFO  [restartedMain] o.a.c.c.C.[Tomcat-4].[localhost].[/] requestId= tenantId= hospitalId= branchId= userId= - Initializing Spring embedded WebApplicationContext
2026-05-13 16:27:03 INFO  [restartedMain] o.s.b.w.s.c.ServletWebServerApplicationContext requestId= tenantId= hospitalId= branchId= userId= - Root WebApplicationContext: initialization completed in 2414 ms
2026-05-13 16:27:03 DEBUG [restartedMain] c.p.d.p.s.JwtAuthenticationFilter requestId= tenantId= hospitalId= branchId= userId= - Filter 'jwtAuthenticationFilter' configured for use
2026-05-13 16:27:03 DEBUG [restartedMain] c.p.d.p.logging.RequestMdcFilter requestId= tenantId= hospitalId= branchId= userId= - Filter 'requestMdcFilter' configured for use
2026-05-13 16:27:03 WARN  [restartedMain] o.s.b.w.s.c.AnnotationConfigServletWebServerApplicationContext requestId= tenantId= hospitalId= branchId= userId= - Exception encountered during context initialization - cancelling refresh attempt: org.springframework.beans.factory.UnsatisfiedDependencyException: Error creating bean with name 'billingDiagnosticController' defined in file [C:\Users\ms\OneDrive\Desktop\diagnostics-payment-service\target\classes\com\plasmit\diagnostics\payment\billingdiagnostics\controller\BillingDiagnosticController.class]: Unsatisfied dependency expressed through constructor parameter 0: Error creating bean with name 'billingDiagnosticService': Lookup method resolution failed
2026-05-13 16:27:03 INFO  [restartedMain] o.a.catalina.core.StandardService requestId= tenantId= hospitalId= branchId= userId= - Stopping service [Tomcat]
2026-05-13 16:27:03 INFO  [restartedMain] o.s.b.a.l.ConditionEvaluationReportLogger requestId= tenantId= hospitalId= branchId= userId= - 

Error starting ApplicationContext. To display the condition evaluation report re-run your application with 'debug' enabled.
2026-05-13 16:27:03 ERROR [restartedMain] o.s.boot.SpringApplication requestId= tenantId= hospitalId= branchId= userId= - Application run failed
org.springframework.beans.factory.UnsatisfiedDependencyException: Error creating bean with name 'billingDiagnosticController' defined in file [C:\Users\ms\OneDrive\Desktop\diagnostics-payment-service\target\classes\com\plasmit\diagnostics\payment\billingdiagnostics\controller\BillingDiagnosticController.class]: Unsatisfied dependency expressed through constructor parameter 0: Error creating bean with name 'billingDiagnosticService': Lookup method resolution failed
	at org.springframework.beans.factory.support.ConstructorResolver.createArgumentArray(ConstructorResolver.java:804) ~[spring-beans-6.2.5.jar:6.2.5]
	at org.springframework.beans.factory.support.ConstructorResolver.autowireConstructor(ConstructorResolver.java:240) ~[spring-beans-6.2.5.jar:6.2.5]
	at org.springframework.beans.factory.support.AbstractAutowireCapableBeanFactory.autowireConstructor(AbstractAutowireCapableBeanFactory.java:1381) ~[spring-beans-6.2.5.jar:6.2.5]
	at org.springframework.beans.factory.support.AbstractAutowireCapableBeanFactory.createBeanInstance(AbstractAutowireCapableBeanFactory.java:1218) ~[spring-beans-6.2.5.jar:6.2.5]
	at org.springframework.beans.factory.support.AbstractAutowireCapableBeanFactory.doCreateBean(AbstractAutowireCapableBeanFactory.java:563) ~[spring-beans-6.2.5.jar:6.2.5]
	at org.springframework.beans.factory.support.AbstractAutowireCapableBeanFactory.createBean(AbstractAutowireCapableBeanFactory.java:523) ~[spring-beans-6.2.5.jar:6.2.5]
	at org.springframework.beans.factory.support.AbstractBeanFactory.lambda$doGetBean$0(AbstractBeanFactory.java:339) ~[spring-beans-6.2.5.jar:6.2.5]
	at org.springframework.beans.factory.support.DefaultSingletonBeanRegistry.getSingleton(DefaultSingletonBeanRegistry.java:347) ~[spring-beans-6.2.5.jar:6.2.5]
	at org.springframework.beans.factory.support.AbstractBeanFactory.doGetBean(AbstractBeanFactory.java:337) ~[spring-beans-6.2.5.jar:6.2.5]
	at org.springframework.beans.factory.support.AbstractBeanFactory.getBean(AbstractBeanFactory.java:202) ~[spring-beans-6.2.5.jar:6.2.5]
	at org.springframework.beans.factory.support.DefaultListableBeanFactory.instantiateSingleton(DefaultListableBeanFactory.java:1155) ~[spring-beans-6.2.5.jar:6.2.5]
	at org.springframework.beans.factory.support.DefaultListableBeanFactory.preInstantiateSingleton(DefaultListableBeanFactory.java:1121) ~[spring-beans-6.2.5.jar:6.2.5]
	at org.springframework.beans.factory.support.DefaultListableBeanFactory.preInstantiateSingletons(DefaultListableBeanFactory.java:1056) ~[spring-beans-6.2.5.jar:6.2.5]
	at org.springframework.context.support.AbstractApplicationContext.finishBeanFactoryInitialization(AbstractApplicationContext.java:987) ~[spring-context-6.2.5.jar:6.2.5]
	at org.springframework.context.support.AbstractApplicationContext.refresh(AbstractApplicationContext.java:627) ~[spring-context-6.2.5.jar:6.2.5]
	at org.springframework.boot.web.servlet.context.ServletWebServerApplicationContext.refresh(ServletWebServerApplicationContext.java:146) ~[spring-boot-3.4.4.jar:3.4.4]
	at org.springframework.boot.SpringApplication.refresh(SpringApplication.java:752) ~[spring-boot-3.4.4.jar:3.4.4]
	at org.springframework.boot.SpringApplication.refreshContext(SpringApplication.java:439) ~[spring-boot-3.4.4.jar:3.4.4]
	at org.springframework.boot.SpringApplication.run(SpringApplication.java:318) ~[spring-boot-3.4.4.jar:3.4.4]
	at org.springframework.boot.SpringApplication.run(SpringApplication.java:1361) ~[spring-boot-3.4.4.jar:3.4.4]
	at org.springframework.boot.SpringApplication.run(SpringApplication.java:1350) ~[spring-boot-3.4.4.jar:3.4.4]
	at com.plasmit.diagnostics.payment.DiagnosticsPaymentServiceApplication.main(DiagnosticsPaymentServiceApplication.java:10) ~[classes/:na]
	at java.base/jdk.internal.reflect.NativeMethodAccessorImpl.invoke0(Native Method) ~[na:na]
	at java.base/jdk.internal.reflect.NativeMethodAccessorImpl.invoke(NativeMethodAccessorImpl.java:77) ~[na:na]
	at java.base/jdk.internal.reflect.DelegatingMethodAccessorImpl.invoke(DelegatingMethodAccessorImpl.java:43) ~[na:na]
	at java.base/java.lang.reflect.Method.invoke(Method.java:568) ~[na:na]
	at org.springframework.boot.devtools.restart.RestartLauncher.run(RestartLauncher.java:50) ~[spring-boot-devtools-3.4.4.jar:3.4.4]
Caused by: org.springframework.beans.factory.BeanCreationException: Error creating bean with name 'billingDiagnosticService': Lookup method resolution failed
	at org.springframework.beans.factory.annotation.AutowiredAnnotationBeanPostProcessor.checkLookupMethods(AutowiredAnnotationBeanPostProcessor.java:498) ~[spring-beans-6.2.5.jar:6.2.5]
	at org.springframework.beans.factory.annotation.AutowiredAnnotationBeanPostProcessor.determineCandidateConstructors(AutowiredAnnotationBeanPostProcessor.java:368) ~[spring-beans-6.2.5.jar:6.2.5]
	at org.springframework.beans.factory.support.AbstractAutowireCapableBeanFactory.determineConstructorsFromBeanPostProcessors(AbstractAutowireCapableBeanFactory.java:1320) ~[spring-beans-6.2.5.jar:6.2.5]
	at org.springframework.beans.factory.support.AbstractAutowireCapableBeanFactory.createBeanInstance(AbstractAutowireCapableBeanFactory.java:1215) ~[spring-beans-6.2.5.jar:6.2.5]
	at org.springframework.beans.factory.support.AbstractAutowireCapableBeanFactory.doCreateBean(AbstractAutowireCapableBeanFactory.java:563) ~[spring-beans-6.2.5.jar:6.2.5]
	at org.springframework.beans.factory.support.AbstractAutowireCapableBeanFactory.createBean(AbstractAutowireCapableBeanFactory.java:523) ~[spring-beans-6.2.5.jar:6.2.5]
	at org.springframework.beans.factory.support.AbstractBeanFactory.lambda$doGetBean$0(AbstractBeanFactory.java:339) ~[spring-beans-6.2.5.jar:6.2.5]
	at org.springframework.beans.factory.support.DefaultSingletonBeanRegistry.getSingleton(DefaultSingletonBeanRegistry.java:347) ~[spring-beans-6.2.5.jar:6.2.5]
	at org.springframework.beans.factory.support.AbstractBeanFactory.doGetBean(AbstractBeanFactory.java:337) ~[spring-beans-6.2.5.jar:6.2.5]
	at org.springframework.beans.factory.support.AbstractBeanFactory.getBean(AbstractBeanFactory.java:202) ~[spring-beans-6.2.5.jar:6.2.5]
	at org.springframework.beans.factory.config.DependencyDescriptor.resolveCandidate(DependencyDescriptor.java:254) ~[spring-beans-6.2.5.jar:6.2.5]
	at org.springframework.beans.factory.support.DefaultListableBeanFactory.doResolveDependency(DefaultListableBeanFactory.java:1667) ~[spring-beans-6.2.5.jar:6.2.5]
	at org.springframework.beans.factory.support.DefaultListableBeanFactory.resolveDependency(DefaultListableBeanFactory.java:1555) ~[spring-beans-6.2.5.jar:6.2.5]
	at org.springframework.beans.factory.support.ConstructorResolver.resolveAutowiredArgument(ConstructorResolver.java:913) ~[spring-beans-6.2.5.jar:6.2.5]
	at org.springframework.beans.factory.support.ConstructorResolver.createArgumentArray(ConstructorResolver.java:791) ~[spring-beans-6.2.5.jar:6.2.5]
	... 26 common frames omitted
Caused by: java.lang.IllegalStateException: Failed to introspect Class [com.plasmit.diagnostics.payment.billingdiagnostics.service.BillingDiagnosticService] from ClassLoader [org.springframework.boot.devtools.restart.classloader.RestartClassLoader@2a34aa59]
	at org.springframework.util.ReflectionUtils.getDeclaredMethods(ReflectionUtils.java:483) ~[spring-core-6.2.5.jar:6.2.5]
	at org.springframework.util.ReflectionUtils.doWithLocalMethods(ReflectionUtils.java:320) ~[spring-core-6.2.5.jar:6.2.5]
	at org.springframework.beans.factory.annotation.AutowiredAnnotationBeanPostProcessor.checkLookupMethods(AutowiredAnnotationBeanPostProcessor.java:476) ~[spring-beans-6.2.5.jar:6.2.5]
	... 40 common frames omitted
Caused by: java.lang.NoClassDefFoundError: DiagnosticInvoiceResponse
	at java.base/java.lang.Class.getDeclaredMethods0(Native Method) ~[na:na]
	at java.base/java.lang.Class.privateGetDeclaredMethods(Class.java:3402) ~[na:na]
	at java.base/java.lang.Class.getDeclaredMethods(Class.java:2504) ~[na:na]
	at org.springframework.util.ReflectionUtils.getDeclaredMethods(ReflectionUtils.java:465) ~[spring-core-6.2.5.jar:6.2.5]
	... 42 common frames omitted
Caused by: java.lang.ClassNotFoundException: DiagnosticInvoiceResponse
	at java.base/jdk.internal.loader.BuiltinClassLoader.loadClass(BuiltinClassLoader.java:641) ~[na:na]
	at java.base/jdk.internal.loader.ClassLoaders$AppClassLoader.loadClass(ClassLoaders.java:188) ~[na:na]
	at java.base/java.lang.ClassLoader.loadClass(ClassLoader.java:525) ~[na:na]
	at java.base/java.lang.Class.forName0(Native Method) ~[na:na]
	at java.base/java.lang.Class.forName(Class.java:467) ~[na:na]
	at org.springframework.boot.devtools.restart.classloader.RestartClassLoader.loadClass(RestartClassLoader.java:121) ~[spring-boot-devtools-3.4.4.jar:3.4.4]
	at java.base/java.lang.ClassLoader.loadClass(ClassLoader.java:525) ~[na:na]
	... 46 common frames omitted
2026-05-13 16:30:02 INFO  [restartedMain] c.p.d.p.DiagnosticsPaymentServiceApplication requestId= tenantId= hospitalId= branchId= userId= - Starting DiagnosticsPaymentServiceApplication using Java 17.0.8 with PID 23624 (C:\Users\ms\OneDrive\Desktop\diagnostics-payment-service\target\classes started by ms in C:\Users\ms\OneDrive\Desktop\diagnostics-payment-service)
2026-05-13 16:30:02 DEBUG [restartedMain] c.p.d.p.DiagnosticsPaymentServiceApplication requestId= tenantId= hospitalId= branchId= userId= - Running with Spring Boot v3.4.4, Spring v6.2.5
2026-05-13 16:30:02 INFO  [restartedMain] c.p.d.p.DiagnosticsPaymentServiceApplication requestId= tenantId= hospitalId= branchId= userId= - No active profile set, falling back to 1 default profile: "default"
2026-05-13 16:30:04 INFO  [restartedMain] o.s.b.w.e.tomcat.TomcatWebServer requestId= tenantId= hospitalId= branchId= userId= - Tomcat initialized with port 8095 (http)
2026-05-13 16:30:04 INFO  [restartedMain] o.a.catalina.core.StandardService requestId= tenantId= hospitalId= branchId= userId= - Starting service [Tomcat]
2026-05-13 16:30:04 INFO  [restartedMain] o.a.catalina.core.StandardEngine requestId= tenantId= hospitalId= branchId= userId= - Starting Servlet engine: [Apache Tomcat/10.1.39]
2026-05-13 16:30:04 INFO  [restartedMain] o.a.c.c.C.[Tomcat-5].[localhost].[/] requestId= tenantId= hospitalId= branchId= userId= - Initializing Spring embedded WebApplicationContext
2026-05-13 16:30:04 INFO  [restartedMain] o.s.b.w.s.c.ServletWebServerApplicationContext requestId= tenantId= hospitalId= branchId= userId= - Root WebApplicationContext: initialization completed in 1863 ms
2026-05-13 16:30:04 DEBUG [restartedMain] c.p.d.p.s.JwtAuthenticationFilter requestId= tenantId= hospitalId= branchId= userId= - Filter 'jwtAuthenticationFilter' configured for use
2026-05-13 16:30:04 DEBUG [restartedMain] c.p.d.p.logging.RequestMdcFilter requestId= tenantId= hospitalId= branchId= userId= - Filter 'requestMdcFilter' configured for use
2026-05-13 16:30:04 WARN  [restartedMain] o.s.b.a.s.s.UserDetailsServiceAutoConfiguration requestId= tenantId= hospitalId= branchId= userId= - 

Using generated security password: a8fb61fd-8a13-43f2-a87f-6a636426be4e

This generated password is for development use only. Your security configuration must be updated before running your application in production.

2026-05-13 16:30:04 INFO  [restartedMain] o.s.s.c.a.a.c.InitializeUserDetailsBeanManagerConfigurer$InitializeUserDetailsManagerConfigurer requestId= tenantId= hospitalId= branchId= userId= - Global AuthenticationManager configured with UserDetailsService bean with name inMemoryUserDetailsManager
2026-05-13 16:30:05 WARN  [restartedMain] o.s.b.d.a.OptionalLiveReloadServer requestId= tenantId= hospitalId= branchId= userId= - Unable to start LiveReload server
2026-05-13 16:30:05 INFO  [restartedMain] o.s.b.w.e.tomcat.TomcatWebServer requestId= tenantId= hospitalId= branchId= userId= - Tomcat started on port 8095 (http) with context path '/'
2026-05-13 16:30:05 INFO  [restartedMain] c.p.d.p.DiagnosticsPaymentServiceApplication requestId= tenantId= hospitalId= branchId= userId= - Started DiagnosticsPaymentServiceApplication in 3.441 seconds (process running for 6729.331)
2026-05-13 16:30:05 INFO  [restartedMain] o.s.b.d.a.ConditionEvaluationDeltaLoggingListener requestId= tenantId= hospitalId= branchId= userId= - Condition evaluation unchanged
2026-05-13 16:30:36 INFO  [File Watcher] o.s.b.d.a.LocalDevToolsAutoConfiguration$RestartingClassPathChangeChangedEventListener requestId= tenantId= hospitalId= branchId= userId= - Restarting due to 2 class path changes (0 additions, 0 deletions, 2 modifications)
2026-05-13 16:30:36 INFO  [Thread-109] o.s.b.w.e.tomcat.GracefulShutdown requestId= tenantId= hospitalId= branchId= userId= - Commencing graceful shutdown. Waiting for active requests to complete
2026-05-13 16:30:36 INFO  [tomcat-shutdown] o.s.b.w.e.tomcat.GracefulShutdown requestId= tenantId= hospitalId= branchId= userId= - Graceful shutdown complete
2026-05-13 16:30:37 INFO  [restartedMain] c.p.d.p.DiagnosticsPaymentServiceApplication requestId= tenantId= hospitalId= branchId= userId= - Starting DiagnosticsPaymentServiceApplication using Java 17.0.8 with PID 23624 (C:\Users\ms\OneDrive\Desktop\diagnostics-payment-service\target\classes started by ms in C:\Users\ms\OneDrive\Desktop\diagnostics-payment-service)
2026-05-13 16:30:37 DEBUG [restartedMain] c.p.d.p.DiagnosticsPaymentServiceApplication requestId= tenantId= hospitalId= branchId= userId= - Running with Spring Boot v3.4.4, Spring v6.2.5
2026-05-13 16:30:37 INFO  [restartedMain] c.p.d.p.DiagnosticsPaymentServiceApplication requestId= tenantId= hospitalId= branchId= userId= - No active profile set, falling back to 1 default profile: "default"
2026-05-13 16:30:38 INFO  [restartedMain] o.s.b.w.e.tomcat.TomcatWebServer requestId= tenantId= hospitalId= branchId= userId= - Tomcat initialized with port 8095 (http)
2026-05-13 16:30:38 INFO  [restartedMain] o.a.catalina.core.StandardService requestId= tenantId= hospitalId= branchId= userId= - Starting service [Tomcat]
2026-05-13 16:30:38 INFO  [restartedMain] o.a.catalina.core.StandardEngine requestId= tenantId= hospitalId= branchId= userId= - Starting Servlet engine: [Apache Tomcat/10.1.39]
2026-05-13 16:30:38 INFO  [restartedMain] o.a.c.c.C.[Tomcat-5].[localhost].[/] requestId= tenantId= hospitalId= branchId= userId= - Initializing Spring embedded WebApplicationContext
2026-05-13 16:30:38 INFO  [restartedMain] o.s.b.w.s.c.ServletWebServerApplicationContext requestId= tenantId= hospitalId= branchId= userId= - Root WebApplicationContext: initialization completed in 1368 ms
2026-05-13 16:30:38 DEBUG [restartedMain] c.p.d.p.s.JwtAuthenticationFilter requestId= tenantId= hospitalId= branchId= userId= - Filter 'jwtAuthenticationFilter' configured for use
2026-05-13 16:30:38 DEBUG [restartedMain] c.p.d.p.logging.RequestMdcFilter requestId= tenantId= hospitalId= branchId= userId= - Filter 'requestMdcFilter' configured for use
2026-05-13 16:30:38 WARN  [restartedMain] o.s.b.a.s.s.UserDetailsServiceAutoConfiguration requestId= tenantId= hospitalId= branchId= userId= - 

Using generated security password: 907c4b9a-070a-420b-a7e6-a697962215e3

This generated password is for development use only. Your security configuration must be updated before running your application in production.

2026-05-13 16:30:38 INFO  [restartedMain] o.s.s.c.a.a.c.InitializeUserDetailsBeanManagerConfigurer$InitializeUserDetailsManagerConfigurer requestId= tenantId= hospitalId= branchId= userId= - Global AuthenticationManager configured with UserDetailsService bean with name inMemoryUserDetailsManager
2026-05-13 16:30:39 WARN  [restartedMain] o.s.b.d.a.OptionalLiveReloadServer requestId= tenantId= hospitalId= branchId= userId= - Unable to start LiveReload server
2026-05-13 16:30:39 INFO  [restartedMain] o.s.b.w.e.tomcat.TomcatWebServer requestId= tenantId= hospitalId= branchId= userId= - Tomcat started on port 8095 (http) with context path '/'
2026-05-13 16:30:39 INFO  [restartedMain] c.p.d.p.DiagnosticsPaymentServiceApplication requestId= tenantId= hospitalId= branchId= userId= - Started DiagnosticsPaymentServiceApplication in 2.104 seconds (process running for 6762.91)
2026-05-13 16:30:39 INFO  [restartedMain] o.s.b.d.a.ConditionEvaluationDeltaLoggingListener requestId= tenantId= hospitalId= branchId= userId= - Condition evaluation unchanged
2026-05-13 16:30:42 INFO  [RMI TCP Connection(116)-127.0.0.1] o.s.b.a.SpringApplicationAdminMXBeanRegistrar$SpringApplicationAdmin requestId= tenantId= hospitalId= branchId= userId= - Application shutdown requested.
2026-05-13 16:30:42 INFO  [RMI TCP Connection(116)-127.0.0.1] o.s.b.w.e.tomcat.GracefulShutdown requestId= tenantId= hospitalId= branchId= userId= - Commencing graceful shutdown. Waiting for active requests to complete
2026-05-13 16:30:42 INFO  [tomcat-shutdown] o.s.b.w.e.tomcat.GracefulShutdown requestId= tenantId= hospitalId= branchId= userId= - Graceful shutdown complete
2026-05-13 16:30:57 INFO  [restartedMain] c.p.d.p.DiagnosticsPaymentServiceApplication requestId= tenantId= hospitalId= branchId= userId= - Starting DiagnosticsPaymentServiceApplication using Java 17.0.8 with PID 24892 (C:\Users\ms\OneDrive\Desktop\diagnostics-payment-service\target\classes started by ms in C:\Users\ms\OneDrive\Desktop\diagnostics-payment-service)
2026-05-13 16:30:57 DEBUG [restartedMain] c.p.d.p.DiagnosticsPaymentServiceApplication requestId= tenantId= hospitalId= branchId= userId= - Running with Spring Boot v3.4.4, Spring v6.2.5
2026-05-13 16:30:57 INFO  [restartedMain] c.p.d.p.DiagnosticsPaymentServiceApplication requestId= tenantId= hospitalId= branchId= userId= - No active profile set, falling back to 1 default profile: "default"
2026-05-13 16:30:57 INFO  [restartedMain] o.s.b.d.e.DevToolsPropertyDefaultsPostProcessor requestId= tenantId= hospitalId= branchId= userId= - Devtools property defaults active! Set 'spring.devtools.add-properties' to 'false' to disable
2026-05-13 16:30:57 INFO  [restartedMain] o.s.b.d.e.DevToolsPropertyDefaultsPostProcessor requestId= tenantId= hospitalId= branchId= userId= - For additional web related logging consider setting the 'logging.level.web' property to 'DEBUG'
2026-05-13 16:30:59 INFO  [restartedMain] o.s.b.w.e.tomcat.TomcatWebServer requestId= tenantId= hospitalId= branchId= userId= - Tomcat initialized with port 8095 (http)
2026-05-13 16:30:59 INFO  [restartedMain] o.a.catalina.core.StandardService requestId= tenantId= hospitalId= branchId= userId= - Starting service [Tomcat]
2026-05-13 16:30:59 INFO  [restartedMain] o.a.catalina.core.StandardEngine requestId= tenantId= hospitalId= branchId= userId= - Starting Servlet engine: [Apache Tomcat/10.1.39]
2026-05-13 16:30:59 INFO  [restartedMain] o.a.c.c.C.[Tomcat].[localhost].[/] requestId= tenantId= hospitalId= branchId= userId= - Initializing Spring embedded WebApplicationContext
2026-05-13 16:30:59 INFO  [restartedMain] o.s.b.w.s.c.ServletWebServerApplicationContext requestId= tenantId= hospitalId= branchId= userId= - Root WebApplicationContext: initialization completed in 2089 ms
2026-05-13 16:30:59 DEBUG [restartedMain] c.p.d.p.s.JwtAuthenticationFilter requestId= tenantId= hospitalId= branchId= userId= - Filter 'jwtAuthenticationFilter' configured for use
2026-05-13 16:30:59 DEBUG [restartedMain] c.p.d.p.logging.RequestMdcFilter requestId= tenantId= hospitalId= branchId= userId= - Filter 'requestMdcFilter' configured for use
2026-05-13 16:30:59 WARN  [restartedMain] o.s.b.a.s.s.UserDetailsServiceAutoConfiguration requestId= tenantId= hospitalId= branchId= userId= - 

Using generated security password: 60edf3ab-8f87-4032-9197-eae642b044f3

This generated password is for development use only. Your security configuration must be updated before running your application in production.

2026-05-13 16:30:59 INFO  [restartedMain] o.s.s.c.a.a.c.InitializeUserDetailsBeanManagerConfigurer$InitializeUserDetailsManagerConfigurer requestId= tenantId= hospitalId= branchId= userId= - Global AuthenticationManager configured with UserDetailsService bean with name inMemoryUserDetailsManager
2026-05-13 16:31:00 WARN  [restartedMain] o.s.b.d.a.OptionalLiveReloadServer requestId= tenantId= hospitalId= branchId= userId= - Unable to start LiveReload server
2026-05-13 16:31:00 INFO  [restartedMain] o.s.b.w.e.tomcat.TomcatWebServer requestId= tenantId= hospitalId= branchId= userId= - Tomcat started on port 8095 (http) with context path '/'
2026-05-13 16:31:00 INFO  [restartedMain] c.p.d.p.DiagnosticsPaymentServiceApplication requestId= tenantId= hospitalId= branchId= userId= - Started DiagnosticsPaymentServiceApplication in 4.183 seconds (process running for 5.461)
2026-05-13 16:33:17 INFO  [http-nio-8095-exec-2] o.a.c.c.C.[Tomcat].[localhost].[/] requestId= tenantId= hospitalId= branchId= userId= - Initializing Spring DispatcherServlet 'dispatcherServlet'
2026-05-13 16:33:17 INFO  [http-nio-8095-exec-2] o.s.web.servlet.DispatcherServlet requestId= tenantId= hospitalId= branchId= userId= - Initializing Servlet 'dispatcherServlet'
2026-05-13 16:33:17 INFO  [http-nio-8095-exec-2] o.s.web.servlet.DispatcherServlet requestId= tenantId= hospitalId= branchId= userId= - Completed initialization in 2 ms
2026-05-13 16:33:17 ERROR [http-nio-8095-exec-2] o.a.c.c.C.[.[.[.[dispatcherServlet] requestId= tenantId= hospitalId= branchId= userId= - Servlet.service() for servlet [dispatcherServlet] in context with path [] threw exception
com.plasmit.diagnostics.payment.common.exception.ApiException: Invalid or expired token.
	at com.plasmit.diagnostics.payment.common.exception.ApiException.unauthorized(ApiException.java:17)
	at com.plasmit.diagnostics.payment.security.JwtService.parseToken(JwtService.java:60)
	at com.plasmit.diagnostics.payment.security.JwtAuthenticationFilter.doFilterInternal(JwtAuthenticationFilter.java:54)
	at org.springframework.web.filter.OncePerRequestFilter.doFilter(OncePerRequestFilter.java:116)
	at org.springframework.security.web.FilterChainProxy$VirtualFilterChain.doFilter(FilterChainProxy.java:374)
	at org.springframework.security.web.authentication.logout.LogoutFilter.doFilter(LogoutFilter.java:107)
	at org.springframework.security.web.authentication.logout.LogoutFilter.doFilter(LogoutFilter.java:93)
	at org.springframework.security.web.FilterChainProxy$VirtualFilterChain.doFilter(FilterChainProxy.java:374)
	at org.springframework.web.filter.CorsFilter.doFilterInternal(CorsFilter.java:91)
	at org.springframework.web.filter.OncePerRequestFilter.doFilter(OncePerRequestFilter.java:116)
	at org.springframework.security.web.FilterChainProxy$VirtualFilterChain.doFilter(FilterChainProxy.java:374)
	at org.springframework.security.web.header.HeaderWriterFilter.doHeadersAfter(HeaderWriterFilter.java:90)
	at org.springframework.security.web.header.HeaderWriterFilter.doFilterInternal(HeaderWriterFilter.java:75)
	at org.springframework.web.filter.OncePerRequestFilter.doFilter(OncePerRequestFilter.java:116)
	at org.springframework.security.web.FilterChainProxy$VirtualFilterChain.doFilter(FilterChainProxy.java:374)
	at org.springframework.security.web.context.SecurityContextHolderFilter.doFilter(SecurityContextHolderFilter.java:82)
	at org.springframework.security.web.context.SecurityContextHolderFilter.doFilter(SecurityContextHolderFilter.java:69)
	at org.springframework.security.web.FilterChainProxy$VirtualFilterChain.doFilter(FilterChainProxy.java:374)
	at org.springframework.security.web.context.request.async.WebAsyncManagerIntegrationFilter.doFilterInternal(WebAsyncManagerIntegrationFilter.java:62)
	at org.springframework.web.filter.OncePerRequestFilter.doFilter(OncePerRequestFilter.java:116)
	at org.springframework.security.web.FilterChainProxy$VirtualFilterChain.doFilter(FilterChainProxy.java:374)
	at org.springframework.security.web.session.DisableEncodeUrlFilter.doFilterInternal(DisableEncodeUrlFilter.java:42)
	at org.springframework.web.filter.OncePerRequestFilter.doFilter(OncePerRequestFilter.java:116)
	at org.springframework.security.web.FilterChainProxy$VirtualFilterChain.doFilter(FilterChainProxy.java:374)
	at org.springframework.security.web.FilterChainProxy.doFilterInternal(FilterChainProxy.java:233)
	at org.springframework.security.web.FilterChainProxy.doFilter(FilterChainProxy.java:191)
	at org.springframework.web.filter.CompositeFilter$VirtualFilterChain.doFilter(CompositeFilter.java:113)
	at org.springframework.web.servlet.handler.HandlerMappingIntrospector.lambda$createCacheFilter$3(HandlerMappingIntrospector.java:243)
	at org.springframework.web.filter.CompositeFilter$VirtualFilterChain.doFilter(CompositeFilter.java:113)
	at org.springframework.web.filter.CompositeFilter.doFilter(CompositeFilter.java:74)
	at org.springframework.security.config.annotation.web.configuration.WebMvcSecurityConfiguration$CompositeFilterChainProxy.doFilter(WebMvcSecurityConfiguration.java:238)
	at org.springframework.web.filter.DelegatingFilterProxy.invokeDelegate(DelegatingFilterProxy.java:362)
	at org.springframework.web.filter.DelegatingFilterProxy.doFilter(DelegatingFilterProxy.java:278)
	at org.apache.catalina.core.ApplicationFilterChain.internalDoFilter(ApplicationFilterChain.java:164)
	at org.apache.catalina.core.ApplicationFilterChain.doFilter(ApplicationFilterChain.java:140)
	at org.springframework.web.filter.RequestContextFilter.doFilterInternal(RequestContextFilter.java:100)
	at org.springframework.web.filter.OncePerRequestFilter.doFilter(OncePerRequestFilter.java:116)
	at org.apache.catalina.core.ApplicationFilterChain.internalDoFilter(ApplicationFilterChain.java:164)
	at org.apache.catalina.core.ApplicationFilterChain.doFilter(ApplicationFilterChain.java:140)
	at org.springframework.web.filter.FormContentFilter.doFilterInternal(FormContentFilter.java:93)
	at org.springframework.web.filter.OncePerRequestFilter.doFilter(OncePerRequestFilter.java:116)
	at org.apache.catalina.core.ApplicationFilterChain.internalDoFilter(ApplicationFilterChain.java:164)
	at org.apache.catalina.core.ApplicationFilterChain.doFilter(ApplicationFilterChain.java:140)
	at org.springframework.web.filter.CharacterEncodingFilter.doFilterInternal(CharacterEncodingFilter.java:201)
	at org.springframework.web.filter.OncePerRequestFilter.doFilter(OncePerRequestFilter.java:116)
	at org.apache.catalina.core.ApplicationFilterChain.internalDoFilter(ApplicationFilterChain.java:164)
	at org.apache.catalina.core.ApplicationFilterChain.doFilter(ApplicationFilterChain.java:140)
	at org.apache.catalina.core.StandardWrapperValve.invoke(StandardWrapperValve.java:167)
	at org.apache.catalina.core.StandardContextValve.invoke(StandardContextValve.java:90)
	at org.apache.catalina.authenticator.AuthenticatorBase.invoke(AuthenticatorBase.java:483)
	at org.apache.catalina.core.StandardHostValve.invoke(StandardHostValve.java:115)
	at org.apache.catalina.valves.ErrorReportValve.invoke(ErrorReportValve.java:93)
	at org.apache.catalina.core.StandardEngineValve.invoke(StandardEngineValve.java:74)
	at org.apache.catalina.connector.CoyoteAdapter.service(CoyoteAdapter.java:344)
	at org.apache.coyote.http11.Http11Processor.service(Http11Processor.java:397)
	at org.apache.coyote.AbstractProcessorLight.process(AbstractProcessorLight.java:63)
	at org.apache.coyote.AbstractProtocol$ConnectionHandler.process(AbstractProtocol.java:905)
	at org.apache.tomcat.util.net.NioEndpoint$SocketProcessor.doRun(NioEndpoint.java:1743)
	at org.apache.tomcat.util.net.SocketProcessorBase.run(SocketProcessorBase.java:52)
	at org.apache.tomcat.util.threads.ThreadPoolExecutor.runWorker(ThreadPoolExecutor.java:1190)
	at org.apache.tomcat.util.threads.ThreadPoolExecutor$Worker.run(ThreadPoolExecutor.java:659)
	at org.apache.tomcat.util.threads.TaskThread$WrappingRunnable.run(TaskThread.java:63)
	at java.base/java.lang.Thread.run(Thread.java:833)
2026-05-13 16:33:41 ERROR [http-nio-8095-exec-3] o.a.c.c.C.[.[.[.[dispatcherServlet] requestId= tenantId= hospitalId= branchId= userId= - Servlet.service() for servlet [dispatcherServlet] in context with path [] threw exception
com.plasmit.diagnostics.payment.common.exception.ApiException: Invalid or expired token.
	at com.plasmit.diagnostics.payment.common.exception.ApiException.unauthorized(ApiException.java:17)
	at com.plasmit.diagnostics.payment.security.JwtService.parseToken(JwtService.java:60)
	at com.plasmit.diagnostics.payment.security.JwtAuthenticationFilter.doFilterInternal(JwtAuthenticationFilter.java:54)
	at org.springframework.web.filter.OncePerRequestFilter.doFilter(OncePerRequestFilter.java:116)
	at org.springframework.security.web.FilterChainProxy$VirtualFilterChain.doFilter(FilterChainProxy.java:374)
	at org.springframework.security.web.authentication.logout.LogoutFilter.doFilter(LogoutFilter.java:107)
	at org.springframework.security.web.authentication.logout.LogoutFilter.doFilter(LogoutFilter.java:93)
	at org.springframework.security.web.FilterChainProxy$VirtualFilterChain.doFilter(FilterChainProxy.java:374)
	at org.springframework.web.filter.CorsFilter.doFilterInternal(CorsFilter.java:91)
	at org.springframework.web.filter.OncePerRequestFilter.doFilter(OncePerRequestFilter.java:116)
	at org.springframework.security.web.FilterChainProxy$VirtualFilterChain.doFilter(FilterChainProxy.java:374)
	at org.springframework.security.web.header.HeaderWriterFilter.doHeadersAfter(HeaderWriterFilter.java:90)
	at org.springframework.security.web.header.HeaderWriterFilter.doFilterInternal(HeaderWriterFilter.java:75)
	at org.springframework.web.filter.OncePerRequestFilter.doFilter(OncePerRequestFilter.java:116)
	at org.springframework.security.web.FilterChainProxy$VirtualFilterChain.doFilter(FilterChainProxy.java:374)
	at org.springframework.security.web.context.SecurityContextHolderFilter.doFilter(SecurityContextHolderFilter.java:82)
	at org.springframework.security.web.context.SecurityContextHolderFilter.doFilter(SecurityContextHolderFilter.java:69)
	at org.springframework.security.web.FilterChainProxy$VirtualFilterChain.doFilter(FilterChainProxy.java:374)
	at org.springframework.security.web.context.request.async.WebAsyncManagerIntegrationFilter.doFilterInternal(WebAsyncManagerIntegrationFilter.java:62)
	at org.springframework.web.filter.OncePerRequestFilter.doFilter(OncePerRequestFilter.java:116)
	at org.springframework.security.web.FilterChainProxy$VirtualFilterChain.doFilter(FilterChainProxy.java:374)
	at org.springframework.security.web.session.DisableEncodeUrlFilter.doFilterInternal(DisableEncodeUrlFilter.java:42)
	at org.springframework.web.filter.OncePerRequestFilter.doFilter(OncePerRequestFilter.java:116)
	at org.springframework.security.web.FilterChainProxy$VirtualFilterChain.doFilter(FilterChainProxy.java:374)
	at org.springframework.security.web.FilterChainProxy.doFilterInternal(FilterChainProxy.java:233)
	at org.springframework.security.web.FilterChainProxy.doFilter(FilterChainProxy.java:191)
	at org.springframework.web.filter.CompositeFilter$VirtualFilterChain.doFilter(CompositeFilter.java:113)
	at org.springframework.web.servlet.handler.HandlerMappingIntrospector.lambda$createCacheFilter$3(HandlerMappingIntrospector.java:243)
	at org.springframework.web.filter.CompositeFilter$VirtualFilterChain.doFilter(CompositeFilter.java:113)
	at org.springframework.web.filter.CompositeFilter.doFilter(CompositeFilter.java:74)
	at org.springframework.security.config.annotation.web.configuration.WebMvcSecurityConfiguration$CompositeFilterChainProxy.doFilter(WebMvcSecurityConfiguration.java:238)
	at org.springframework.web.filter.DelegatingFilterProxy.invokeDelegate(DelegatingFilterProxy.java:362)
	at org.springframework.web.filter.DelegatingFilterProxy.doFilter(DelegatingFilterProxy.java:278)
	at org.apache.catalina.core.ApplicationFilterChain.internalDoFilter(ApplicationFilterChain.java:164)
	at org.apache.catalina.core.ApplicationFilterChain.doFilter(ApplicationFilterChain.java:140)
	at org.springframework.web.filter.RequestContextFilter.doFilterInternal(RequestContextFilter.java:100)
	at org.springframework.web.filter.OncePerRequestFilter.doFilter(OncePerRequestFilter.java:116)
	at org.apache.catalina.core.ApplicationFilterChain.internalDoFilter(ApplicationFilterChain.java:164)
	at org.apache.catalina.core.ApplicationFilterChain.doFilter(ApplicationFilterChain.java:140)
	at org.springframework.web.filter.FormContentFilter.doFilterInternal(FormContentFilter.java:93)
	at org.springframework.web.filter.OncePerRequestFilter.doFilter(OncePerRequestFilter.java:116)
	at org.apache.catalina.core.ApplicationFilterChain.internalDoFilter(ApplicationFilterChain.java:164)
	at org.apache.catalina.core.ApplicationFilterChain.doFilter(ApplicationFilterChain.java:140)
	at org.springframework.web.filter.CharacterEncodingFilter.doFilterInternal(CharacterEncodingFilter.java:201)
	at org.springframework.web.filter.OncePerRequestFilter.doFilter(OncePerRequestFilter.java:116)
	at org.apache.catalina.core.ApplicationFilterChain.internalDoFilter(ApplicationFilterChain.java:164)
	at org.apache.catalina.core.ApplicationFilterChain.doFilter(ApplicationFilterChain.java:140)
	at org.apache.catalina.core.StandardWrapperValve.invoke(StandardWrapperValve.java:167)
	at org.apache.catalina.core.StandardContextValve.invoke(StandardContextValve.java:90)
	at org.apache.catalina.authenticator.AuthenticatorBase.invoke(AuthenticatorBase.java:483)
	at org.apache.catalina.core.StandardHostValve.invoke(StandardHostValve.java:115)
	at org.apache.catalina.valves.ErrorReportValve.invoke(ErrorReportValve.java:93)
	at org.apache.catalina.core.StandardEngineValve.invoke(StandardEngineValve.java:74)
	at org.apache.catalina.connector.CoyoteAdapter.service(CoyoteAdapter.java:344)
	at org.apache.coyote.http11.Http11Processor.service(Http11Processor.java:397)
	at org.apache.coyote.AbstractProcessorLight.process(AbstractProcessorLight.java:63)
	at org.apache.coyote.AbstractProtocol$ConnectionHandler.process(AbstractProtocol.java:905)
	at org.apache.tomcat.util.net.NioEndpoint$SocketProcessor.doRun(NioEndpoint.java:1743)
	at org.apache.tomcat.util.net.SocketProcessorBase.run(SocketProcessorBase.java:52)
	at org.apache.tomcat.util.threads.ThreadPoolExecutor.runWorker(ThreadPoolExecutor.java:1190)
	at org.apache.tomcat.util.threads.ThreadPoolExecutor$Worker.run(ThreadPoolExecutor.java:659)
	at org.apache.tomcat.util.threads.TaskThread$WrappingRunnable.run(TaskThread.java:63)
	at java.base/java.lang.Thread.run(Thread.java:833)
2026-05-13 16:34:32 ERROR [http-nio-8095-exec-4] o.a.c.c.C.[.[.[.[dispatcherServlet] requestId= tenantId= hospitalId= branchId= userId= - Servlet.service() for servlet [dispatcherServlet] in context with path [] threw exception
com.plasmit.diagnostics.payment.common.exception.ApiException: Invalid or expired token.
	at com.plasmit.diagnostics.payment.common.exception.ApiException.unauthorized(ApiException.java:17)
	at com.plasmit.diagnostics.payment.security.JwtService.parseToken(JwtService.java:60)
	at com.plasmit.diagnostics.payment.security.JwtAuthenticationFilter.doFilterInternal(JwtAuthenticationFilter.java:54)
	at org.springframework.web.filter.OncePerRequestFilter.doFilter(OncePerRequestFilter.java:116)
	at org.springframework.security.web.FilterChainProxy$VirtualFilterChain.doFilter(FilterChainProxy.java:374)
	at org.springframework.security.web.authentication.logout.LogoutFilter.doFilter(LogoutFilter.java:107)
	at org.springframework.security.web.authentication.logout.LogoutFilter.doFilter(LogoutFilter.java:93)
	at org.springframework.security.web.FilterChainProxy$VirtualFilterChain.doFilter(FilterChainProxy.java:374)
	at org.springframework.web.filter.CorsFilter.doFilterInternal(CorsFilter.java:91)
	at org.springframework.web.filter.OncePerRequestFilter.doFilter(OncePerRequestFilter.java:116)
	at org.springframework.security.web.FilterChainProxy$VirtualFilterChain.doFilter(FilterChainProxy.java:374)
	at org.springframework.security.web.header.HeaderWriterFilter.doHeadersAfter(HeaderWriterFilter.java:90)
	at org.springframework.security.web.header.HeaderWriterFilter.doFilterInternal(HeaderWriterFilter.java:75)
	at org.springframework.web.filter.OncePerRequestFilter.doFilter(OncePerRequestFilter.java:116)
	at org.springframework.security.web.FilterChainProxy$VirtualFilterChain.doFilter(FilterChainProxy.java:374)
	at org.springframework.security.web.context.SecurityContextHolderFilter.doFilter(SecurityContextHolderFilter.java:82)
	at org.springframework.security.web.context.SecurityContextHolderFilter.doFilter(SecurityContextHolderFilter.java:69)
	at org.springframework.security.web.FilterChainProxy$VirtualFilterChain.doFilter(FilterChainProxy.java:374)
	at org.springframework.security.web.context.request.async.WebAsyncManagerIntegrationFilter.doFilterInternal(WebAsyncManagerIntegrationFilter.java:62)
	at org.springframework.web.filter.OncePerRequestFilter.doFilter(OncePerRequestFilter.java:116)
	at org.springframework.security.web.FilterChainProxy$VirtualFilterChain.doFilter(FilterChainProxy.java:374)
	at org.springframework.security.web.session.DisableEncodeUrlFilter.doFilterInternal(DisableEncodeUrlFilter.java:42)
	at org.springframework.web.filter.OncePerRequestFilter.doFilter(OncePerRequestFilter.java:116)
	at org.springframework.security.web.FilterChainProxy$VirtualFilterChain.doFilter(FilterChainProxy.java:374)
	at org.springframework.security.web.FilterChainProxy.doFilterInternal(FilterChainProxy.java:233)
	at org.springframework.security.web.FilterChainProxy.doFilter(FilterChainProxy.java:191)
	at org.springframework.web.filter.CompositeFilter$VirtualFilterChain.doFilter(CompositeFilter.java:113)
	at org.springframework.web.servlet.handler.HandlerMappingIntrospector.lambda$createCacheFilter$3(HandlerMappingIntrospector.java:243)
	at org.springframework.web.filter.CompositeFilter$VirtualFilterChain.doFilter(CompositeFilter.java:113)
	at org.springframework.web.filter.CompositeFilter.doFilter(CompositeFilter.java:74)
	at org.springframework.security.config.annotation.web.configuration.WebMvcSecurityConfiguration$CompositeFilterChainProxy.doFilter(WebMvcSecurityConfiguration.java:238)
	at org.springframework.web.filter.DelegatingFilterProxy.invokeDelegate(DelegatingFilterProxy.java:362)
	at org.springframework.web.filter.DelegatingFilterProxy.doFilter(DelegatingFilterProxy.java:278)
	at org.apache.catalina.core.ApplicationFilterChain.internalDoFilter(ApplicationFilterChain.java:164)
	at org.apache.catalina.core.ApplicationFilterChain.doFilter(ApplicationFilterChain.java:140)
	at org.springframework.web.filter.RequestContextFilter.doFilterInternal(RequestContextFilter.java:100)
	at org.springframework.web.filter.OncePerRequestFilter.doFilter(OncePerRequestFilter.java:116)
	at org.apache.catalina.core.ApplicationFilterChain.internalDoFilter(ApplicationFilterChain.java:164)
	at org.apache.catalina.core.ApplicationFilterChain.doFilter(ApplicationFilterChain.java:140)
	at org.springframework.web.filter.FormContentFilter.doFilterInternal(FormContentFilter.java:93)
	at org.springframework.web.filter.OncePerRequestFilter.doFilter(OncePerRequestFilter.java:116)
	at org.apache.catalina.core.ApplicationFilterChain.internalDoFilter(ApplicationFilterChain.java:164)
	at org.apache.catalina.core.ApplicationFilterChain.doFilter(ApplicationFilterChain.java:140)
	at org.springframework.web.filter.CharacterEncodingFilter.doFilterInternal(CharacterEncodingFilter.java:201)
	at org.springframework.web.filter.OncePerRequestFilter.doFilter(OncePerRequestFilter.java:116)
	at org.apache.catalina.core.ApplicationFilterChain.internalDoFilter(ApplicationFilterChain.java:164)
	at org.apache.catalina.core.ApplicationFilterChain.doFilter(ApplicationFilterChain.java:140)
	at org.apache.catalina.core.StandardWrapperValve.invoke(StandardWrapperValve.java:167)
	at org.apache.catalina.core.StandardContextValve.invoke(StandardContextValve.java:90)
	at org.apache.catalina.authenticator.AuthenticatorBase.invoke(AuthenticatorBase.java:483)
	at org.apache.catalina.core.StandardHostValve.invoke(StandardHostValve.java:115)
	at org.apache.catalina.valves.ErrorReportValve.invoke(ErrorReportValve.java:93)
	at org.apache.catalina.core.StandardEngineValve.invoke(StandardEngineValve.java:74)
	at org.apache.catalina.connector.CoyoteAdapter.service(CoyoteAdapter.java:344)
	at org.apache.coyote.http11.Http11Processor.service(Http11Processor.java:397)
	at org.apache.coyote.AbstractProcessorLight.process(AbstractProcessorLight.java:63)
	at org.apache.coyote.AbstractProtocol$ConnectionHandler.process(AbstractProtocol.java:905)
	at org.apache.tomcat.util.net.NioEndpoint$SocketProcessor.doRun(NioEndpoint.java:1743)
	at org.apache.tomcat.util.net.SocketProcessorBase.run(SocketProcessorBase.java:52)
	at org.apache.tomcat.util.threads.ThreadPoolExecutor.runWorker(ThreadPoolExecutor.java:1190)
	at org.apache.tomcat.util.threads.ThreadPoolExecutor$Worker.run(ThreadPoolExecutor.java:659)
	at org.apache.tomcat.util.threads.TaskThread$WrappingRunnable.run(TaskThread.java:63)
	at java.base/java.lang.Thread.run(Thread.java:833)
2026-05-13 16:34:51 INFO  [RMI TCP Connection(7)-127.0.0.1] o.s.b.a.SpringApplicationAdminMXBeanRegistrar$SpringApplicationAdmin requestId= tenantId= hospitalId= branchId= userId= - Application shutdown requested.
2026-05-13 16:34:51 INFO  [RMI TCP Connection(7)-127.0.0.1] o.s.b.w.e.tomcat.GracefulShutdown requestId= tenantId= hospitalId= branchId= userId= - Commencing graceful shutdown. Waiting for active requests to complete
2026-05-13 16:34:51 INFO  [tomcat-shutdown] o.s.b.w.e.tomcat.GracefulShutdown requestId= tenantId= hospitalId= branchId= userId= - Graceful shutdown complete
2026-05-13 16:36:54 INFO  [restartedMain] c.p.d.p.DiagnosticsPaymentServiceApplication requestId= tenantId= hospitalId= branchId= userId= - Starting DiagnosticsPaymentServiceApplication using Java 17.0.8 with PID 12244 (C:\Users\ms\OneDrive\Desktop\diagnostics-payment-service\target\classes started by ms in C:\Users\ms\OneDrive\Desktop\diagnostics-payment-service)
2026-05-13 16:36:54 DEBUG [restartedMain] c.p.d.p.DiagnosticsPaymentServiceApplication requestId= tenantId= hospitalId= branchId= userId= - Running with Spring Boot v3.4.4, Spring v6.2.5
2026-05-13 16:36:54 INFO  [restartedMain] c.p.d.p.DiagnosticsPaymentServiceApplication requestId= tenantId= hospitalId= branchId= userId= - No active profile set, falling back to 1 default profile: "default"
2026-05-13 16:36:54 INFO  [restartedMain] o.s.b.d.e.DevToolsPropertyDefaultsPostProcessor requestId= tenantId= hospitalId= branchId= userId= - Devtools property defaults active! Set 'spring.devtools.add-properties' to 'false' to disable
2026-05-13 16:36:54 INFO  [restartedMain] o.s.b.d.e.DevToolsPropertyDefaultsPostProcessor requestId= tenantId= hospitalId= branchId= userId= - For additional web related logging consider setting the 'logging.level.web' property to 'DEBUG'
2026-05-13 16:36:56 INFO  [restartedMain] o.s.b.w.e.tomcat.TomcatWebServer requestId= tenantId= hospitalId= branchId= userId= - Tomcat initialized with port 8095 (http)
2026-05-13 16:36:56 INFO  [restartedMain] o.a.catalina.core.StandardService requestId= tenantId= hospitalId= branchId= userId= - Starting service [Tomcat]
2026-05-13 16:36:56 INFO  [restartedMain] o.a.catalina.core.StandardEngine requestId= tenantId= hospitalId= branchId= userId= - Starting Servlet engine: [Apache Tomcat/10.1.39]
2026-05-13 16:36:56 INFO  [restartedMain] o.a.c.c.C.[Tomcat].[localhost].[/] requestId= tenantId= hospitalId= branchId= userId= - Initializing Spring embedded WebApplicationContext
2026-05-13 16:36:56 INFO  [restartedMain] o.s.b.w.s.c.ServletWebServerApplicationContext requestId= tenantId= hospitalId= branchId= userId= - Root WebApplicationContext: initialization completed in 2674 ms
2026-05-13 16:36:56 DEBUG [restartedMain] c.p.d.p.s.JwtAuthenticationFilter requestId= tenantId= hospitalId= branchId= userId= - Filter 'jwtAuthenticationFilter' configured for use
2026-05-13 16:36:56 DEBUG [restartedMain] c.p.d.p.logging.RequestMdcFilter requestId= tenantId= hospitalId= branchId= userId= - Filter 'requestMdcFilter' configured for use
2026-05-13 16:36:57 WARN  [restartedMain] o.s.b.a.s.s.UserDetailsServiceAutoConfiguration requestId= tenantId= hospitalId= branchId= userId= - 

Using generated security password: 755013ba-9b38-476b-92b0-6b762ff9d435

This generated password is for development use only. Your security configuration must be updated before running your application in production.

2026-05-13 16:36:57 INFO  [restartedMain] o.s.s.c.a.a.c.InitializeUserDetailsBeanManagerConfigurer$InitializeUserDetailsManagerConfigurer requestId= tenantId= hospitalId= branchId= userId= - Global AuthenticationManager configured with UserDetailsService bean with name inMemoryUserDetailsManager
2026-05-13 16:36:58 WARN  [restartedMain] o.s.b.d.a.OptionalLiveReloadServer requestId= tenantId= hospitalId= branchId= userId= - Unable to start LiveReload server
2026-05-13 16:36:58 INFO  [restartedMain] o.s.b.w.e.tomcat.TomcatWebServer requestId= tenantId= hospitalId= branchId= userId= - Tomcat started on port 8095 (http) with context path '/'
2026-05-13 16:36:58 INFO  [restartedMain] c.p.d.p.DiagnosticsPaymentServiceApplication requestId= tenantId= hospitalId= branchId= userId= - Started DiagnosticsPaymentServiceApplication in 5.189 seconds (process running for 6.561)
2026-05-13 16:37:01 INFO  [http-nio-8095-exec-1] o.a.c.c.C.[Tomcat].[localhost].[/] requestId= tenantId= hospitalId= branchId= userId= - Initializing Spring DispatcherServlet 'dispatcherServlet'
2026-05-13 16:37:01 INFO  [http-nio-8095-exec-1] o.s.web.servlet.DispatcherServlet requestId= tenantId= hospitalId= branchId= userId= - Initializing Servlet 'dispatcherServlet'
2026-05-13 16:37:01 INFO  [http-nio-8095-exec-1] o.s.web.servlet.DispatcherServlet requestId= tenantId= hospitalId= branchId= userId= - Completed initialization in 1 ms
2026-05-13 16:37:01 INFO  [http-nio-8095-exec-1] com.zaxxer.hikari.HikariDataSource requestId=40b25dc7-d1f6-41c2-9bd4-48a9d01edee6 tenantId=1 hospitalId=1 branchId=br_main userId=1 - HikariPool-1 - Starting...
2026-05-13 16:37:02 INFO  [http-nio-8095-exec-1] com.zaxxer.hikari.pool.HikariPool requestId=40b25dc7-d1f6-41c2-9bd4-48a9d01edee6 tenantId=1 hospitalId=1 branchId=br_main userId=1 - HikariPool-1 - Added connection com.mysql.cj.jdbc.ConnectionImpl@23e2a648
2026-05-13 16:37:02 INFO  [http-nio-8095-exec-1] com.zaxxer.hikari.HikariDataSource requestId=40b25dc7-d1f6-41c2-9bd4-48a9d01edee6 tenantId=1 hospitalId=1 branchId=br_main userId=1 - HikariPool-1 - Start completed.
2026-05-13 16:39:04 WARN  [http-nio-8095-exec-5] c.p.d.p.c.e.GlobalExceptionHandler requestId=7951906d-02d2-4e14-b7ff-9bb954952bdf tenantId=1 hospitalId=1 branchId= userId=1 - Handled API exception. code=VALIDATION_ERROR message=X-Branch-Id header is required.
2026-05-13 16:39:04 WARN  [http-nio-8095-exec-5] o.s.w.s.m.m.a.ExceptionHandlerExceptionResolver requestId=7951906d-02d2-4e14-b7ff-9bb954952bdf tenantId=1 hospitalId=1 branchId= userId=1 - Resolved [com.plasmit.diagnostics.payment.common.exception.ApiException: X-Branch-Id header is required.]
2026-05-13 16:43:15 WARN  [http-nio-8095-exec-10] c.p.d.p.c.e.GlobalExceptionHandler requestId=228696fc-0975-4479-b693-007f55691263 tenantId=1 hospitalId=1 branchId=br_main userId=1 - Handled API exception. code=NOT_FOUND message=Diagnostic service not found.
2026-05-13 16:43:15 WARN  [http-nio-8095-exec-10] o.s.w.s.m.m.a.ExceptionHandlerExceptionResolver requestId=228696fc-0975-4479-b693-007f55691263 tenantId=1 hospitalId=1 branchId=br_main userId=1 - Resolved [com.plasmit.diagnostics.payment.common.exception.ApiException: Diagnostic service not found.]
2026-05-13 16:44:19 ERROR [http-nio-8095-exec-1] c.p.d.p.c.e.GlobalExceptionHandler requestId=2f006c92-5dc6-40d2-94f2-17a42778d1c3 tenantId=1 hospitalId=1 branchId=br_main userId=1 - Unhandled exception occurred.
org.springframework.web.HttpRequestMethodNotSupportedException: Request method 'POST' is not supported
	at org.springframework.web.servlet.mvc.method.RequestMappingInfoHandlerMapping.handleNoMatch(RequestMappingInfoHandlerMapping.java:267)
	at org.springframework.web.servlet.handler.AbstractHandlerMethodMapping.lookupHandlerMethod(AbstractHandlerMethodMapping.java:441)
	at org.springframework.web.servlet.handler.AbstractHandlerMethodMapping.getHandlerInternal(AbstractHandlerMethodMapping.java:382)
	at org.springframework.web.servlet.mvc.method.RequestMappingInfoHandlerMapping.getHandlerInternal(RequestMappingInfoHandlerMapping.java:127)
	at org.springframework.web.servlet.mvc.method.RequestMappingInfoHandlerMapping.getHandlerInternal(RequestMappingInfoHandlerMapping.java:68)
	at org.springframework.web.servlet.handler.AbstractHandlerMapping.getHandler(AbstractHandlerMapping.java:509)
	at org.springframework.web.servlet.DispatcherServlet.getHandler(DispatcherServlet.java:1284)
	at org.springframework.web.servlet.DispatcherServlet.doDispatch(DispatcherServlet.java:1065)
	at org.springframework.web.servlet.DispatcherServlet.doService(DispatcherServlet.java:979)
	at org.springframework.web.servlet.FrameworkServlet.processRequest(FrameworkServlet.java:1014)
	at org.springframework.web.servlet.FrameworkServlet.doPost(FrameworkServlet.java:914)
	at jakarta.servlet.http.HttpServlet.service(HttpServlet.java:590)
	at org.springframework.web.servlet.FrameworkServlet.service(FrameworkServlet.java:885)
	at jakarta.servlet.http.HttpServlet.service(HttpServlet.java:658)
	at org.apache.catalina.core.ApplicationFilterChain.internalDoFilter(ApplicationFilterChain.java:195)
	at org.apache.catalina.core.ApplicationFilterChain.doFilter(ApplicationFilterChain.java:140)
	at org.apache.tomcat.websocket.server.WsFilter.doFilter(WsFilter.java:51)
	at org.apache.catalina.core.ApplicationFilterChain.internalDoFilter(ApplicationFilterChain.java:164)
	at org.apache.catalina.core.ApplicationFilterChain.doFilter(ApplicationFilterChain.java:140)
	at org.springframework.web.filter.OncePerRequestFilter.doFilter(OncePerRequestFilter.java:110)
	at org.apache.catalina.core.ApplicationFilterChain.internalDoFilter(ApplicationFilterChain.java:164)
	at org.apache.catalina.core.ApplicationFilterChain.doFilter(ApplicationFilterChain.java:140)
	at com.plasmit.diagnostics.payment.logging.RequestMdcFilter.doFilterInternal(RequestMdcFilter.java:42)
	at org.springframework.web.filter.OncePerRequestFilter.doFilter(OncePerRequestFilter.java:116)
	at org.apache.catalina.core.ApplicationFilterChain.internalDoFilter(ApplicationFilterChain.java:164)
	at org.apache.catalina.core.ApplicationFilterChain.doFilter(ApplicationFilterChain.java:140)
	at org.springframework.web.filter.CompositeFilter$VirtualFilterChain.doFilter(CompositeFilter.java:108)
	at org.springframework.security.web.FilterChainProxy.lambda$doFilterInternal$3(FilterChainProxy.java:231)
	at org.springframework.security.web.FilterChainProxy$VirtualFilterChain.doFilter(FilterChainProxy.java:365)
	at org.springframework.security.web.access.intercept.AuthorizationFilter.doFilter(AuthorizationFilter.java:101)
	at org.springframework.security.web.FilterChainProxy$VirtualFilterChain.doFilter(FilterChainProxy.java:374)
	at org.springframework.security.web.access.ExceptionTranslationFilter.doFilter(ExceptionTranslationFilter.java:126)
	at org.springframework.security.web.access.ExceptionTranslationFilter.doFilter(ExceptionTranslationFilter.java:120)
	at org.springframework.security.web.FilterChainProxy$VirtualFilterChain.doFilter(FilterChainProxy.java:374)
	at org.springframework.security.web.session.SessionManagementFilter.doFilter(SessionManagementFilter.java:131)
	at org.springframework.security.web.session.SessionManagementFilter.doFilter(SessionManagementFilter.java:85)
	at org.springframework.security.web.FilterChainProxy$VirtualFilterChain.doFilter(FilterChainProxy.java:374)
	at org.springframework.security.web.authentication.AnonymousAuthenticationFilter.doFilter(AnonymousAuthenticationFilter.java:100)
	at org.springframework.security.web.FilterChainProxy$VirtualFilterChain.doFilter(FilterChainProxy.java:374)
	at org.springframework.security.web.servletapi.SecurityContextHolderAwareRequestFilter.doFilter(SecurityContextHolderAwareRequestFilter.java:179)
	at org.springframework.security.web.FilterChainProxy$VirtualFilterChain.doFilter(FilterChainProxy.java:374)
	at org.springframework.security.web.savedrequest.RequestCacheAwareFilter.doFilter(RequestCacheAwareFilter.java:63)
	at org.springframework.security.web.FilterChainProxy$VirtualFilterChain.doFilter(FilterChainProxy.java:374)
	at com.plasmit.diagnostics.payment.security.JwtAuthenticationFilter.doFilterInternal(JwtAuthenticationFilter.java:74)
	at org.springframework.web.filter.OncePerRequestFilter.doFilter(OncePerRequestFilter.java:116)
	at org.springframework.security.web.FilterChainProxy$VirtualFilterChain.doFilter(FilterChainProxy.java:374)
	at org.springframework.security.web.authentication.logout.LogoutFilter.doFilter(LogoutFilter.java:107)
	at org.springframework.security.web.authentication.logout.LogoutFilter.doFilter(LogoutFilter.java:93)
	at org.springframework.security.web.FilterChainProxy$VirtualFilterChain.doFilter(FilterChainProxy.java:374)
	at org.springframework.web.filter.CorsFilter.doFilterInternal(CorsFilter.java:91)
	at org.springframework.web.filter.OncePerRequestFilter.doFilter(OncePerRequestFilter.java:116)
	at org.springframework.security.web.FilterChainProxy$VirtualFilterChain.doFilter(FilterChainProxy.java:374)
	at org.springframework.security.web.header.HeaderWriterFilter.doHeadersAfter(HeaderWriterFilter.java:90)
	at org.springframework.security.web.header.HeaderWriterFilter.doFilterInternal(HeaderWriterFilter.java:75)
	at org.springframework.web.filter.OncePerRequestFilter.doFilter(OncePerRequestFilter.java:116)
	at org.springframework.security.web.FilterChainProxy$VirtualFilterChain.doFilter(FilterChainProxy.java:374)
	at org.springframework.security.web.context.SecurityContextHolderFilter.doFilter(SecurityContextHolderFilter.java:82)
	at org.springframework.security.web.context.SecurityContextHolderFilter.doFilter(SecurityContextHolderFilter.java:69)
	at org.springframework.security.web.FilterChainProxy$VirtualFilterChain.doFilter(FilterChainProxy.java:374)
	at org.springframework.security.web.context.request.async.WebAsyncManagerIntegrationFilter.doFilterInternal(WebAsyncManagerIntegrationFilter.java:62)
	at org.springframework.web.filter.OncePerRequestFilter.doFilter(OncePerRequestFilter.java:116)
	at org.springframework.security.web.FilterChainProxy$VirtualFilterChain.doFilter(FilterChainProxy.java:374)
	at org.springframework.security.web.session.DisableEncodeUrlFilter.doFilterInternal(DisableEncodeUrlFilter.java:42)
	at org.springframework.web.filter.OncePerRequestFilter.doFilter(OncePerRequestFilter.java:116)
	at org.springframework.security.web.FilterChainProxy$VirtualFilterChain.doFilter(FilterChainProxy.java:374)
	at org.springframework.security.web.FilterChainProxy.doFilterInternal(FilterChainProxy.java:233)
	at org.springframework.security.web.FilterChainProxy.doFilter(FilterChainProxy.java:191)
	at org.springframework.web.filter.CompositeFilter$VirtualFilterChain.doFilter(CompositeFilter.java:113)
	at org.springframework.web.servlet.handler.HandlerMappingIntrospector.lambda$createCacheFilter$3(HandlerMappingIntrospector.java:243)
	at org.springframework.web.filter.CompositeFilter$VirtualFilterChain.doFilter(CompositeFilter.java:113)
	at org.springframework.web.filter.CompositeFilter.doFilter(CompositeFilter.java:74)
	at org.springframework.security.config.annotation.web.configuration.WebMvcSecurityConfiguration$CompositeFilterChainProxy.doFilter(WebMvcSecurityConfiguration.java:238)
	at org.springframework.web.filter.DelegatingFilterProxy.invokeDelegate(DelegatingFilterProxy.java:362)
	at org.springframework.web.filter.DelegatingFilterProxy.doFilter(DelegatingFilterProxy.java:278)
	at org.apache.catalina.core.ApplicationFilterChain.internalDoFilter(ApplicationFilterChain.java:164)
	at org.apache.catalina.core.ApplicationFilterChain.doFilter(ApplicationFilterChain.java:140)
	at org.springframework.web.filter.RequestContextFilter.doFilterInternal(RequestContextFilter.java:100)
	at org.springframework.web.filter.OncePerRequestFilter.doFilter(OncePerRequestFilter.java:116)
	at org.apache.catalina.core.ApplicationFilterChain.internalDoFilter(ApplicationFilterChain.java:164)
	at org.apache.catalina.core.ApplicationFilterChain.doFilter(ApplicationFilterChain.java:140)
	at org.springframework.web.filter.FormContentFilter.doFilterInternal(FormContentFilter.java:93)
	at org.springframework.web.filter.OncePerRequestFilter.doFilter(OncePerRequestFilter.java:116)
	at org.apache.catalina.core.ApplicationFilterChain.internalDoFilter(ApplicationFilterChain.java:164)
	at org.apache.catalina.core.ApplicationFilterChain.doFilter(ApplicationFilterChain.java:140)
	at org.springframework.web.filter.CharacterEncodingFilter.doFilterInternal(CharacterEncodingFilter.java:201)
	at org.springframework.web.filter.OncePerRequestFilter.doFilter(OncePerRequestFilter.java:116)
	at org.apache.catalina.core.ApplicationFilterChain.internalDoFilter(ApplicationFilterChain.java:164)
	at org.apache.catalina.core.ApplicationFilterChain.doFilter(ApplicationFilterChain.java:140)
	at org.apache.catalina.core.StandardWrapperValve.invoke(StandardWrapperValve.java:167)
	at org.apache.catalina.core.StandardContextValve.invoke(StandardContextValve.java:90)
	at org.apache.catalina.authenticator.AuthenticatorBase.invoke(AuthenticatorBase.java:483)
	at org.apache.catalina.core.StandardHostValve.invoke(StandardHostValve.java:115)
	at org.apache.catalina.valves.ErrorReportValve.invoke(ErrorReportValve.java:93)
	at org.apache.catalina.core.StandardEngineValve.invoke(StandardEngineValve.java:74)
	at org.apache.catalina.connector.CoyoteAdapter.service(CoyoteAdapter.java:344)
	at org.apache.coyote.http11.Http11Processor.service(Http11Processor.java:397)
	at org.apache.coyote.AbstractProcessorLight.process(AbstractProcessorLight.java:63)
	at org.apache.coyote.AbstractProtocol$ConnectionHandler.process(AbstractProtocol.java:905)
	at org.apache.tomcat.util.net.NioEndpoint$SocketProcessor.doRun(NioEndpoint.java:1743)
	at org.apache.tomcat.util.net.SocketProcessorBase.run(SocketProcessorBase.java:52)
	at org.apache.tomcat.util.threads.ThreadPoolExecutor.runWorker(ThreadPoolExecutor.java:1190)
	at org.apache.tomcat.util.threads.ThreadPoolExecutor$Worker.run(ThreadPoolExecutor.java:659)
	at org.apache.tomcat.util.threads.TaskThread$WrappingRunnable.run(TaskThread.java:63)
	at java.base/java.lang.Thread.run(Thread.java:833)
2026-05-13 16:44:20 WARN  [http-nio-8095-exec-1] o.s.w.s.m.m.a.ExceptionHandlerExceptionResolver requestId=2f006c92-5dc6-40d2-94f2-17a42778d1c3 tenantId=1 hospitalId=1 branchId=br_main userId=1 - Resolved [org.springframework.web.HttpRequestMethodNotSupportedException: Request method 'POST' is not supported]
2026-05-13 16:45:00 WARN  [http-nio-8095-exec-5] c.p.d.p.c.e.GlobalExceptionHandler requestId=320ce35b-7f8b-40bc-bd6d-b3c626f91a57 tenantId=1 hospitalId=1 branchId=br_main userId=1 - Handled API exception. code=VALIDATION_ERROR message=One or more diagnostic services are invalid or tariff is missing.
2026-05-13 16:45:00 WARN  [http-nio-8095-exec-5] o.s.w.s.m.m.a.ExceptionHandlerExceptionResolver requestId=320ce35b-7f8b-40bc-bd6d-b3c626f91a57 tenantId=1 hospitalId=1 branchId=br_main userId=1 - Resolved [com.plasmit.diagnostics.payment.common.exception.ApiException: One or more diagnostic services are invalid or tariff is missing.]
2026-05-13 16:45:49 WARN  [http-nio-8095-exec-7] c.p.d.p.c.e.GlobalExceptionHandler requestId=90a993a8-fb96-46ad-aa85-a5118a981350 tenantId=1 hospitalId=1 branchId= userId=1 - Handled API exception. code=VALIDATION_ERROR message=X-Branch-Id header is required.
2026-05-13 16:45:49 WARN  [http-nio-8095-exec-7] o.s.w.s.m.m.a.ExceptionHandlerExceptionResolver requestId=90a993a8-fb96-46ad-aa85-a5118a981350 tenantId=1 hospitalId=1 branchId= userId=1 - Resolved [com.plasmit.diagnostics.payment.common.exception.ApiException: X-Branch-Id header is required.]
2026-05-13 16:46:01 WARN  [http-nio-8095-exec-9] c.p.d.p.c.e.GlobalExceptionHandler requestId=d2eb056b-fd82-48c8-b9b5-d41f8cde49cb tenantId=1 hospitalId=1 branchId=br_main userId=1 - Handled API exception. code=VALIDATION_ERROR message=One or more diagnostic services are invalid or tariff is missing.
2026-05-13 16:46:01 WARN  [http-nio-8095-exec-9] o.s.w.s.m.m.a.ExceptionHandlerExceptionResolver requestId=d2eb056b-fd82-48c8-b9b5-d41f8cde49cb tenantId=1 hospitalId=1 branchId=br_main userId=1 - Resolved [com.plasmit.diagnostics.payment.common.exception.ApiException: One or more diagnostic services are invalid or tariff is missing.]
2026-05-13 16:46:34 WARN  [http-nio-8095-exec-2] c.p.d.p.c.e.GlobalExceptionHandler requestId=74dc0b5f-4494-4e97-8b7e-20d2fb310c2c tenantId=1 hospitalId=1 branchId=br_main userId=1 - Handled API exception. code=VALIDATION_ERROR message=One or more diagnostic services are invalid or tariff is missing.
2026-05-13 16:46:34 WARN  [http-nio-8095-exec-2] o.s.w.s.m.m.a.ExceptionHandlerExceptionResolver requestId=74dc0b5f-4494-4e97-8b7e-20d2fb310c2c tenantId=1 hospitalId=1 branchId=br_main userId=1 - Resolved [com.plasmit.diagnostics.payment.common.exception.ApiException: One or more diagnostic services are invalid or tariff is missing.]
2026-05-13 16:51:14 WARN  [http-nio-8095-exec-1] c.p.d.p.c.e.GlobalExceptionHandler requestId=bbe0bf52-4198-4905-a939-1a49ebb589d3 tenantId=1 hospitalId=1 branchId=br_main userId=1 - Handled API exception. code=VALIDATION_ERROR message=One or more diagnostic services are invalid or tariff is missing.
2026-05-13 16:51:14 WARN  [http-nio-8095-exec-1] o.s.w.s.m.m.a.ExceptionHandlerExceptionResolver requestId=bbe0bf52-4198-4905-a939-1a49ebb589d3 tenantId=1 hospitalId=1 branchId=br_main userId=1 - Resolved [com.plasmit.diagnostics.payment.common.exception.ApiException: One or more diagnostic services are invalid or tariff is missing.]
2026-05-13 16:57:23 WARN  [http-nio-8095-exec-7] c.p.d.p.c.e.GlobalExceptionHandler requestId=4c741bef-02c3-4e1a-9da0-f89efecc1aa3 tenantId=1 hospitalId=1 branchId= userId=1 - Handled API exception. code=VALIDATION_ERROR message=X-Branch-Id header is required.
2026-05-13 16:57:23 WARN  [http-nio-8095-exec-7] o.s.w.s.m.m.a.ExceptionHandlerExceptionResolver requestId=4c741bef-02c3-4e1a-9da0-f89efecc1aa3 tenantId=1 hospitalId=1 branchId= userId=1 - Resolved [com.plasmit.diagnostics.payment.common.exception.ApiException: X-Branch-Id header is required.]
2026-05-13 16:57:45 INFO  [http-nio-8095-exec-10] c.p.d.p.b.s.BillingDiagnosticService requestId=cb7a8b64-2190-4fb7-8269-d5e67aed8af0 tenantId=1 hospitalId=1 branchId=br_main userId=1 - Creating diagnostic invoice. tenantId=1 hospitalId=1 branchId=br_main invoiceNo=DINV-1778671665584
2026-05-13 16:59:53 ERROR [http-nio-8095-exec-1] c.p.d.p.c.e.GlobalExceptionHandler requestId=95d213a8-c53f-4220-a268-6a2eca0228ae tenantId=1 hospitalId=1 branchId=br_main userId=1 - Unhandled exception occurred.
org.springframework.http.converter.HttpMessageNotReadableException: Required request body is missing: public com.plasmit.diagnostics.payment.common.response.ApiResponse<com.plasmit.diagnostics.payment.billingdiagnostics.dto.response.DiagnosticInvoiceResponse> com.plasmit.diagnostics.payment.billingdiagnostics.controller.BillingDiagnosticController.createInvoice(java.lang.String,com.plasmit.diagnostics.payment.billingdiagnostics.dto.request.DiagnosticInvoiceCreateRequest)
	at org.springframework.web.servlet.mvc.method.annotation.RequestResponseBodyMethodProcessor.readWithMessageConverters(RequestResponseBodyMethodProcessor.java:179)
	at org.springframework.web.servlet.mvc.method.annotation.RequestResponseBodyMethodProcessor.resolveArgument(RequestResponseBodyMethodProcessor.java:150)
	at org.springframework.web.method.support.HandlerMethodArgumentResolverComposite.resolveArgument(HandlerMethodArgumentResolverComposite.java:122)
	at org.springframework.web.method.support.InvocableHandlerMethod.getMethodArgumentValues(InvocableHandlerMethod.java:227)
	at org.springframework.web.method.support.InvocableHandlerMethod.invokeForRequest(InvocableHandlerMethod.java:181)
	at org.springframework.web.servlet.mvc.method.annotation.ServletInvocableHandlerMethod.invokeAndHandle(ServletInvocableHandlerMethod.java:118)
	at org.springframework.web.servlet.mvc.method.annotation.RequestMappingHandlerAdapter.invokeHandlerMethod(RequestMappingHandlerAdapter.java:986)
	at org.springframework.web.servlet.mvc.method.annotation.RequestMappingHandlerAdapter.handleInternal(RequestMappingHandlerAdapter.java:891)
	at org.springframework.web.servlet.mvc.method.AbstractHandlerMethodAdapter.handle(AbstractHandlerMethodAdapter.java:87)
	at org.springframework.web.servlet.DispatcherServlet.doDispatch(DispatcherServlet.java:1089)
	at org.springframework.web.servlet.DispatcherServlet.doService(DispatcherServlet.java:979)
	at org.springframework.web.servlet.FrameworkServlet.processRequest(FrameworkServlet.java:1014)
	at org.springframework.web.servlet.FrameworkServlet.doPost(FrameworkServlet.java:914)
	at jakarta.servlet.http.HttpServlet.service(HttpServlet.java:590)
	at org.springframework.web.servlet.FrameworkServlet.service(FrameworkServlet.java:885)
	at jakarta.servlet.http.HttpServlet.service(HttpServlet.java:658)
	at org.apache.catalina.core.ApplicationFilterChain.internalDoFilter(ApplicationFilterChain.java:195)
	at org.apache.catalina.core.ApplicationFilterChain.doFilter(ApplicationFilterChain.java:140)
	at org.apache.tomcat.websocket.server.WsFilter.doFilter(WsFilter.java:51)
	at org.apache.catalina.core.ApplicationFilterChain.internalDoFilter(ApplicationFilterChain.java:164)
	at org.apache.catalina.core.ApplicationFilterChain.doFilter(ApplicationFilterChain.java:140)
	at org.springframework.web.filter.OncePerRequestFilter.doFilter(OncePerRequestFilter.java:110)
	at org.apache.catalina.core.ApplicationFilterChain.internalDoFilter(ApplicationFilterChain.java:164)
	at org.apache.catalina.core.ApplicationFilterChain.doFilter(ApplicationFilterChain.java:140)
	at com.plasmit.diagnostics.payment.logging.RequestMdcFilter.doFilterInternal(RequestMdcFilter.java:42)
	at org.springframework.web.filter.OncePerRequestFilter.doFilter(OncePerRequestFilter.java:116)
	at org.apache.catalina.core.ApplicationFilterChain.internalDoFilter(ApplicationFilterChain.java:164)
	at org.apache.catalina.core.ApplicationFilterChain.doFilter(ApplicationFilterChain.java:140)
	at org.springframework.web.filter.CompositeFilter$VirtualFilterChain.doFilter(CompositeFilter.java:108)
	at org.springframework.security.web.FilterChainProxy.lambda$doFilterInternal$3(FilterChainProxy.java:231)
	at org.springframework.security.web.FilterChainProxy$VirtualFilterChain.doFilter(FilterChainProxy.java:365)
	at org.springframework.security.web.access.intercept.AuthorizationFilter.doFilter(AuthorizationFilter.java:101)
	at org.springframework.security.web.FilterChainProxy$VirtualFilterChain.doFilter(FilterChainProxy.java:374)
	at org.springframework.security.web.access.ExceptionTranslationFilter.doFilter(ExceptionTranslationFilter.java:126)
	at org.springframework.security.web.access.ExceptionTranslationFilter.doFilter(ExceptionTranslationFilter.java:120)
	at org.springframework.security.web.FilterChainProxy$VirtualFilterChain.doFilter(FilterChainProxy.java:374)
	at org.springframework.security.web.session.SessionManagementFilter.doFilter(SessionManagementFilter.java:131)
	at org.springframework.security.web.session.SessionManagementFilter.doFilter(SessionManagementFilter.java:85)
	at org.springframework.security.web.FilterChainProxy$VirtualFilterChain.doFilter(FilterChainProxy.java:374)
	at org.springframework.security.web.authentication.AnonymousAuthenticationFilter.doFilter(AnonymousAuthenticationFilter.java:100)
	at org.springframework.security.web.FilterChainProxy$VirtualFilterChain.doFilter(FilterChainProxy.java:374)
	at org.springframework.security.web.servletapi.SecurityContextHolderAwareRequestFilter.doFilter(SecurityContextHolderAwareRequestFilter.java:179)
	at org.springframework.security.web.FilterChainProxy$VirtualFilterChain.doFilter(FilterChainProxy.java:374)
	at org.springframework.security.web.savedrequest.RequestCacheAwareFilter.doFilter(RequestCacheAwareFilter.java:63)
	at org.springframework.security.web.FilterChainProxy$VirtualFilterChain.doFilter(FilterChainProxy.java:374)
	at com.plasmit.diagnostics.payment.security.JwtAuthenticationFilter.doFilterInternal(JwtAuthenticationFilter.java:74)
	at org.springframework.web.filter.OncePerRequestFilter.doFilter(OncePerRequestFilter.java:116)
	at org.springframework.security.web.FilterChainProxy$VirtualFilterChain.doFilter(FilterChainProxy.java:374)
	at org.springframework.security.web.authentication.logout.LogoutFilter.doFilter(LogoutFilter.java:107)
	at org.springframework.security.web.authentication.logout.LogoutFilter.doFilter(LogoutFilter.java:93)
	at org.springframework.security.web.FilterChainProxy$VirtualFilterChain.doFilter(FilterChainProxy.java:374)
	at org.springframework.web.filter.CorsFilter.doFilterInternal(CorsFilter.java:91)
	at org.springframework.web.filter.OncePerRequestFilter.doFilter(OncePerRequestFilter.java:116)
	at org.springframework.security.web.FilterChainProxy$VirtualFilterChain.doFilter(FilterChainProxy.java:374)
	at org.springframework.security.web.header.HeaderWriterFilter.doHeadersAfter(HeaderWriterFilter.java:90)
	at org.springframework.security.web.header.HeaderWriterFilter.doFilterInternal(HeaderWriterFilter.java:75)
	at org.springframework.web.filter.OncePerRequestFilter.doFilter(OncePerRequestFilter.java:116)
	at org.springframework.security.web.FilterChainProxy$VirtualFilterChain.doFilter(FilterChainProxy.java:374)
	at org.springframework.security.web.context.SecurityContextHolderFilter.doFilter(SecurityContextHolderFilter.java:82)
	at org.springframework.security.web.context.SecurityContextHolderFilter.doFilter(SecurityContextHolderFilter.java:69)
	at org.springframework.security.web.FilterChainProxy$VirtualFilterChain.doFilter(FilterChainProxy.java:374)
	at org.springframework.security.web.context.request.async.WebAsyncManagerIntegrationFilter.doFilterInternal(WebAsyncManagerIntegrationFilter.java:62)
	at org.springframework.web.filter.OncePerRequestFilter.doFilter(OncePerRequestFilter.java:116)
	at org.springframework.security.web.FilterChainProxy$VirtualFilterChain.doFilter(FilterChainProxy.java:374)
	at org.springframework.security.web.session.DisableEncodeUrlFilter.doFilterInternal(DisableEncodeUrlFilter.java:42)
	at org.springframework.web.filter.OncePerRequestFilter.doFilter(OncePerRequestFilter.java:116)
	at org.springframework.security.web.FilterChainProxy$VirtualFilterChain.doFilter(FilterChainProxy.java:374)
	at org.springframework.security.web.FilterChainProxy.doFilterInternal(FilterChainProxy.java:233)
	at org.springframework.security.web.FilterChainProxy.doFilter(FilterChainProxy.java:191)
	at org.springframework.web.filter.CompositeFilter$VirtualFilterChain.doFilter(CompositeFilter.java:113)
	at org.springframework.web.servlet.handler.HandlerMappingIntrospector.lambda$createCacheFilter$3(HandlerMappingIntrospector.java:243)
	at org.springframework.web.filter.CompositeFilter$VirtualFilterChain.doFilter(CompositeFilter.java:113)
	at org.springframework.web.filter.CompositeFilter.doFilter(CompositeFilter.java:74)
	at org.springframework.security.config.annotation.web.configuration.WebMvcSecurityConfiguration$CompositeFilterChainProxy.doFilter(WebMvcSecurityConfiguration.java:238)
	at org.springframework.web.filter.DelegatingFilterProxy.invokeDelegate(DelegatingFilterProxy.java:362)
	at org.springframework.web.filter.DelegatingFilterProxy.doFilter(DelegatingFilterProxy.java:278)
	at org.apache.catalina.core.ApplicationFilterChain.internalDoFilter(ApplicationFilterChain.java:164)
	at org.apache.catalina.core.ApplicationFilterChain.doFilter(ApplicationFilterChain.java:140)
	at org.springframework.web.filter.RequestContextFilter.doFilterInternal(RequestContextFilter.java:100)
	at org.springframework.web.filter.OncePerRequestFilter.doFilter(OncePerRequestFilter.java:116)
	at org.apache.catalina.core.ApplicationFilterChain.internalDoFilter(ApplicationFilterChain.java:164)
	at org.apache.catalina.core.ApplicationFilterChain.doFilter(ApplicationFilterChain.java:140)
	at org.springframework.web.filter.FormContentFilter.doFilterInternal(FormContentFilter.java:93)
	at org.springframework.web.filter.OncePerRequestFilter.doFilter(OncePerRequestFilter.java:116)
	at org.apache.catalina.core.ApplicationFilterChain.internalDoFilter(ApplicationFilterChain.java:164)
	at org.apache.catalina.core.ApplicationFilterChain.doFilter(ApplicationFilterChain.java:140)
	at org.springframework.web.filter.CharacterEncodingFilter.doFilterInternal(CharacterEncodingFilter.java:201)
	at org.springframework.web.filter.OncePerRequestFilter.doFilter(OncePerRequestFilter.java:116)
	at org.apache.catalina.core.ApplicationFilterChain.internalDoFilter(ApplicationFilterChain.java:164)
	at org.apache.catalina.core.ApplicationFilterChain.doFilter(ApplicationFilterChain.java:140)
	at org.apache.catalina.core.StandardWrapperValve.invoke(StandardWrapperValve.java:167)
	at org.apache.catalina.core.StandardContextValve.invoke(StandardContextValve.java:90)
	at org.apache.catalina.authenticator.AuthenticatorBase.invoke(AuthenticatorBase.java:483)
	at org.apache.catalina.core.StandardHostValve.invoke(StandardHostValve.java:115)
	at org.apache.catalina.valves.ErrorReportValve.invoke(ErrorReportValve.java:93)
	at org.apache.catalina.core.StandardEngineValve.invoke(StandardEngineValve.java:74)
	at org.apache.catalina.connector.CoyoteAdapter.service(CoyoteAdapter.java:344)
	at org.apache.coyote.http11.Http11Processor.service(Http11Processor.java:397)
	at org.apache.coyote.AbstractProcessorLight.process(AbstractProcessorLight.java:63)
	at org.apache.coyote.AbstractProtocol$ConnectionHandler.process(AbstractProtocol.java:905)
	at org.apache.tomcat.util.net.NioEndpoint$SocketProcessor.doRun(NioEndpoint.java:1743)
	at org.apache.tomcat.util.net.SocketProcessorBase.run(SocketProcessorBase.java:52)
	at org.apache.tomcat.util.threads.ThreadPoolExecutor.runWorker(ThreadPoolExecutor.java:1190)
	at org.apache.tomcat.util.threads.ThreadPoolExecutor$Worker.run(ThreadPoolExecutor.java:659)
	at org.apache.tomcat.util.threads.TaskThread$WrappingRunnable.run(TaskThread.java:63)
	at java.base/java.lang.Thread.run(Thread.java:833)
2026-05-13 16:59:53 WARN  [http-nio-8095-exec-1] o.s.w.s.m.m.a.ExceptionHandlerExceptionResolver requestId=95d213a8-c53f-4220-a268-6a2eca0228ae tenantId=1 hospitalId=1 branchId=br_main userId=1 - Resolved [org.springframework.http.converter.HttpMessageNotReadableException: Required request body is missing: public com.plasmit.diagnostics.payment.common.response.ApiResponse<com.plasmit.diagnostics.payment.billingdiagnostics.dto.response.DiagnosticInvoiceResponse> com.plasmit.diagnostics.payment.billingdiagnostics.controller.BillingDiagnosticController.createInvoice(java.lang.String,com.plasmit.diagnostics.payment.billingdiagnostics.dto.request.DiagnosticInvoiceCreateRequest)]
2026-05-13 17:00:43 INFO  [http-nio-8095-exec-5] c.p.d.p.b.s.BillingDiagnosticService requestId=f3b41b53-2ca3-4060-9b24-3371454eccf4 tenantId=1 hospitalId=1 branchId=br_main userId=1 - Creating diagnostic invoice. tenantId=1 hospitalId=1 branchId=br_main invoiceNo=DINV-1778671843364
2026-05-13 17:03:47 WARN  [http-nio-8095-exec-7] c.p.d.p.c.e.GlobalExceptionHandler requestId=9f569d59-c7c0-4dbf-bb17-f95f1ac0ee5a tenantId=1 hospitalId=1 branchId= userId=1 - Handled API exception. code=VALIDATION_ERROR message=X-Branch-Id header is required.
2026-05-13 17:03:47 WARN  [http-nio-8095-exec-7] o.s.w.s.m.m.a.ExceptionHandlerExceptionResolver requestId=9f569d59-c7c0-4dbf-bb17-f95f1ac0ee5a tenantId=1 hospitalId=1 branchId= userId=1 - Resolved [com.plasmit.diagnostics.payment.common.exception.ApiException: X-Branch-Id header is required.]
2026-05-13 17:04:53 INFO  [http-nio-8095-exec-10] c.p.d.p.b.s.BillingDiagnosticService requestId=acdac46d-9890-4244-b93c-4e8159bdffc8 tenantId=1 hospitalId=1 branchId=br_main userId=1 - Creating diagnostic invoice. tenantId=1 hospitalId=1 branchId=br_main invoiceNo=DINV-1778672093504
2026-05-13 17:28:03 INFO  [File Watcher] o.s.b.d.a.LocalDevToolsAutoConfiguration$RestartingClassPathChangeChangedEventListener requestId= tenantId= hospitalId= branchId= userId= - Restarting due to 1 class path change (1 addition, 0 deletions, 0 modifications)
2026-05-13 17:28:03 INFO  [Thread-1] o.s.b.w.e.tomcat.GracefulShutdown requestId= tenantId= hospitalId= branchId= userId= - Commencing graceful shutdown. Waiting for active requests to complete
2026-05-13 17:28:04 INFO  [tomcat-shutdown] o.s.b.w.e.tomcat.GracefulShutdown requestId= tenantId= hospitalId= branchId= userId= - Graceful shutdown complete
2026-05-13 17:28:05 INFO  [Thread-1] com.zaxxer.hikari.HikariDataSource requestId= tenantId= hospitalId= branchId= userId= - HikariPool-1 - Shutdown initiated...
2026-05-13 17:28:05 INFO  [Thread-1] com.zaxxer.hikari.HikariDataSource requestId= tenantId= hospitalId= branchId= userId= - HikariPool-1 - Shutdown completed.
2026-05-13 17:28:06 INFO  [restartedMain] c.p.d.p.DiagnosticsPaymentServiceApplication requestId= tenantId= hospitalId= branchId= userId= - Starting DiagnosticsPaymentServiceApplication using Java 17.0.8 with PID 12244 (C:\Users\ms\OneDrive\Desktop\diagnostics-payment-service\target\classes started by ms in C:\Users\ms\OneDrive\Desktop\diagnostics-payment-service)
2026-05-13 17:28:06 DEBUG [restartedMain] c.p.d.p.DiagnosticsPaymentServiceApplication requestId= tenantId= hospitalId= branchId= userId= - Running with Spring Boot v3.4.4, Spring v6.2.5
2026-05-13 17:28:06 INFO  [restartedMain] c.p.d.p.DiagnosticsPaymentServiceApplication requestId= tenantId= hospitalId= branchId= userId= - No active profile set, falling back to 1 default profile: "default"
2026-05-13 17:28:10 INFO  [restartedMain] o.s.b.w.e.tomcat.TomcatWebServer requestId= tenantId= hospitalId= branchId= userId= - Tomcat initialized with port 8095 (http)
2026-05-13 17:28:10 INFO  [restartedMain] o.a.catalina.core.StandardService requestId= tenantId= hospitalId= branchId= userId= - Starting service [Tomcat]
2026-05-13 17:28:10 INFO  [restartedMain] o.a.catalina.core.StandardEngine requestId= tenantId= hospitalId= branchId= userId= - Starting Servlet engine: [Apache Tomcat/10.1.39]
2026-05-13 17:28:10 INFO  [restartedMain] o.a.c.c.C.[Tomcat].[localhost].[/] requestId= tenantId= hospitalId= branchId= userId= - Initializing Spring embedded WebApplicationContext
2026-05-13 17:28:10 INFO  [restartedMain] o.s.b.w.s.c.ServletWebServerApplicationContext requestId= tenantId= hospitalId= branchId= userId= - Root WebApplicationContext: initialization completed in 3855 ms
2026-05-13 17:28:10 DEBUG [restartedMain] c.p.d.p.s.JwtAuthenticationFilter requestId= tenantId= hospitalId= branchId= userId= - Filter 'jwtAuthenticationFilter' configured for use
2026-05-13 17:28:10 DEBUG [restartedMain] c.p.d.p.logging.RequestMdcFilter requestId= tenantId= hospitalId= branchId= userId= - Filter 'requestMdcFilter' configured for use
2026-05-13 17:28:10 WARN  [restartedMain] o.s.b.a.s.s.UserDetailsServiceAutoConfiguration requestId= tenantId= hospitalId= branchId= userId= - 

Using generated security password: 7506b5d4-7f73-4f0b-89b2-b4757ce04557

This generated password is for development use only. Your security configuration must be updated before running your application in production.

2026-05-13 17:28:10 INFO  [restartedMain] o.s.s.c.a.a.c.InitializeUserDetailsBeanManagerConfigurer$InitializeUserDetailsManagerConfigurer requestId= tenantId= hospitalId= branchId= userId= - Global AuthenticationManager configured with UserDetailsService bean with name inMemoryUserDetailsManager
2026-05-13 17:28:11 WARN  [restartedMain] o.s.b.d.a.OptionalLiveReloadServer requestId= tenantId= hospitalId= branchId= userId= - Unable to start LiveReload server
2026-05-13 17:28:11 INFO  [restartedMain] o.s.b.w.e.tomcat.TomcatWebServer requestId= tenantId= hospitalId= branchId= userId= - Tomcat started on port 8095 (http) with context path '/'
2026-05-13 17:28:11 INFO  [restartedMain] c.p.d.p.DiagnosticsPaymentServiceApplication requestId= tenantId= hospitalId= branchId= userId= - Started DiagnosticsPaymentServiceApplication in 5.145 seconds (process running for 3079.528)
2026-05-13 17:28:11 INFO  [restartedMain] o.s.b.d.a.ConditionEvaluationDeltaLoggingListener requestId= tenantId= hospitalId= branchId= userId= - Condition evaluation unchanged
2026-05-13 17:29:19 INFO  [File Watcher] o.s.b.d.a.LocalDevToolsAutoConfiguration$RestartingClassPathChangeChangedEventListener requestId= tenantId= hospitalId= branchId= userId= - Restarting due to 1 class path change (0 additions, 1 deletion, 0 modifications)
2026-05-13 17:29:19 INFO  [Thread-5] o.s.b.w.e.tomcat.GracefulShutdown requestId= tenantId= hospitalId= branchId= userId= - Commencing graceful shutdown. Waiting for active requests to complete
2026-05-13 17:29:19 INFO  [tomcat-shutdown] o.s.b.w.e.tomcat.GracefulShutdown requestId= tenantId= hospitalId= branchId= userId= - Graceful shutdown complete
2026-05-13 17:29:19 INFO  [restartedMain] c.p.d.p.DiagnosticsPaymentServiceApplication requestId= tenantId= hospitalId= branchId= userId= - Starting DiagnosticsPaymentServiceApplication using Java 17.0.8 with PID 12244 (C:\Users\ms\OneDrive\Desktop\diagnostics-payment-service\target\classes started by ms in C:\Users\ms\OneDrive\Desktop\diagnostics-payment-service)
2026-05-13 17:29:19 DEBUG [restartedMain] c.p.d.p.DiagnosticsPaymentServiceApplication requestId= tenantId= hospitalId= branchId= userId= - Running with Spring Boot v3.4.4, Spring v6.2.5
2026-05-13 17:29:19 INFO  [restartedMain] c.p.d.p.DiagnosticsPaymentServiceApplication requestId= tenantId= hospitalId= branchId= userId= - No active profile set, falling back to 1 default profile: "default"
2026-05-13 17:29:21 INFO  [restartedMain] o.s.b.w.e.tomcat.TomcatWebServer requestId= tenantId= hospitalId= branchId= userId= - Tomcat initialized with port 8095 (http)
2026-05-13 17:29:21 INFO  [restartedMain] o.a.catalina.core.StandardService requestId= tenantId= hospitalId= branchId= userId= - Starting service [Tomcat]
2026-05-13 17:29:21 INFO  [restartedMain] o.a.catalina.core.StandardEngine requestId= tenantId= hospitalId= branchId= userId= - Starting Servlet engine: [Apache Tomcat/10.1.39]
2026-05-13 17:29:21 INFO  [restartedMain] o.a.c.c.C.[Tomcat].[localhost].[/] requestId= tenantId= hospitalId= branchId= userId= - Initializing Spring embedded WebApplicationContext
2026-05-13 17:29:21 INFO  [restartedMain] o.s.b.w.s.c.ServletWebServerApplicationContext requestId= tenantId= hospitalId= branchId= userId= - Root WebApplicationContext: initialization completed in 1265 ms
2026-05-13 17:29:21 DEBUG [restartedMain] c.p.d.p.s.JwtAuthenticationFilter requestId= tenantId= hospitalId= branchId= userId= - Filter 'jwtAuthenticationFilter' configured for use
2026-05-13 17:29:21 DEBUG [restartedMain] c.p.d.p.logging.RequestMdcFilter requestId= tenantId= hospitalId= branchId= userId= - Filter 'requestMdcFilter' configured for use
2026-05-13 17:29:21 WARN  [restartedMain] o.s.b.a.s.s.UserDetailsServiceAutoConfiguration requestId= tenantId= hospitalId= branchId= userId= - 

Using generated security password: 47c56342-291d-4902-888a-0f6fbafc2e55

This generated password is for development use only. Your security configuration must be updated before running your application in production.

2026-05-13 17:29:21 INFO  [restartedMain] o.s.s.c.a.a.c.InitializeUserDetailsBeanManagerConfigurer$InitializeUserDetailsManagerConfigurer requestId= tenantId= hospitalId= branchId= userId= - Global AuthenticationManager configured with UserDetailsService bean with name inMemoryUserDetailsManager
2026-05-13 17:29:22 WARN  [restartedMain] o.s.b.d.a.OptionalLiveReloadServer requestId= tenantId= hospitalId= branchId= userId= - Unable to start LiveReload server
2026-05-13 17:29:22 INFO  [restartedMain] o.s.b.w.e.tomcat.TomcatWebServer requestId= tenantId= hospitalId= branchId= userId= - Tomcat started on port 8095 (http) with context path '/'
2026-05-13 17:29:22 INFO  [restartedMain] c.p.d.p.DiagnosticsPaymentServiceApplication requestId= tenantId= hospitalId= branchId= userId= - Started DiagnosticsPaymentServiceApplication in 2.27 seconds (process running for 3150.196)
2026-05-13 17:29:22 INFO  [restartedMain] o.s.b.d.a.ConditionEvaluationDeltaLoggingListener requestId= tenantId= hospitalId= branchId= userId= - Condition evaluation unchanged
2026-05-13 17:30:05 INFO  [File Watcher] o.s.b.d.a.LocalDevToolsAutoConfiguration$RestartingClassPathChangeChangedEventListener requestId= tenantId= hospitalId= branchId= userId= - Restarting due to 1 class path change (1 addition, 0 deletions, 0 modifications)
2026-05-13 17:30:05 INFO  [Thread-9] o.s.b.w.e.tomcat.GracefulShutdown requestId= tenantId= hospitalId= branchId= userId= - Commencing graceful shutdown. Waiting for active requests to complete
2026-05-13 17:30:05 INFO  [tomcat-shutdown] o.s.b.w.e.tomcat.GracefulShutdown requestId= tenantId= hospitalId= branchId= userId= - Graceful shutdown complete
2026-05-13 17:30:05 INFO  [restartedMain] c.p.d.p.DiagnosticsPaymentServiceApplication requestId= tenantId= hospitalId= branchId= userId= - Starting DiagnosticsPaymentServiceApplication using Java 17.0.8 with PID 12244 (C:\Users\ms\OneDrive\Desktop\diagnostics-payment-service\target\classes started by ms in C:\Users\ms\OneDrive\Desktop\diagnostics-payment-service)
2026-05-13 17:30:05 DEBUG [restartedMain] c.p.d.p.DiagnosticsPaymentServiceApplication requestId= tenantId= hospitalId= branchId= userId= - Running with Spring Boot v3.4.4, Spring v6.2.5
2026-05-13 17:30:05 INFO  [restartedMain] c.p.d.p.DiagnosticsPaymentServiceApplication requestId= tenantId= hospitalId= branchId= userId= - No active profile set, falling back to 1 default profile: "default"
2026-05-13 17:30:07 INFO  [restartedMain] o.s.b.w.e.tomcat.TomcatWebServer requestId= tenantId= hospitalId= branchId= userId= - Tomcat initialized with port 8095 (http)
2026-05-13 17:30:07 INFO  [restartedMain] o.a.catalina.core.StandardService requestId= tenantId= hospitalId= branchId= userId= - Starting service [Tomcat]
2026-05-13 17:30:07 INFO  [restartedMain] o.a.catalina.core.StandardEngine requestId= tenantId= hospitalId= branchId= userId= - Starting Servlet engine: [Apache Tomcat/10.1.39]
2026-05-13 17:30:07 INFO  [restartedMain] o.a.c.c.C.[Tomcat].[localhost].[/] requestId= tenantId= hospitalId= branchId= userId= - Initializing Spring embedded WebApplicationContext
2026-05-13 17:30:07 INFO  [restartedMain] o.s.b.w.s.c.ServletWebServerApplicationContext requestId= tenantId= hospitalId= branchId= userId= - Root WebApplicationContext: initialization completed in 1665 ms
2026-05-13 17:30:07 DEBUG [restartedMain] c.p.d.p.s.JwtAuthenticationFilter requestId= tenantId= hospitalId= branchId= userId= - Filter 'jwtAuthenticationFilter' configured for use
2026-05-13 17:30:07 DEBUG [restartedMain] c.p.d.p.logging.RequestMdcFilter requestId= tenantId= hospitalId= branchId= userId= - Filter 'requestMdcFilter' configured for use
2026-05-13 17:30:10 WARN  [restartedMain] o.s.b.a.s.s.UserDetailsServiceAutoConfiguration requestId= tenantId= hospitalId= branchId= userId= - 

Using generated security password: 20d234f8-61ae-49e9-9901-a0cc922edaa6

This generated password is for development use only. Your security configuration must be updated before running your application in production.

2026-05-13 17:30:10 INFO  [restartedMain] o.s.s.c.a.a.c.InitializeUserDetailsBeanManagerConfigurer$InitializeUserDetailsManagerConfigurer requestId= tenantId= hospitalId= branchId= userId= - Global AuthenticationManager configured with UserDetailsService bean with name inMemoryUserDetailsManager
2026-05-13 17:30:11 WARN  [restartedMain] o.s.b.d.a.OptionalLiveReloadServer requestId= tenantId= hospitalId= branchId= userId= - Unable to start LiveReload server
2026-05-13 17:30:11 INFO  [restartedMain] o.s.b.w.e.tomcat.TomcatWebServer requestId= tenantId= hospitalId= branchId= userId= - Tomcat started on port 8095 (http) with context path '/'
2026-05-13 17:30:11 INFO  [restartedMain] c.p.d.p.DiagnosticsPaymentServiceApplication requestId= tenantId= hospitalId= branchId= userId= - Started DiagnosticsPaymentServiceApplication in 5.671 seconds (process running for 3199.559)
2026-05-13 17:30:11 INFO  [restartedMain] o.s.b.d.a.ConditionEvaluationDeltaLoggingListener requestId= tenantId= hospitalId= branchId= userId= - Condition evaluation unchanged
2026-05-13 17:30:36 INFO  [File Watcher] o.s.b.d.a.LocalDevToolsAutoConfiguration$RestartingClassPathChangeChangedEventListener requestId= tenantId= hospitalId= branchId= userId= - Restarting due to 1 class path change (1 addition, 0 deletions, 0 modifications)
2026-05-13 17:30:36 INFO  [Thread-13] o.s.b.w.e.tomcat.GracefulShutdown requestId= tenantId= hospitalId= branchId= userId= - Commencing graceful shutdown. Waiting for active requests to complete
2026-05-13 17:30:36 INFO  [tomcat-shutdown] o.s.b.w.e.tomcat.GracefulShutdown requestId= tenantId= hospitalId= branchId= userId= - Graceful shutdown complete
2026-05-13 17:30:36 INFO  [restartedMain] c.p.d.p.DiagnosticsPaymentServiceApplication requestId= tenantId= hospitalId= branchId= userId= - Starting DiagnosticsPaymentServiceApplication using Java 17.0.8 with PID 12244 (C:\Users\ms\OneDrive\Desktop\diagnostics-payment-service\target\classes started by ms in C:\Users\ms\OneDrive\Desktop\diagnostics-payment-service)
2026-05-13 17:30:36 DEBUG [restartedMain] c.p.d.p.DiagnosticsPaymentServiceApplication requestId= tenantId= hospitalId= branchId= userId= - Running with Spring Boot v3.4.4, Spring v6.2.5
2026-05-13 17:30:36 INFO  [restartedMain] c.p.d.p.DiagnosticsPaymentServiceApplication requestId= tenantId= hospitalId= branchId= userId= - No active profile set, falling back to 1 default profile: "default"
2026-05-13 17:30:39 INFO  [restartedMain] o.s.b.w.e.tomcat.TomcatWebServer requestId= tenantId= hospitalId= branchId= userId= - Tomcat initialized with port 8095 (http)
2026-05-13 17:30:39 INFO  [restartedMain] o.a.catalina.core.StandardService requestId= tenantId= hospitalId= branchId= userId= - Starting service [Tomcat]
2026-05-13 17:30:39 INFO  [restartedMain] o.a.catalina.core.StandardEngine requestId= tenantId= hospitalId= branchId= userId= - Starting Servlet engine: [Apache Tomcat/10.1.39]
2026-05-13 17:30:39 INFO  [restartedMain] o.a.c.c.C.[Tomcat].[localhost].[/] requestId= tenantId= hospitalId= branchId= userId= - Initializing Spring embedded WebApplicationContext
2026-05-13 17:30:39 INFO  [restartedMain] o.s.b.w.s.c.ServletWebServerApplicationContext requestId= tenantId= hospitalId= branchId= userId= - Root WebApplicationContext: initialization completed in 2571 ms
2026-05-13 17:30:39 DEBUG [restartedMain] c.p.d.p.s.JwtAuthenticationFilter requestId= tenantId= hospitalId= branchId= userId= - Filter 'jwtAuthenticationFilter' configured for use
2026-05-13 17:30:39 DEBUG [restartedMain] c.p.d.p.logging.RequestMdcFilter requestId= tenantId= hospitalId= branchId= userId= - Filter 'requestMdcFilter' configured for use
2026-05-13 17:30:39 WARN  [restartedMain] o.s.b.a.s.s.UserDetailsServiceAutoConfiguration requestId= tenantId= hospitalId= branchId= userId= - 

Using generated security password: 10526a11-2bb5-42ff-aba3-a0939ce8d6d2

This generated password is for development use only. Your security configuration must be updated before running your application in production.

2026-05-13 17:30:39 INFO  [restartedMain] o.s.s.c.a.a.c.InitializeUserDetailsBeanManagerConfigurer$InitializeUserDetailsManagerConfigurer requestId= tenantId= hospitalId= branchId= userId= - Global AuthenticationManager configured with UserDetailsService bean with name inMemoryUserDetailsManager
2026-05-13 17:30:40 WARN  [restartedMain] o.s.b.d.a.OptionalLiveReloadServer requestId= tenantId= hospitalId= branchId= userId= - Unable to start LiveReload server
2026-05-13 17:30:40 INFO  [restartedMain] o.s.b.w.e.tomcat.TomcatWebServer requestId= tenantId= hospitalId= branchId= userId= - Tomcat started on port 8095 (http) with context path '/'
2026-05-13 17:30:40 INFO  [restartedMain] c.p.d.p.DiagnosticsPaymentServiceApplication requestId= tenantId= hospitalId= branchId= userId= - Started DiagnosticsPaymentServiceApplication in 3.665 seconds (process running for 3228.367)
2026-05-13 17:30:40 INFO  [restartedMain] o.s.b.d.a.ConditionEvaluationDeltaLoggingListener requestId= tenantId= hospitalId= branchId= userId= - Condition evaluation unchanged
2026-05-13 17:31:14 INFO  [File Watcher] o.s.b.d.a.LocalDevToolsAutoConfiguration$RestartingClassPathChangeChangedEventListener requestId= tenantId= hospitalId= branchId= userId= - Restarting due to 1 class path change (0 additions, 0 deletions, 1 modification)
2026-05-13 17:31:14 INFO  [Thread-17] o.s.b.w.e.tomcat.GracefulShutdown requestId= tenantId= hospitalId= branchId= userId= - Commencing graceful shutdown. Waiting for active requests to complete
2026-05-13 17:31:14 INFO  [tomcat-shutdown] o.s.b.w.e.tomcat.GracefulShutdown requestId= tenantId= hospitalId= branchId= userId= - Graceful shutdown complete
2026-05-13 17:31:14 INFO  [restartedMain] c.p.d.p.DiagnosticsPaymentServiceApplication requestId= tenantId= hospitalId= branchId= userId= - Starting DiagnosticsPaymentServiceApplication using Java 17.0.8 with PID 12244 (C:\Users\ms\OneDrive\Desktop\diagnostics-payment-service\target\classes started by ms in C:\Users\ms\OneDrive\Desktop\diagnostics-payment-service)
2026-05-13 17:31:14 DEBUG [restartedMain] c.p.d.p.DiagnosticsPaymentServiceApplication requestId= tenantId= hospitalId= branchId= userId= - Running with Spring Boot v3.4.4, Spring v6.2.5
2026-05-13 17:31:14 INFO  [restartedMain] c.p.d.p.DiagnosticsPaymentServiceApplication requestId= tenantId= hospitalId= branchId= userId= - No active profile set, falling back to 1 default profile: "default"
2026-05-13 17:31:15 INFO  [restartedMain] o.s.b.w.e.tomcat.TomcatWebServer requestId= tenantId= hospitalId= branchId= userId= - Tomcat initialized with port 8095 (http)
2026-05-13 17:31:15 INFO  [restartedMain] o.a.catalina.core.StandardService requestId= tenantId= hospitalId= branchId= userId= - Starting service [Tomcat]
2026-05-13 17:31:15 INFO  [restartedMain] o.a.catalina.core.StandardEngine requestId= tenantId= hospitalId= branchId= userId= - Starting Servlet engine: [Apache Tomcat/10.1.39]
2026-05-13 17:31:15 INFO  [restartedMain] o.a.c.c.C.[Tomcat].[localhost].[/] requestId= tenantId= hospitalId= branchId= userId= - Initializing Spring embedded WebApplicationContext
2026-05-13 17:31:15 INFO  [restartedMain] o.s.b.w.s.c.ServletWebServerApplicationContext requestId= tenantId= hospitalId= branchId= userId= - Root WebApplicationContext: initialization completed in 582 ms
2026-05-13 17:31:15 DEBUG [restartedMain] c.p.d.p.s.JwtAuthenticationFilter requestId= tenantId= hospitalId= branchId= userId= - Filter 'jwtAuthenticationFilter' configured for use
2026-05-13 17:31:15 DEBUG [restartedMain] c.p.d.p.logging.RequestMdcFilter requestId= tenantId= hospitalId= branchId= userId= - Filter 'requestMdcFilter' configured for use
2026-05-13 17:31:15 WARN  [restartedMain] o.s.b.a.s.s.UserDetailsServiceAutoConfiguration requestId= tenantId= hospitalId= branchId= userId= - 

Using generated security password: 8e4d22cc-04ee-4160-9435-6cc1a377857f

This generated password is for development use only. Your security configuration must be updated before running your application in production.

2026-05-13 17:31:15 INFO  [restartedMain] o.s.s.c.a.a.c.InitializeUserDetailsBeanManagerConfigurer$InitializeUserDetailsManagerConfigurer requestId= tenantId= hospitalId= branchId= userId= - Global AuthenticationManager configured with UserDetailsService bean with name inMemoryUserDetailsManager
2026-05-13 17:31:15 WARN  [restartedMain] o.s.b.d.a.OptionalLiveReloadServer requestId= tenantId= hospitalId= branchId= userId= - Unable to start LiveReload server
2026-05-13 17:31:15 INFO  [restartedMain] o.s.b.w.e.tomcat.TomcatWebServer requestId= tenantId= hospitalId= branchId= userId= - Tomcat started on port 8095 (http) with context path '/'
2026-05-13 17:31:15 INFO  [restartedMain] c.p.d.p.DiagnosticsPaymentServiceApplication requestId= tenantId= hospitalId= branchId= userId= - Started DiagnosticsPaymentServiceApplication in 1.133 seconds (process running for 3263.76)
2026-05-13 17:31:15 INFO  [restartedMain] o.s.b.d.a.ConditionEvaluationDeltaLoggingListener requestId= tenantId= hospitalId= branchId= userId= - Condition evaluation unchanged
2026-05-13 17:31:42 INFO  [File Watcher] o.s.b.d.a.LocalDevToolsAutoConfiguration$RestartingClassPathChangeChangedEventListener requestId= tenantId= hospitalId= branchId= userId= - Restarting due to 1 class path change (1 addition, 0 deletions, 0 modifications)
2026-05-13 17:31:42 INFO  [Thread-21] o.s.b.w.e.tomcat.GracefulShutdown requestId= tenantId= hospitalId= branchId= userId= - Commencing graceful shutdown. Waiting for active requests to complete
2026-05-13 17:31:42 INFO  [tomcat-shutdown] o.s.b.w.e.tomcat.GracefulShutdown requestId= tenantId= hospitalId= branchId= userId= - Graceful shutdown complete
2026-05-13 17:31:43 INFO  [restartedMain] c.p.d.p.DiagnosticsPaymentServiceApplication requestId= tenantId= hospitalId= branchId= userId= - Starting DiagnosticsPaymentServiceApplication using Java 17.0.8 with PID 12244 (C:\Users\ms\OneDrive\Desktop\diagnostics-payment-service\target\classes started by ms in C:\Users\ms\OneDrive\Desktop\diagnostics-payment-service)
2026-05-13 17:31:43 DEBUG [restartedMain] c.p.d.p.DiagnosticsPaymentServiceApplication requestId= tenantId= hospitalId= branchId= userId= - Running with Spring Boot v3.4.4, Spring v6.2.5
2026-05-13 17:31:43 INFO  [restartedMain] c.p.d.p.DiagnosticsPaymentServiceApplication requestId= tenantId= hospitalId= branchId= userId= - No active profile set, falling back to 1 default profile: "default"
2026-05-13 17:31:44 INFO  [restartedMain] o.s.b.w.e.tomcat.TomcatWebServer requestId= tenantId= hospitalId= branchId= userId= - Tomcat initialized with port 8095 (http)
2026-05-13 17:31:44 INFO  [restartedMain] o.a.catalina.core.StandardService requestId= tenantId= hospitalId= branchId= userId= - Starting service [Tomcat]
2026-05-13 17:31:44 INFO  [restartedMain] o.a.catalina.core.StandardEngine requestId= tenantId= hospitalId= branchId= userId= - Starting Servlet engine: [Apache Tomcat/10.1.39]
2026-05-13 17:31:44 INFO  [restartedMain] o.a.c.c.C.[Tomcat].[localhost].[/] requestId= tenantId= hospitalId= branchId= userId= - Initializing Spring embedded WebApplicationContext
2026-05-13 17:31:44 INFO  [restartedMain] o.s.b.w.s.c.ServletWebServerApplicationContext requestId= tenantId= hospitalId= branchId= userId= - Root WebApplicationContext: initialization completed in 949 ms
2026-05-13 17:31:44 DEBUG [restartedMain] c.p.d.p.s.JwtAuthenticationFilter requestId= tenantId= hospitalId= branchId= userId= - Filter 'jwtAuthenticationFilter' configured for use
2026-05-13 17:31:44 DEBUG [restartedMain] c.p.d.p.logging.RequestMdcFilter requestId= tenantId= hospitalId= branchId= userId= - Filter 'requestMdcFilter' configured for use
2026-05-13 17:31:44 WARN  [restartedMain] o.s.b.a.s.s.UserDetailsServiceAutoConfiguration requestId= tenantId= hospitalId= branchId= userId= - 

Using generated security password: 25974b4a-fd18-4a79-91eb-babdfe180a93

This generated password is for development use only. Your security configuration must be updated before running your application in production.

2026-05-13 17:31:44 INFO  [restartedMain] o.s.s.c.a.a.c.InitializeUserDetailsBeanManagerConfigurer$InitializeUserDetailsManagerConfigurer requestId= tenantId= hospitalId= branchId= userId= - Global AuthenticationManager configured with UserDetailsService bean with name inMemoryUserDetailsManager
2026-05-13 17:31:46 WARN  [restartedMain] o.s.b.d.a.OptionalLiveReloadServer requestId= tenantId= hospitalId= branchId= userId= - Unable to start LiveReload server
2026-05-13 17:31:46 INFO  [restartedMain] o.s.b.w.e.tomcat.TomcatWebServer requestId= tenantId= hospitalId= branchId= userId= - Tomcat started on port 8095 (http) with context path '/'
2026-05-13 17:31:46 INFO  [restartedMain] c.p.d.p.DiagnosticsPaymentServiceApplication requestId= tenantId= hospitalId= branchId= userId= - Started DiagnosticsPaymentServiceApplication in 3.296 seconds (process running for 3294.496)
2026-05-13 17:31:46 INFO  [restartedMain] o.s.b.d.a.ConditionEvaluationDeltaLoggingListener requestId= tenantId= hospitalId= branchId= userId= - Condition evaluation unchanged
2026-05-13 17:32:03 INFO  [File Watcher] o.s.b.d.a.LocalDevToolsAutoConfiguration$RestartingClassPathChangeChangedEventListener requestId= tenantId= hospitalId= branchId= userId= - Restarting due to 1 class path change (0 additions, 0 deletions, 1 modification)
2026-05-13 17:32:03 INFO  [Thread-25] o.s.b.w.e.tomcat.GracefulShutdown requestId= tenantId= hospitalId= branchId= userId= - Commencing graceful shutdown. Waiting for active requests to complete
2026-05-13 17:32:04 INFO  [tomcat-shutdown] o.s.b.w.e.tomcat.GracefulShutdown requestId= tenantId= hospitalId= branchId= userId= - Graceful shutdown complete
2026-05-13 17:32:04 INFO  [restartedMain] c.p.d.p.DiagnosticsPaymentServiceApplication requestId= tenantId= hospitalId= branchId= userId= - Starting DiagnosticsPaymentServiceApplication using Java 17.0.8 with PID 12244 (C:\Users\ms\OneDrive\Desktop\diagnostics-payment-service\target\classes started by ms in C:\Users\ms\OneDrive\Desktop\diagnostics-payment-service)
2026-05-13 17:32:04 DEBUG [restartedMain] c.p.d.p.DiagnosticsPaymentServiceApplication requestId= tenantId= hospitalId= branchId= userId= - Running with Spring Boot v3.4.4, Spring v6.2.5
2026-05-13 17:32:04 INFO  [restartedMain] c.p.d.p.DiagnosticsPaymentServiceApplication requestId= tenantId= hospitalId= branchId= userId= - No active profile set, falling back to 1 default profile: "default"
2026-05-13 17:32:05 INFO  [restartedMain] o.s.b.w.e.tomcat.TomcatWebServer requestId= tenantId= hospitalId= branchId= userId= - Tomcat initialized with port 8095 (http)
2026-05-13 17:32:05 INFO  [restartedMain] o.a.catalina.core.StandardService requestId= tenantId= hospitalId= branchId= userId= - Starting service [Tomcat]
2026-05-13 17:32:05 INFO  [restartedMain] o.a.catalina.core.StandardEngine requestId= tenantId= hospitalId= branchId= userId= - Starting Servlet engine: [Apache Tomcat/10.1.39]
2026-05-13 17:32:05 INFO  [restartedMain] o.a.c.c.C.[Tomcat].[localhost].[/] requestId= tenantId= hospitalId= branchId= userId= - Initializing Spring embedded WebApplicationContext
2026-05-13 17:32:05 INFO  [restartedMain] o.s.b.w.s.c.ServletWebServerApplicationContext requestId= tenantId= hospitalId= branchId= userId= - Root WebApplicationContext: initialization completed in 1328 ms
2026-05-13 17:32:05 DEBUG [restartedMain] c.p.d.p.s.JwtAuthenticationFilter requestId= tenantId= hospitalId= branchId= userId= - Filter 'jwtAuthenticationFilter' configured for use
2026-05-13 17:32:05 DEBUG [restartedMain] c.p.d.p.logging.RequestMdcFilter requestId= tenantId= hospitalId= branchId= userId= - Filter 'requestMdcFilter' configured for use
2026-05-13 17:32:05 WARN  [restartedMain] o.s.b.a.s.s.UserDetailsServiceAutoConfiguration requestId= tenantId= hospitalId= branchId= userId= - 

Using generated security password: 9e959af3-834e-4a04-8fa2-834a058872d2

This generated password is for development use only. Your security configuration must be updated before running your application in production.

2026-05-13 17:32:05 INFO  [restartedMain] o.s.s.c.a.a.c.InitializeUserDetailsBeanManagerConfigurer$InitializeUserDetailsManagerConfigurer requestId= tenantId= hospitalId= branchId= userId= - Global AuthenticationManager configured with UserDetailsService bean with name inMemoryUserDetailsManager
2026-05-13 17:32:06 WARN  [restartedMain] o.s.b.d.a.OptionalLiveReloadServer requestId= tenantId= hospitalId= branchId= userId= - Unable to start LiveReload server
2026-05-13 17:32:06 INFO  [restartedMain] o.s.b.w.e.tomcat.TomcatWebServer requestId= tenantId= hospitalId= branchId= userId= - Tomcat started on port 8095 (http) with context path '/'
2026-05-13 17:32:06 INFO  [restartedMain] c.p.d.p.DiagnosticsPaymentServiceApplication requestId= tenantId= hospitalId= branchId= userId= - Started DiagnosticsPaymentServiceApplication in 2.228 seconds (process running for 3314.442)
2026-05-13 17:32:06 INFO  [restartedMain] o.s.b.d.a.ConditionEvaluationDeltaLoggingListener requestId= tenantId= hospitalId= branchId= userId= - Condition evaluation unchanged
2026-05-13 17:32:42 INFO  [File Watcher] o.s.b.d.a.LocalDevToolsAutoConfiguration$RestartingClassPathChangeChangedEventListener requestId= tenantId= hospitalId= branchId= userId= - Restarting due to 1 class path change (1 addition, 0 deletions, 0 modifications)
2026-05-13 17:32:42 INFO  [Thread-29] o.s.b.w.e.tomcat.GracefulShutdown requestId= tenantId= hospitalId= branchId= userId= - Commencing graceful shutdown. Waiting for active requests to complete
2026-05-13 17:32:42 INFO  [tomcat-shutdown] o.s.b.w.e.tomcat.GracefulShutdown requestId= tenantId= hospitalId= branchId= userId= - Graceful shutdown complete
2026-05-13 17:32:43 INFO  [restartedMain] c.p.d.p.DiagnosticsPaymentServiceApplication requestId= tenantId= hospitalId= branchId= userId= - Starting DiagnosticsPaymentServiceApplication using Java 17.0.8 with PID 12244 (C:\Users\ms\OneDrive\Desktop\diagnostics-payment-service\target\classes started by ms in C:\Users\ms\OneDrive\Desktop\diagnostics-payment-service)
2026-05-13 17:32:43 DEBUG [restartedMain] c.p.d.p.DiagnosticsPaymentServiceApplication requestId= tenantId= hospitalId= branchId= userId= - Running with Spring Boot v3.4.4, Spring v6.2.5
2026-05-13 17:32:43 INFO  [restartedMain] c.p.d.p.DiagnosticsPaymentServiceApplication requestId= tenantId= hospitalId= branchId= userId= - No active profile set, falling back to 1 default profile: "default"
2026-05-13 17:32:43 INFO  [restartedMain] o.s.b.w.e.tomcat.TomcatWebServer requestId= tenantId= hospitalId= branchId= userId= - Tomcat initialized with port 8095 (http)
2026-05-13 17:32:43 INFO  [restartedMain] o.a.catalina.core.StandardService requestId= tenantId= hospitalId= branchId= userId= - Starting service [Tomcat]
2026-05-13 17:32:43 INFO  [restartedMain] o.a.catalina.core.StandardEngine requestId= tenantId= hospitalId= branchId= userId= - Starting Servlet engine: [Apache Tomcat/10.1.39]
2026-05-13 17:32:43 INFO  [restartedMain] o.a.c.c.C.[Tomcat].[localhost].[/] requestId= tenantId= hospitalId= branchId= userId= - Initializing Spring embedded WebApplicationContext
2026-05-13 17:32:43 INFO  [restartedMain] o.s.b.w.s.c.ServletWebServerApplicationContext requestId= tenantId= hospitalId= branchId= userId= - Root WebApplicationContext: initialization completed in 856 ms
2026-05-13 17:32:43 DEBUG [restartedMain] c.p.d.p.s.JwtAuthenticationFilter requestId= tenantId= hospitalId= branchId= userId= - Filter 'jwtAuthenticationFilter' configured for use
2026-05-13 17:32:43 DEBUG [restartedMain] c.p.d.p.logging.RequestMdcFilter requestId= tenantId= hospitalId= branchId= userId= - Filter 'requestMdcFilter' configured for use
2026-05-13 17:32:44 WARN  [restartedMain] o.s.b.a.s.s.UserDetailsServiceAutoConfiguration requestId= tenantId= hospitalId= branchId= userId= - 

Using generated security password: fc039441-0e48-4b82-b2b5-af9caf2e43fa

This generated password is for development use only. Your security configuration must be updated before running your application in production.

2026-05-13 17:32:44 INFO  [restartedMain] o.s.s.c.a.a.c.InitializeUserDetailsBeanManagerConfigurer$InitializeUserDetailsManagerConfigurer requestId= tenantId= hospitalId= branchId= userId= - Global AuthenticationManager configured with UserDetailsService bean with name inMemoryUserDetailsManager
2026-05-13 17:32:44 WARN  [restartedMain] o.s.b.d.a.OptionalLiveReloadServer requestId= tenantId= hospitalId= branchId= userId= - Unable to start LiveReload server
2026-05-13 17:32:44 INFO  [restartedMain] o.s.b.w.e.tomcat.TomcatWebServer requestId= tenantId= hospitalId= branchId= userId= - Tomcat started on port 8095 (http) with context path '/'
2026-05-13 17:32:44 INFO  [restartedMain] c.p.d.p.DiagnosticsPaymentServiceApplication requestId= tenantId= hospitalId= branchId= userId= - Started DiagnosticsPaymentServiceApplication in 1.698 seconds (process running for 3352.756)
2026-05-13 17:32:44 INFO  [restartedMain] o.s.b.d.a.ConditionEvaluationDeltaLoggingListener requestId= tenantId= hospitalId= branchId= userId= - Condition evaluation unchanged
2026-05-13 17:33:04 INFO  [File Watcher] o.s.b.d.a.LocalDevToolsAutoConfiguration$RestartingClassPathChangeChangedEventListener requestId= tenantId= hospitalId= branchId= userId= - Restarting due to 1 class path change (0 additions, 0 deletions, 1 modification)
2026-05-13 17:33:04 INFO  [Thread-33] o.s.b.w.e.tomcat.GracefulShutdown requestId= tenantId= hospitalId= branchId= userId= - Commencing graceful shutdown. Waiting for active requests to complete
2026-05-13 17:33:04 INFO  [tomcat-shutdown] o.s.b.w.e.tomcat.GracefulShutdown requestId= tenantId= hospitalId= branchId= userId= - Graceful shutdown complete
2026-05-13 17:33:04 INFO  [restartedMain] c.p.d.p.DiagnosticsPaymentServiceApplication requestId= tenantId= hospitalId= branchId= userId= - Starting DiagnosticsPaymentServiceApplication using Java 17.0.8 with PID 12244 (C:\Users\ms\OneDrive\Desktop\diagnostics-payment-service\target\classes started by ms in C:\Users\ms\OneDrive\Desktop\diagnostics-payment-service)
2026-05-13 17:33:04 DEBUG [restartedMain] c.p.d.p.DiagnosticsPaymentServiceApplication requestId= tenantId= hospitalId= branchId= userId= - Running with Spring Boot v3.4.4, Spring v6.2.5
2026-05-13 17:33:04 INFO  [restartedMain] c.p.d.p.DiagnosticsPaymentServiceApplication requestId= tenantId= hospitalId= branchId= userId= - No active profile set, falling back to 1 default profile: "default"
2026-05-13 17:33:05 INFO  [restartedMain] o.s.b.w.e.tomcat.TomcatWebServer requestId= tenantId= hospitalId= branchId= userId= - Tomcat initialized with port 8095 (http)
2026-05-13 17:33:05 INFO  [restartedMain] o.a.catalina.core.StandardService requestId= tenantId= hospitalId= branchId= userId= - Starting service [Tomcat]
2026-05-13 17:33:05 INFO  [restartedMain] o.a.catalina.core.StandardEngine requestId= tenantId= hospitalId= branchId= userId= - Starting Servlet engine: [Apache Tomcat/10.1.39]
2026-05-13 17:33:05 INFO  [restartedMain] o.a.c.c.C.[Tomcat].[localhost].[/] requestId= tenantId= hospitalId= branchId= userId= - Initializing Spring embedded WebApplicationContext
2026-05-13 17:33:05 INFO  [restartedMain] o.s.b.w.s.c.ServletWebServerApplicationContext requestId= tenantId= hospitalId= branchId= userId= - Root WebApplicationContext: initialization completed in 924 ms
2026-05-13 17:33:05 DEBUG [restartedMain] c.p.d.p.s.JwtAuthenticationFilter requestId= tenantId= hospitalId= branchId= userId= - Filter 'jwtAuthenticationFilter' configured for use
2026-05-13 17:33:05 DEBUG [restartedMain] c.p.d.p.logging.RequestMdcFilter requestId= tenantId= hospitalId= branchId= userId= - Filter 'requestMdcFilter' configured for use
2026-05-13 17:33:05 WARN  [restartedMain] o.s.b.a.s.s.UserDetailsServiceAutoConfiguration requestId= tenantId= hospitalId= branchId= userId= - 

Using generated security password: 06960c80-d873-49b8-bf18-c616b3e6ce1e

This generated password is for development use only. Your security configuration must be updated before running your application in production.

2026-05-13 17:33:05 INFO  [restartedMain] o.s.s.c.a.a.c.InitializeUserDetailsBeanManagerConfigurer$InitializeUserDetailsManagerConfigurer requestId= tenantId= hospitalId= branchId= userId= - Global AuthenticationManager configured with UserDetailsService bean with name inMemoryUserDetailsManager
2026-05-13 17:33:06 WARN  [restartedMain] o.s.b.d.a.OptionalLiveReloadServer requestId= tenantId= hospitalId= branchId= userId= - Unable to start LiveReload server
2026-05-13 17:33:06 INFO  [restartedMain] o.s.b.w.e.tomcat.TomcatWebServer requestId= tenantId= hospitalId= branchId= userId= - Tomcat started on port 8095 (http) with context path '/'
2026-05-13 17:33:06 INFO  [restartedMain] c.p.d.p.DiagnosticsPaymentServiceApplication requestId= tenantId= hospitalId= branchId= userId= - Started DiagnosticsPaymentServiceApplication in 1.684 seconds (process running for 3374.352)
2026-05-13 17:33:06 INFO  [restartedMain] o.s.b.d.a.ConditionEvaluationDeltaLoggingListener requestId= tenantId= hospitalId= branchId= userId= - Condition evaluation unchanged
2026-05-13 17:33:32 INFO  [File Watcher] o.s.b.d.a.LocalDevToolsAutoConfiguration$RestartingClassPathChangeChangedEventListener requestId= tenantId= hospitalId= branchId= userId= - Restarting due to 1 class path change (1 addition, 0 deletions, 0 modifications)
2026-05-13 17:33:32 INFO  [Thread-37] o.s.b.w.e.tomcat.GracefulShutdown requestId= tenantId= hospitalId= branchId= userId= - Commencing graceful shutdown. Waiting for active requests to complete
2026-05-13 17:33:32 INFO  [tomcat-shutdown] o.s.b.w.e.tomcat.GracefulShutdown requestId= tenantId= hospitalId= branchId= userId= - Graceful shutdown complete
2026-05-13 17:33:32 INFO  [restartedMain] c.p.d.p.DiagnosticsPaymentServiceApplication requestId= tenantId= hospitalId= branchId= userId= - Starting DiagnosticsPaymentServiceApplication using Java 17.0.8 with PID 12244 (C:\Users\ms\OneDrive\Desktop\diagnostics-payment-service\target\classes started by ms in C:\Users\ms\OneDrive\Desktop\diagnostics-payment-service)
2026-05-13 17:33:32 DEBUG [restartedMain] c.p.d.p.DiagnosticsPaymentServiceApplication requestId= tenantId= hospitalId= branchId= userId= - Running with Spring Boot v3.4.4, Spring v6.2.5
2026-05-13 17:33:32 INFO  [restartedMain] c.p.d.p.DiagnosticsPaymentServiceApplication requestId= tenantId= hospitalId= branchId= userId= - No active profile set, falling back to 1 default profile: "default"
2026-05-13 17:33:33 INFO  [restartedMain] o.s.b.w.e.tomcat.TomcatWebServer requestId= tenantId= hospitalId= branchId= userId= - Tomcat initialized with port 8095 (http)
2026-05-13 17:33:33 INFO  [restartedMain] o.a.catalina.core.StandardService requestId= tenantId= hospitalId= branchId= userId= - Starting service [Tomcat]
2026-05-13 17:33:33 INFO  [restartedMain] o.a.catalina.core.StandardEngine requestId= tenantId= hospitalId= branchId= userId= - Starting Servlet engine: [Apache Tomcat/10.1.39]
2026-05-13 17:33:33 INFO  [restartedMain] o.a.c.c.C.[Tomcat].[localhost].[/] requestId= tenantId= hospitalId= branchId= userId= - Initializing Spring embedded WebApplicationContext
2026-05-13 17:33:33 INFO  [restartedMain] o.s.b.w.s.c.ServletWebServerApplicationContext requestId= tenantId= hospitalId= branchId= userId= - Root WebApplicationContext: initialization completed in 956 ms
2026-05-13 17:33:33 DEBUG [restartedMain] c.p.d.p.s.JwtAuthenticationFilter requestId= tenantId= hospitalId= branchId= userId= - Filter 'jwtAuthenticationFilter' configured for use
2026-05-13 17:33:33 DEBUG [restartedMain] c.p.d.p.logging.RequestMdcFilter requestId= tenantId= hospitalId= branchId= userId= - Filter 'requestMdcFilter' configured for use
2026-05-13 17:33:34 WARN  [restartedMain] o.s.b.a.s.s.UserDetailsServiceAutoConfiguration requestId= tenantId= hospitalId= branchId= userId= - 

Using generated security password: 539b6d08-d687-4073-ace8-bd2a0b9a0d09

This generated password is for development use only. Your security configuration must be updated before running your application in production.

2026-05-13 17:33:34 INFO  [restartedMain] o.s.s.c.a.a.c.InitializeUserDetailsBeanManagerConfigurer$InitializeUserDetailsManagerConfigurer requestId= tenantId= hospitalId= branchId= userId= - Global AuthenticationManager configured with UserDetailsService bean with name inMemoryUserDetailsManager
2026-05-13 17:33:34 WARN  [restartedMain] o.s.b.d.a.OptionalLiveReloadServer requestId= tenantId= hospitalId= branchId= userId= - Unable to start LiveReload server
2026-05-13 17:33:34 INFO  [restartedMain] o.s.b.w.e.tomcat.TomcatWebServer requestId= tenantId= hospitalId= branchId= userId= - Tomcat started on port 8095 (http) with context path '/'
2026-05-13 17:33:34 INFO  [restartedMain] c.p.d.p.DiagnosticsPaymentServiceApplication requestId= tenantId= hospitalId= branchId= userId= - Started DiagnosticsPaymentServiceApplication in 1.784 seconds (process running for 3402.516)
2026-05-13 17:33:34 INFO  [restartedMain] o.s.b.d.a.ConditionEvaluationDeltaLoggingListener requestId= tenantId= hospitalId= branchId= userId= - Condition evaluation unchanged
2026-05-13 17:33:58 INFO  [File Watcher] o.s.b.d.a.LocalDevToolsAutoConfiguration$RestartingClassPathChangeChangedEventListener requestId= tenantId= hospitalId= branchId= userId= - Restarting due to 1 class path change (0 additions, 0 deletions, 1 modification)
2026-05-13 17:33:58 INFO  [Thread-41] o.s.b.w.e.tomcat.GracefulShutdown requestId= tenantId= hospitalId= branchId= userId= - Commencing graceful shutdown. Waiting for active requests to complete
2026-05-13 17:33:58 INFO  [tomcat-shutdown] o.s.b.w.e.tomcat.GracefulShutdown requestId= tenantId= hospitalId= branchId= userId= - Graceful shutdown complete
2026-05-13 17:33:59 INFO  [restartedMain] c.p.d.p.DiagnosticsPaymentServiceApplication requestId= tenantId= hospitalId= branchId= userId= - Starting DiagnosticsPaymentServiceApplication using Java 17.0.8 with PID 12244 (C:\Users\ms\OneDrive\Desktop\diagnostics-payment-service\target\classes started by ms in C:\Users\ms\OneDrive\Desktop\diagnostics-payment-service)
2026-05-13 17:33:59 DEBUG [restartedMain] c.p.d.p.DiagnosticsPaymentServiceApplication requestId= tenantId= hospitalId= branchId= userId= - Running with Spring Boot v3.4.4, Spring v6.2.5
2026-05-13 17:33:59 INFO  [restartedMain] c.p.d.p.DiagnosticsPaymentServiceApplication requestId= tenantId= hospitalId= branchId= userId= - No active profile set, falling back to 1 default profile: "default"
2026-05-13 17:34:00 INFO  [restartedMain] o.s.b.w.e.tomcat.TomcatWebServer requestId= tenantId= hospitalId= branchId= userId= - Tomcat initialized with port 8095 (http)
2026-05-13 17:34:00 INFO  [restartedMain] o.a.catalina.core.StandardService requestId= tenantId= hospitalId= branchId= userId= - Starting service [Tomcat]
2026-05-13 17:34:00 INFO  [restartedMain] o.a.catalina.core.StandardEngine requestId= tenantId= hospitalId= branchId= userId= - Starting Servlet engine: [Apache Tomcat/10.1.39]
2026-05-13 17:34:00 INFO  [restartedMain] o.a.c.c.C.[Tomcat].[localhost].[/] requestId= tenantId= hospitalId= branchId= userId= - Initializing Spring embedded WebApplicationContext
2026-05-13 17:34:00 INFO  [restartedMain] o.s.b.w.s.c.ServletWebServerApplicationContext requestId= tenantId= hospitalId= branchId= userId= - Root WebApplicationContext: initialization completed in 1271 ms
2026-05-13 17:34:00 DEBUG [restartedMain] c.p.d.p.s.JwtAuthenticationFilter requestId= tenantId= hospitalId= branchId= userId= - Filter 'jwtAuthenticationFilter' configured for use
2026-05-13 17:34:00 DEBUG [restartedMain] c.p.d.p.logging.RequestMdcFilter requestId= tenantId= hospitalId= branchId= userId= - Filter 'requestMdcFilter' configured for use
2026-05-13 17:34:00 WARN  [restartedMain] o.s.b.a.s.s.UserDetailsServiceAutoConfiguration requestId= tenantId= hospitalId= branchId= userId= - 

Using generated security password: 0db59644-08ec-4725-85cf-1f05e10cf34e

This generated password is for development use only. Your security configuration must be updated before running your application in production.

2026-05-13 17:34:00 INFO  [restartedMain] o.s.s.c.a.a.c.InitializeUserDetailsBeanManagerConfigurer$InitializeUserDetailsManagerConfigurer requestId= tenantId= hospitalId= branchId= userId= - Global AuthenticationManager configured with UserDetailsService bean with name inMemoryUserDetailsManager
2026-05-13 17:34:01 WARN  [restartedMain] o.s.b.d.a.OptionalLiveReloadServer requestId= tenantId= hospitalId= branchId= userId= - Unable to start LiveReload server
2026-05-13 17:34:01 INFO  [restartedMain] o.s.b.w.e.tomcat.TomcatWebServer requestId= tenantId= hospitalId= branchId= userId= - Tomcat started on port 8095 (http) with context path '/'
2026-05-13 17:34:01 INFO  [restartedMain] c.p.d.p.DiagnosticsPaymentServiceApplication requestId= tenantId= hospitalId= branchId= userId= - Started DiagnosticsPaymentServiceApplication in 2.42 seconds (process running for 3429.4)
2026-05-13 17:34:01 INFO  [restartedMain] o.s.b.d.a.ConditionEvaluationDeltaLoggingListener requestId= tenantId= hospitalId= branchId= userId= - Condition evaluation unchanged
2026-05-13 17:34:59 INFO  [File Watcher] o.s.b.d.a.LocalDevToolsAutoConfiguration$RestartingClassPathChangeChangedEventListener requestId= tenantId= hospitalId= branchId= userId= - Restarting due to 1 class path change (1 addition, 0 deletions, 0 modifications)
2026-05-13 17:34:59 INFO  [Thread-45] o.s.b.w.e.tomcat.GracefulShutdown requestId= tenantId= hospitalId= branchId= userId= - Commencing graceful shutdown. Waiting for active requests to complete
2026-05-13 17:34:59 INFO  [tomcat-shutdown] o.s.b.w.e.tomcat.GracefulShutdown requestId= tenantId= hospitalId= branchId= userId= - Graceful shutdown complete
2026-05-13 17:35:00 INFO  [restartedMain] c.p.d.p.DiagnosticsPaymentServiceApplication requestId= tenantId= hospitalId= branchId= userId= - Starting DiagnosticsPaymentServiceApplication using Java 17.0.8 with PID 12244 (C:\Users\ms\OneDrive\Desktop\diagnostics-payment-service\target\classes started by ms in C:\Users\ms\OneDrive\Desktop\diagnostics-payment-service)
2026-05-13 17:35:00 DEBUG [restartedMain] c.p.d.p.DiagnosticsPaymentServiceApplication requestId= tenantId= hospitalId= branchId= userId= - Running with Spring Boot v3.4.4, Spring v6.2.5
2026-05-13 17:35:00 INFO  [restartedMain] c.p.d.p.DiagnosticsPaymentServiceApplication requestId= tenantId= hospitalId= branchId= userId= - No active profile set, falling back to 1 default profile: "default"
2026-05-13 17:35:01 INFO  [restartedMain] o.s.b.w.e.tomcat.TomcatWebServer requestId= tenantId= hospitalId= branchId= userId= - Tomcat initialized with port 8095 (http)
2026-05-13 17:35:01 INFO  [restartedMain] o.a.catalina.core.StandardService requestId= tenantId= hospitalId= branchId= userId= - Starting service [Tomcat]
2026-05-13 17:35:01 INFO  [restartedMain] o.a.catalina.core.StandardEngine requestId= tenantId= hospitalId= branchId= userId= - Starting Servlet engine: [Apache Tomcat/10.1.39]
2026-05-13 17:35:01 INFO  [restartedMain] o.a.c.c.C.[Tomcat].[localhost].[/] requestId= tenantId= hospitalId= branchId= userId= - Initializing Spring embedded WebApplicationContext
2026-05-13 17:35:01 INFO  [restartedMain] o.s.b.w.s.c.ServletWebServerApplicationContext requestId= tenantId= hospitalId= branchId= userId= - Root WebApplicationContext: initialization completed in 1250 ms
2026-05-13 17:35:01 DEBUG [restartedMain] c.p.d.p.s.JwtAuthenticationFilter requestId= tenantId= hospitalId= branchId= userId= - Filter 'jwtAuthenticationFilter' configured for use
2026-05-13 17:35:01 DEBUG [restartedMain] c.p.d.p.logging.RequestMdcFilter requestId= tenantId= hospitalId= branchId= userId= - Filter 'requestMdcFilter' configured for use
2026-05-13 17:35:05 WARN  [restartedMain] o.s.b.a.s.s.UserDetailsServiceAutoConfiguration requestId= tenantId= hospitalId= branchId= userId= - 

Using generated security password: f0649b70-5bac-48a8-92c3-d2adb0e0c2d7

This generated password is for development use only. Your security configuration must be updated before running your application in production.

2026-05-13 17:35:05 INFO  [restartedMain] o.s.s.c.a.a.c.InitializeUserDetailsBeanManagerConfigurer$InitializeUserDetailsManagerConfigurer requestId= tenantId= hospitalId= branchId= userId= - Global AuthenticationManager configured with UserDetailsService bean with name inMemoryUserDetailsManager
2026-05-13 17:35:05 WARN  [restartedMain] o.s.b.d.a.OptionalLiveReloadServer requestId= tenantId= hospitalId= branchId= userId= - Unable to start LiveReload server
2026-05-13 17:35:05 INFO  [restartedMain] o.s.b.w.e.tomcat.TomcatWebServer requestId= tenantId= hospitalId= branchId= userId= - Tomcat started on port 8095 (http) with context path '/'
2026-05-13 17:35:05 INFO  [restartedMain] c.p.d.p.DiagnosticsPaymentServiceApplication requestId= tenantId= hospitalId= branchId= userId= - Started DiagnosticsPaymentServiceApplication in 5.325 seconds (process running for 3493.57)
2026-05-13 17:35:05 INFO  [restartedMain] o.s.b.d.a.ConditionEvaluationDeltaLoggingListener requestId= tenantId= hospitalId= branchId= userId= - Condition evaluation unchanged
2026-05-13 17:35:16 INFO  [File Watcher] o.s.b.d.a.LocalDevToolsAutoConfiguration$RestartingClassPathChangeChangedEventListener requestId= tenantId= hospitalId= branchId= userId= - Restarting due to 1 class path change (0 additions, 0 deletions, 1 modification)
2026-05-13 17:35:16 INFO  [Thread-49] o.s.b.w.e.tomcat.GracefulShutdown requestId= tenantId= hospitalId= branchId= userId= - Commencing graceful shutdown. Waiting for active requests to complete
2026-05-13 17:35:16 INFO  [tomcat-shutdown] o.s.b.w.e.tomcat.GracefulShutdown requestId= tenantId= hospitalId= branchId= userId= - Graceful shutdown complete
2026-05-13 17:35:17 INFO  [restartedMain] c.p.d.p.DiagnosticsPaymentServiceApplication requestId= tenantId= hospitalId= branchId= userId= - Starting DiagnosticsPaymentServiceApplication using Java 17.0.8 with PID 12244 (C:\Users\ms\OneDrive\Desktop\diagnostics-payment-service\target\classes started by ms in C:\Users\ms\OneDrive\Desktop\diagnostics-payment-service)
2026-05-13 17:35:17 DEBUG [restartedMain] c.p.d.p.DiagnosticsPaymentServiceApplication requestId= tenantId= hospitalId= branchId= userId= - Running with Spring Boot v3.4.4, Spring v6.2.5
2026-05-13 17:35:17 INFO  [restartedMain] c.p.d.p.DiagnosticsPaymentServiceApplication requestId= tenantId= hospitalId= branchId= userId= - No active profile set, falling back to 1 default profile: "default"
2026-05-13 17:35:18 INFO  [restartedMain] o.s.b.w.e.tomcat.TomcatWebServer requestId= tenantId= hospitalId= branchId= userId= - Tomcat initialized with port 8095 (http)
2026-05-13 17:35:18 INFO  [restartedMain] o.a.catalina.core.StandardService requestId= tenantId= hospitalId= branchId= userId= - Starting service [Tomcat]
2026-05-13 17:35:18 INFO  [restartedMain] o.a.catalina.core.StandardEngine requestId= tenantId= hospitalId= branchId= userId= - Starting Servlet engine: [Apache Tomcat/10.1.39]
2026-05-13 17:35:18 INFO  [restartedMain] o.a.c.c.C.[Tomcat].[localhost].[/] requestId= tenantId= hospitalId= branchId= userId= - Initializing Spring embedded WebApplicationContext
2026-05-13 17:35:18 INFO  [restartedMain] o.s.b.w.s.c.ServletWebServerApplicationContext requestId= tenantId= hospitalId= branchId= userId= - Root WebApplicationContext: initialization completed in 1090 ms
2026-05-13 17:35:18 DEBUG [restartedMain] c.p.d.p.s.JwtAuthenticationFilter requestId= tenantId= hospitalId= branchId= userId= - Filter 'jwtAuthenticationFilter' configured for use
2026-05-13 17:35:18 DEBUG [restartedMain] c.p.d.p.logging.RequestMdcFilter requestId= tenantId= hospitalId= branchId= userId= - Filter 'requestMdcFilter' configured for use
2026-05-13 17:35:18 WARN  [restartedMain] o.s.b.a.s.s.UserDetailsServiceAutoConfiguration requestId= tenantId= hospitalId= branchId= userId= - 

Using generated security password: 7d6f01f5-6951-4a55-b3d8-bff0ac3f36d6

This generated password is for development use only. Your security configuration must be updated before running your application in production.

2026-05-13 17:35:18 INFO  [restartedMain] o.s.s.c.a.a.c.InitializeUserDetailsBeanManagerConfigurer$InitializeUserDetailsManagerConfigurer requestId= tenantId= hospitalId= branchId= userId= - Global AuthenticationManager configured with UserDetailsService bean with name inMemoryUserDetailsManager
2026-05-13 17:35:18 WARN  [restartedMain] o.s.b.d.a.OptionalLiveReloadServer requestId= tenantId= hospitalId= branchId= userId= - Unable to start LiveReload server
2026-05-13 17:35:18 INFO  [restartedMain] o.s.b.w.e.tomcat.TomcatWebServer requestId= tenantId= hospitalId= branchId= userId= - Tomcat started on port 8095 (http) with context path '/'
2026-05-13 17:35:19 INFO  [restartedMain] c.p.d.p.DiagnosticsPaymentServiceApplication requestId= tenantId= hospitalId= branchId= userId= - Started DiagnosticsPaymentServiceApplication in 1.917 seconds (process running for 3507.06)
2026-05-13 17:35:19 INFO  [restartedMain] o.s.b.d.a.ConditionEvaluationDeltaLoggingListener requestId= tenantId= hospitalId= branchId= userId= - Condition evaluation unchanged
2026-05-13 17:36:03 INFO  [File Watcher] o.s.b.d.a.LocalDevToolsAutoConfiguration$RestartingClassPathChangeChangedEventListener requestId= tenantId= hospitalId= branchId= userId= - Restarting due to 1 class path change (1 addition, 0 deletions, 0 modifications)
2026-05-13 17:36:03 INFO  [Thread-53] o.s.b.w.e.tomcat.GracefulShutdown requestId= tenantId= hospitalId= branchId= userId= - Commencing graceful shutdown. Waiting for active requests to complete
2026-05-13 17:36:04 INFO  [tomcat-shutdown] o.s.b.w.e.tomcat.GracefulShutdown requestId= tenantId= hospitalId= branchId= userId= - Graceful shutdown complete
2026-05-13 17:36:04 INFO  [restartedMain] c.p.d.p.DiagnosticsPaymentServiceApplication requestId= tenantId= hospitalId= branchId= userId= - Starting DiagnosticsPaymentServiceApplication using Java 17.0.8 with PID 12244 (C:\Users\ms\OneDrive\Desktop\diagnostics-payment-service\target\classes started by ms in C:\Users\ms\OneDrive\Desktop\diagnostics-payment-service)
2026-05-13 17:36:04 DEBUG [restartedMain] c.p.d.p.DiagnosticsPaymentServiceApplication requestId= tenantId= hospitalId= branchId= userId= - Running with Spring Boot v3.4.4, Spring v6.2.5
2026-05-13 17:36:04 INFO  [restartedMain] c.p.d.p.DiagnosticsPaymentServiceApplication requestId= tenantId= hospitalId= branchId= userId= - No active profile set, falling back to 1 default profile: "default"
2026-05-13 17:36:05 INFO  [restartedMain] o.s.b.w.e.tomcat.TomcatWebServer requestId= tenantId= hospitalId= branchId= userId= - Tomcat initialized with port 8095 (http)
2026-05-13 17:36:05 INFO  [restartedMain] o.a.catalina.core.StandardService requestId= tenantId= hospitalId= branchId= userId= - Starting service [Tomcat]
2026-05-13 17:36:05 INFO  [restartedMain] o.a.catalina.core.StandardEngine requestId= tenantId= hospitalId= branchId= userId= - Starting Servlet engine: [Apache Tomcat/10.1.39]
2026-05-13 17:36:05 INFO  [restartedMain] o.a.c.c.C.[Tomcat].[localhost].[/] requestId= tenantId= hospitalId= branchId= userId= - Initializing Spring embedded WebApplicationContext
2026-05-13 17:36:05 INFO  [restartedMain] o.s.b.w.s.c.ServletWebServerApplicationContext requestId= tenantId= hospitalId= branchId= userId= - Root WebApplicationContext: initialization completed in 1004 ms
2026-05-13 17:36:05 DEBUG [restartedMain] c.p.d.p.s.JwtAuthenticationFilter requestId= tenantId= hospitalId= branchId= userId= - Filter 'jwtAuthenticationFilter' configured for use
2026-05-13 17:36:05 DEBUG [restartedMain] c.p.d.p.logging.RequestMdcFilter requestId= tenantId= hospitalId= branchId= userId= - Filter 'requestMdcFilter' configured for use
2026-05-13 17:36:05 WARN  [restartedMain] o.s.b.a.s.s.UserDetailsServiceAutoConfiguration requestId= tenantId= hospitalId= branchId= userId= - 

Using generated security password: 42ca4636-e0d2-4139-91e4-be61080bf5eb

This generated password is for development use only. Your security configuration must be updated before running your application in production.

2026-05-13 17:36:05 INFO  [restartedMain] o.s.s.c.a.a.c.InitializeUserDetailsBeanManagerConfigurer$InitializeUserDetailsManagerConfigurer requestId= tenantId= hospitalId= branchId= userId= - Global AuthenticationManager configured with UserDetailsService bean with name inMemoryUserDetailsManager
2026-05-13 17:36:05 WARN  [restartedMain] o.s.b.d.a.OptionalLiveReloadServer requestId= tenantId= hospitalId= branchId= userId= - Unable to start LiveReload server
2026-05-13 17:36:06 INFO  [restartedMain] o.s.b.w.e.tomcat.TomcatWebServer requestId= tenantId= hospitalId= branchId= userId= - Tomcat started on port 8095 (http) with context path '/'
2026-05-13 17:36:06 INFO  [restartedMain] c.p.d.p.DiagnosticsPaymentServiceApplication requestId= tenantId= hospitalId= branchId= userId= - Started DiagnosticsPaymentServiceApplication in 1.844 seconds (process running for 3554.105)
2026-05-13 17:36:06 INFO  [restartedMain] o.s.b.d.a.ConditionEvaluationDeltaLoggingListener requestId= tenantId= hospitalId= branchId= userId= - Condition evaluation unchanged
2026-05-13 17:36:56 INFO  [File Watcher] o.s.b.d.a.LocalDevToolsAutoConfiguration$RestartingClassPathChangeChangedEventListener requestId= tenantId= hospitalId= branchId= userId= - Restarting due to 1 class path change (0 additions, 0 deletions, 1 modification)
2026-05-13 17:36:56 INFO  [Thread-57] o.s.b.w.e.tomcat.GracefulShutdown requestId= tenantId= hospitalId= branchId= userId= - Commencing graceful shutdown. Waiting for active requests to complete
2026-05-13 17:36:56 INFO  [tomcat-shutdown] o.s.b.w.e.tomcat.GracefulShutdown requestId= tenantId= hospitalId= branchId= userId= - Graceful shutdown complete
2026-05-13 17:36:56 INFO  [restartedMain] c.p.d.p.DiagnosticsPaymentServiceApplication requestId= tenantId= hospitalId= branchId= userId= - Starting DiagnosticsPaymentServiceApplication using Java 17.0.8 with PID 12244 (C:\Users\ms\OneDrive\Desktop\diagnostics-payment-service\target\classes started by ms in C:\Users\ms\OneDrive\Desktop\diagnostics-payment-service)
2026-05-13 17:36:56 DEBUG [restartedMain] c.p.d.p.DiagnosticsPaymentServiceApplication requestId= tenantId= hospitalId= branchId= userId= - Running with Spring Boot v3.4.4, Spring v6.2.5
2026-05-13 17:36:56 INFO  [restartedMain] c.p.d.p.DiagnosticsPaymentServiceApplication requestId= tenantId= hospitalId= branchId= userId= - No active profile set, falling back to 1 default profile: "default"
2026-05-13 17:36:58 INFO  [restartedMain] o.s.b.w.e.tomcat.TomcatWebServer requestId= tenantId= hospitalId= branchId= userId= - Tomcat initialized with port 8095 (http)
2026-05-13 17:36:58 INFO  [restartedMain] o.a.catalina.core.StandardService requestId= tenantId= hospitalId= branchId= userId= - Starting service [Tomcat]
2026-05-13 17:36:58 INFO  [restartedMain] o.a.catalina.core.StandardEngine requestId= tenantId= hospitalId= branchId= userId= - Starting Servlet engine: [Apache Tomcat/10.1.39]
2026-05-13 17:36:58 INFO  [restartedMain] o.a.c.c.C.[Tomcat].[localhost].[/] requestId= tenantId= hospitalId= branchId= userId= - Initializing Spring embedded WebApplicationContext
2026-05-13 17:36:58 INFO  [restartedMain] o.s.b.w.s.c.ServletWebServerApplicationContext requestId= tenantId= hospitalId= branchId= userId= - Root WebApplicationContext: initialization completed in 1994 ms
2026-05-13 17:36:58 DEBUG [restartedMain] c.p.d.p.s.JwtAuthenticationFilter requestId= tenantId= hospitalId= branchId= userId= - Filter 'jwtAuthenticationFilter' configured for use
2026-05-13 17:36:58 DEBUG [restartedMain] c.p.d.p.logging.RequestMdcFilter requestId= tenantId= hospitalId= branchId= userId= - Filter 'requestMdcFilter' configured for use
2026-05-13 17:37:00 WARN  [restartedMain] o.s.b.a.s.s.UserDetailsServiceAutoConfiguration requestId= tenantId= hospitalId= branchId= userId= - 

Using generated security password: 964bdb43-13ce-4c19-b25c-298b650a273d

This generated password is for development use only. Your security configuration must be updated before running your application in production.

2026-05-13 17:37:00 INFO  [restartedMain] o.s.s.c.a.a.c.InitializeUserDetailsBeanManagerConfigurer$InitializeUserDetailsManagerConfigurer requestId= tenantId= hospitalId= branchId= userId= - Global AuthenticationManager configured with UserDetailsService bean with name inMemoryUserDetailsManager
2026-05-13 17:37:00 WARN  [restartedMain] o.s.b.d.a.OptionalLiveReloadServer requestId= tenantId= hospitalId= branchId= userId= - Unable to start LiveReload server
2026-05-13 17:37:00 INFO  [restartedMain] o.s.b.w.e.tomcat.TomcatWebServer requestId= tenantId= hospitalId= branchId= userId= - Tomcat started on port 8095 (http) with context path '/'
2026-05-13 17:37:00 INFO  [restartedMain] c.p.d.p.DiagnosticsPaymentServiceApplication requestId= tenantId= hospitalId= branchId= userId= - Started DiagnosticsPaymentServiceApplication in 4.467 seconds (process running for 3609.036)
2026-05-13 17:37:01 INFO  [restartedMain] o.s.b.d.a.ConditionEvaluationDeltaLoggingListener requestId= tenantId= hospitalId= branchId= userId= - Condition evaluation unchanged
2026-05-13 17:37:24 INFO  [File Watcher] o.s.b.d.a.LocalDevToolsAutoConfiguration$RestartingClassPathChangeChangedEventListener requestId= tenantId= hospitalId= branchId= userId= - Restarting due to 1 class path change (1 addition, 0 deletions, 0 modifications)
2026-05-13 17:37:24 INFO  [Thread-61] o.s.b.w.e.tomcat.GracefulShutdown requestId= tenantId= hospitalId= branchId= userId= - Commencing graceful shutdown. Waiting for active requests to complete
2026-05-13 17:37:25 INFO  [tomcat-shutdown] o.s.b.w.e.tomcat.GracefulShutdown requestId= tenantId= hospitalId= branchId= userId= - Graceful shutdown complete
2026-05-13 17:37:25 INFO  [restartedMain] c.p.d.p.DiagnosticsPaymentServiceApplication requestId= tenantId= hospitalId= branchId= userId= - Starting DiagnosticsPaymentServiceApplication using Java 17.0.8 with PID 12244 (C:\Users\ms\OneDrive\Desktop\diagnostics-payment-service\target\classes started by ms in C:\Users\ms\OneDrive\Desktop\diagnostics-payment-service)
2026-05-13 17:37:25 DEBUG [restartedMain] c.p.d.p.DiagnosticsPaymentServiceApplication requestId= tenantId= hospitalId= branchId= userId= - Running with Spring Boot v3.4.4, Spring v6.2.5
2026-05-13 17:37:25 INFO  [restartedMain] c.p.d.p.DiagnosticsPaymentServiceApplication requestId= tenantId= hospitalId= branchId= userId= - No active profile set, falling back to 1 default profile: "default"
2026-05-13 17:37:26 INFO  [restartedMain] o.s.b.w.e.tomcat.TomcatWebServer requestId= tenantId= hospitalId= branchId= userId= - Tomcat initialized with port 8095 (http)
2026-05-13 17:37:26 INFO  [restartedMain] o.a.catalina.core.StandardService requestId= tenantId= hospitalId= branchId= userId= - Starting service [Tomcat]
2026-05-13 17:37:26 INFO  [restartedMain] o.a.catalina.core.StandardEngine requestId= tenantId= hospitalId= branchId= userId= - Starting Servlet engine: [Apache Tomcat/10.1.39]
2026-05-13 17:37:26 INFO  [restartedMain] o.a.c.c.C.[Tomcat].[localhost].[/] requestId= tenantId= hospitalId= branchId= userId= - Initializing Spring embedded WebApplicationContext
2026-05-13 17:37:26 INFO  [restartedMain] o.s.b.w.s.c.ServletWebServerApplicationContext requestId= tenantId= hospitalId= branchId= userId= - Root WebApplicationContext: initialization completed in 931 ms
2026-05-13 17:37:26 DEBUG [restartedMain] c.p.d.p.s.JwtAuthenticationFilter requestId= tenantId= hospitalId= branchId= userId= - Filter 'jwtAuthenticationFilter' configured for use
2026-05-13 17:37:26 DEBUG [restartedMain] c.p.d.p.logging.RequestMdcFilter requestId= tenantId= hospitalId= branchId= userId= - Filter 'requestMdcFilter' configured for use
2026-05-13 17:37:26 WARN  [restartedMain] o.s.b.a.s.s.UserDetailsServiceAutoConfiguration requestId= tenantId= hospitalId= branchId= userId= - 

Using generated security password: a7176e9a-6199-4c4f-8554-e1834b053f30

This generated password is for development use only. Your security configuration must be updated before running your application in production.

2026-05-13 17:37:26 INFO  [restartedMain] o.s.s.c.a.a.c.InitializeUserDetailsBeanManagerConfigurer$InitializeUserDetailsManagerConfigurer requestId= tenantId= hospitalId= branchId= userId= - Global AuthenticationManager configured with UserDetailsService bean with name inMemoryUserDetailsManager
2026-05-13 17:37:27 WARN  [restartedMain] o.s.b.d.a.OptionalLiveReloadServer requestId= tenantId= hospitalId= branchId= userId= - Unable to start LiveReload server
2026-05-13 17:37:27 INFO  [restartedMain] o.s.b.w.e.tomcat.TomcatWebServer requestId= tenantId= hospitalId= branchId= userId= - Tomcat started on port 8095 (http) with context path '/'
2026-05-13 17:37:27 INFO  [restartedMain] c.p.d.p.DiagnosticsPaymentServiceApplication requestId= tenantId= hospitalId= branchId= userId= - Started DiagnosticsPaymentServiceApplication in 1.894 seconds (process running for 3635.18)
2026-05-13 17:37:27 INFO  [restartedMain] o.s.b.d.a.ConditionEvaluationDeltaLoggingListener requestId= tenantId= hospitalId= branchId= userId= - Condition evaluation unchanged
2026-05-13 17:37:58 INFO  [File Watcher] o.s.b.d.a.LocalDevToolsAutoConfiguration$RestartingClassPathChangeChangedEventListener requestId= tenantId= hospitalId= branchId= userId= - Restarting due to 1 class path change (0 additions, 0 deletions, 1 modification)
2026-05-13 17:37:58 INFO  [Thread-65] o.s.b.w.e.tomcat.GracefulShutdown requestId= tenantId= hospitalId= branchId= userId= - Commencing graceful shutdown. Waiting for active requests to complete
2026-05-13 17:37:58 INFO  [tomcat-shutdown] o.s.b.w.e.tomcat.GracefulShutdown requestId= tenantId= hospitalId= branchId= userId= - Graceful shutdown complete
2026-05-13 17:37:59 INFO  [restartedMain] c.p.d.p.DiagnosticsPaymentServiceApplication requestId= tenantId= hospitalId= branchId= userId= - Starting DiagnosticsPaymentServiceApplication using Java 17.0.8 with PID 12244 (C:\Users\ms\OneDrive\Desktop\diagnostics-payment-service\target\classes started by ms in C:\Users\ms\OneDrive\Desktop\diagnostics-payment-service)
2026-05-13 17:37:59 DEBUG [restartedMain] c.p.d.p.DiagnosticsPaymentServiceApplication requestId= tenantId= hospitalId= branchId= userId= - Running with Spring Boot v3.4.4, Spring v6.2.5
2026-05-13 17:37:59 INFO  [restartedMain] c.p.d.p.DiagnosticsPaymentServiceApplication requestId= tenantId= hospitalId= branchId= userId= - No active profile set, falling back to 1 default profile: "default"
2026-05-13 17:37:59 INFO  [restartedMain] o.s.b.w.e.tomcat.TomcatWebServer requestId= tenantId= hospitalId= branchId= userId= - Tomcat initialized with port 8095 (http)
2026-05-13 17:37:59 INFO  [restartedMain] o.a.catalina.core.StandardService requestId= tenantId= hospitalId= branchId= userId= - Starting service [Tomcat]
2026-05-13 17:37:59 INFO  [restartedMain] o.a.catalina.core.StandardEngine requestId= tenantId= hospitalId= branchId= userId= - Starting Servlet engine: [Apache Tomcat/10.1.39]
2026-05-13 17:37:59 INFO  [restartedMain] o.a.c.c.C.[Tomcat].[localhost].[/] requestId= tenantId= hospitalId= branchId= userId= - Initializing Spring embedded WebApplicationContext
2026-05-13 17:37:59 INFO  [restartedMain] o.s.b.w.s.c.ServletWebServerApplicationContext requestId= tenantId= hospitalId= branchId= userId= - Root WebApplicationContext: initialization completed in 769 ms
2026-05-13 17:37:59 DEBUG [restartedMain] c.p.d.p.s.JwtAuthenticationFilter requestId= tenantId= hospitalId= branchId= userId= - Filter 'jwtAuthenticationFilter' configured for use
2026-05-13 17:37:59 DEBUG [restartedMain] c.p.d.p.logging.RequestMdcFilter requestId= tenantId= hospitalId= branchId= userId= - Filter 'requestMdcFilter' configured for use
2026-05-13 17:38:00 WARN  [restartedMain] o.s.b.a.s.s.UserDetailsServiceAutoConfiguration requestId= tenantId= hospitalId= branchId= userId= - 

Using generated security password: dc0bc9df-9f9b-4507-9391-34309ee68d03

This generated password is for development use only. Your security configuration must be updated before running your application in production.

2026-05-13 17:38:00 INFO  [restartedMain] o.s.s.c.a.a.c.InitializeUserDetailsBeanManagerConfigurer$InitializeUserDetailsManagerConfigurer requestId= tenantId= hospitalId= branchId= userId= - Global AuthenticationManager configured with UserDetailsService bean with name inMemoryUserDetailsManager
2026-05-13 17:38:00 WARN  [restartedMain] o.s.b.d.a.OptionalLiveReloadServer requestId= tenantId= hospitalId= branchId= userId= - Unable to start LiveReload server
2026-05-13 17:38:00 INFO  [restartedMain] o.s.b.w.e.tomcat.TomcatWebServer requestId= tenantId= hospitalId= branchId= userId= - Tomcat started on port 8095 (http) with context path '/'
2026-05-13 17:38:00 INFO  [restartedMain] c.p.d.p.DiagnosticsPaymentServiceApplication requestId= tenantId= hospitalId= branchId= userId= - Started DiagnosticsPaymentServiceApplication in 1.678 seconds (process running for 3668.653)
2026-05-13 17:38:00 INFO  [restartedMain] o.s.b.d.a.ConditionEvaluationDeltaLoggingListener requestId= tenantId= hospitalId= branchId= userId= - Condition evaluation unchanged
2026-05-13 17:39:26 INFO  [File Watcher] o.s.b.d.a.LocalDevToolsAutoConfiguration$RestartingClassPathChangeChangedEventListener requestId= tenantId= hospitalId= branchId= userId= - Restarting due to 1 class path change (1 addition, 0 deletions, 0 modifications)
2026-05-13 17:39:26 INFO  [Thread-69] o.s.b.w.e.tomcat.GracefulShutdown requestId= tenantId= hospitalId= branchId= userId= - Commencing graceful shutdown. Waiting for active requests to complete
2026-05-13 17:39:26 INFO  [tomcat-shutdown] o.s.b.w.e.tomcat.GracefulShutdown requestId= tenantId= hospitalId= branchId= userId= - Graceful shutdown complete
2026-05-13 17:39:26 INFO  [restartedMain] c.p.d.p.DiagnosticsPaymentServiceApplication requestId= tenantId= hospitalId= branchId= userId= - Starting DiagnosticsPaymentServiceApplication using Java 17.0.8 with PID 12244 (C:\Users\ms\OneDrive\Desktop\diagnostics-payment-service\target\classes started by ms in C:\Users\ms\OneDrive\Desktop\diagnostics-payment-service)
2026-05-13 17:39:26 DEBUG [restartedMain] c.p.d.p.DiagnosticsPaymentServiceApplication requestId= tenantId= hospitalId= branchId= userId= - Running with Spring Boot v3.4.4, Spring v6.2.5
2026-05-13 17:39:26 INFO  [restartedMain] c.p.d.p.DiagnosticsPaymentServiceApplication requestId= tenantId= hospitalId= branchId= userId= - No active profile set, falling back to 1 default profile: "default"
2026-05-13 17:39:27 INFO  [restartedMain] o.s.b.w.e.tomcat.TomcatWebServer requestId= tenantId= hospitalId= branchId= userId= - Tomcat initialized with port 8095 (http)
2026-05-13 17:39:27 INFO  [restartedMain] o.a.catalina.core.StandardService requestId= tenantId= hospitalId= branchId= userId= - Starting service [Tomcat]
2026-05-13 17:39:27 INFO  [restartedMain] o.a.catalina.core.StandardEngine requestId= tenantId= hospitalId= branchId= userId= - Starting Servlet engine: [Apache Tomcat/10.1.39]
2026-05-13 17:39:27 INFO  [restartedMain] o.a.c.c.C.[Tomcat].[localhost].[/] requestId= tenantId= hospitalId= branchId= userId= - Initializing Spring embedded WebApplicationContext
2026-05-13 17:39:27 INFO  [restartedMain] o.s.b.w.s.c.ServletWebServerApplicationContext requestId= tenantId= hospitalId= branchId= userId= - Root WebApplicationContext: initialization completed in 928 ms
2026-05-13 17:39:27 DEBUG [restartedMain] c.p.d.p.s.JwtAuthenticationFilter requestId= tenantId= hospitalId= branchId= userId= - Filter 'jwtAuthenticationFilter' configured for use
2026-05-13 17:39:27 DEBUG [restartedMain] c.p.d.p.logging.RequestMdcFilter requestId= tenantId= hospitalId= branchId= userId= - Filter 'requestMdcFilter' configured for use
2026-05-13 17:39:27 WARN  [restartedMain] o.s.b.a.s.s.UserDetailsServiceAutoConfiguration requestId= tenantId= hospitalId= branchId= userId= - 

Using generated security password: 6b9fb865-49fd-410f-8007-a8c70f50ac58

This generated password is for development use only. Your security configuration must be updated before running your application in production.

2026-05-13 17:39:27 INFO  [restartedMain] o.s.s.c.a.a.c.InitializeUserDetailsBeanManagerConfigurer$InitializeUserDetailsManagerConfigurer requestId= tenantId= hospitalId= branchId= userId= - Global AuthenticationManager configured with UserDetailsService bean with name inMemoryUserDetailsManager
2026-05-13 17:39:28 WARN  [restartedMain] o.s.b.d.a.OptionalLiveReloadServer requestId= tenantId= hospitalId= branchId= userId= - Unable to start LiveReload server
2026-05-13 17:39:28 INFO  [restartedMain] o.s.b.w.e.tomcat.TomcatWebServer requestId= tenantId= hospitalId= branchId= userId= - Tomcat started on port 8095 (http) with context path '/'
2026-05-13 17:39:28 INFO  [restartedMain] c.p.d.p.DiagnosticsPaymentServiceApplication requestId= tenantId= hospitalId= branchId= userId= - Started DiagnosticsPaymentServiceApplication in 1.598 seconds (process running for 3756.191)
2026-05-13 17:39:28 INFO  [restartedMain] o.s.b.d.a.ConditionEvaluationDeltaLoggingListener requestId= tenantId= hospitalId= branchId= userId= - Condition evaluation unchanged
2026-05-13 17:39:43 INFO  [File Watcher] o.s.b.d.a.LocalDevToolsAutoConfiguration$RestartingClassPathChangeChangedEventListener requestId= tenantId= hospitalId= branchId= userId= - Restarting due to 1 class path change (0 additions, 0 deletions, 1 modification)
2026-05-13 17:39:43 INFO  [Thread-73] o.s.b.w.e.tomcat.GracefulShutdown requestId= tenantId= hospitalId= branchId= userId= - Commencing graceful shutdown. Waiting for active requests to complete
2026-05-13 17:39:43 INFO  [tomcat-shutdown] o.s.b.w.e.tomcat.GracefulShutdown requestId= tenantId= hospitalId= branchId= userId= - Graceful shutdown complete
2026-05-13 17:39:44 INFO  [restartedMain] c.p.d.p.DiagnosticsPaymentServiceApplication requestId= tenantId= hospitalId= branchId= userId= - Starting DiagnosticsPaymentServiceApplication using Java 17.0.8 with PID 12244 (C:\Users\ms\OneDrive\Desktop\diagnostics-payment-service\target\classes started by ms in C:\Users\ms\OneDrive\Desktop\diagnostics-payment-service)
2026-05-13 17:39:44 DEBUG [restartedMain] c.p.d.p.DiagnosticsPaymentServiceApplication requestId= tenantId= hospitalId= branchId= userId= - Running with Spring Boot v3.4.4, Spring v6.2.5
2026-05-13 17:39:44 INFO  [restartedMain] c.p.d.p.DiagnosticsPaymentServiceApplication requestId= tenantId= hospitalId= branchId= userId= - No active profile set, falling back to 1 default profile: "default"
2026-05-13 17:39:44 INFO  [restartedMain] o.s.b.w.e.tomcat.TomcatWebServer requestId= tenantId= hospitalId= branchId= userId= - Tomcat initialized with port 8095 (http)
2026-05-13 17:39:44 INFO  [restartedMain] o.a.catalina.core.StandardService requestId= tenantId= hospitalId= branchId= userId= - Starting service [Tomcat]
2026-05-13 17:39:44 INFO  [restartedMain] o.a.catalina.core.StandardEngine requestId= tenantId= hospitalId= branchId= userId= - Starting Servlet engine: [Apache Tomcat/10.1.39]
2026-05-13 17:39:44 INFO  [restartedMain] o.a.c.c.C.[Tomcat].[localhost].[/] requestId= tenantId= hospitalId= branchId= userId= - Initializing Spring embedded WebApplicationContext
2026-05-13 17:39:44 INFO  [restartedMain] o.s.b.w.s.c.ServletWebServerApplicationContext requestId= tenantId= hospitalId= branchId= userId= - Root WebApplicationContext: initialization completed in 657 ms
2026-05-13 17:39:44 DEBUG [restartedMain] c.p.d.p.s.JwtAuthenticationFilter requestId= tenantId= hospitalId= branchId= userId= - Filter 'jwtAuthenticationFilter' configured for use
2026-05-13 17:39:44 DEBUG [restartedMain] c.p.d.p.logging.RequestMdcFilter requestId= tenantId= hospitalId= branchId= userId= - Filter 'requestMdcFilter' configured for use
2026-05-13 17:39:44 WARN  [restartedMain] o.s.b.a.s.s.UserDetailsServiceAutoConfiguration requestId= tenantId= hospitalId= branchId= userId= - 

Using generated security password: d6d71e32-88e7-439b-9e72-024b8d877521

This generated password is for development use only. Your security configuration must be updated before running your application in production.

2026-05-13 17:39:44 INFO  [restartedMain] o.s.s.c.a.a.c.InitializeUserDetailsBeanManagerConfigurer$InitializeUserDetailsManagerConfigurer requestId= tenantId= hospitalId= branchId= userId= - Global AuthenticationManager configured with UserDetailsService bean with name inMemoryUserDetailsManager
2026-05-13 17:39:45 WARN  [restartedMain] o.s.b.d.a.OptionalLiveReloadServer requestId= tenantId= hospitalId= branchId= userId= - Unable to start LiveReload server
2026-05-13 17:39:45 INFO  [restartedMain] o.s.b.w.e.tomcat.TomcatWebServer requestId= tenantId= hospitalId= branchId= userId= - Tomcat started on port 8095 (http) with context path '/'
2026-05-13 17:39:45 INFO  [restartedMain] c.p.d.p.DiagnosticsPaymentServiceApplication requestId= tenantId= hospitalId= branchId= userId= - Started DiagnosticsPaymentServiceApplication in 1.333 seconds (process running for 3773.396)
2026-05-13 17:39:45 INFO  [restartedMain] o.s.b.d.a.ConditionEvaluationDeltaLoggingListener requestId= tenantId= hospitalId= branchId= userId= - Condition evaluation unchanged
2026-05-13 17:40:50 INFO  [File Watcher] o.s.b.d.a.LocalDevToolsAutoConfiguration$RestartingClassPathChangeChangedEventListener requestId= tenantId= hospitalId= branchId= userId= - Restarting due to 1 class path change (1 addition, 0 deletions, 0 modifications)
2026-05-13 17:40:50 INFO  [Thread-77] o.s.b.w.e.tomcat.GracefulShutdown requestId= tenantId= hospitalId= branchId= userId= - Commencing graceful shutdown. Waiting for active requests to complete
2026-05-13 17:40:51 INFO  [tomcat-shutdown] o.s.b.w.e.tomcat.GracefulShutdown requestId= tenantId= hospitalId= branchId= userId= - Graceful shutdown complete
2026-05-13 17:40:51 INFO  [restartedMain] c.p.d.p.DiagnosticsPaymentServiceApplication requestId= tenantId= hospitalId= branchId= userId= - Starting DiagnosticsPaymentServiceApplication using Java 17.0.8 with PID 12244 (C:\Users\ms\OneDrive\Desktop\diagnostics-payment-service\target\classes started by ms in C:\Users\ms\OneDrive\Desktop\diagnostics-payment-service)
2026-05-13 17:40:51 DEBUG [restartedMain] c.p.d.p.DiagnosticsPaymentServiceApplication requestId= tenantId= hospitalId= branchId= userId= - Running with Spring Boot v3.4.4, Spring v6.2.5
2026-05-13 17:40:51 INFO  [restartedMain] c.p.d.p.DiagnosticsPaymentServiceApplication requestId= tenantId= hospitalId= branchId= userId= - No active profile set, falling back to 1 default profile: "default"
2026-05-13 17:40:52 INFO  [restartedMain] o.s.b.w.e.tomcat.TomcatWebServer requestId= tenantId= hospitalId= branchId= userId= - Tomcat initialized with port 8095 (http)
2026-05-13 17:40:52 INFO  [restartedMain] o.a.catalina.core.StandardService requestId= tenantId= hospitalId= branchId= userId= - Starting service [Tomcat]
2026-05-13 17:40:52 INFO  [restartedMain] o.a.catalina.core.StandardEngine requestId= tenantId= hospitalId= branchId= userId= - Starting Servlet engine: [Apache Tomcat/10.1.39]
2026-05-13 17:40:52 INFO  [restartedMain] o.a.c.c.C.[Tomcat].[localhost].[/] requestId= tenantId= hospitalId= branchId= userId= - Initializing Spring embedded WebApplicationContext
2026-05-13 17:40:52 INFO  [restartedMain] o.s.b.w.s.c.ServletWebServerApplicationContext requestId= tenantId= hospitalId= branchId= userId= - Root WebApplicationContext: initialization completed in 973 ms
2026-05-13 17:40:52 DEBUG [restartedMain] c.p.d.p.s.JwtAuthenticationFilter requestId= tenantId= hospitalId= branchId= userId= - Filter 'jwtAuthenticationFilter' configured for use
2026-05-13 17:40:52 DEBUG [restartedMain] c.p.d.p.logging.RequestMdcFilter requestId= tenantId= hospitalId= branchId= userId= - Filter 'requestMdcFilter' configured for use
2026-05-13 17:40:52 WARN  [restartedMain] o.s.b.a.s.s.UserDetailsServiceAutoConfiguration requestId= tenantId= hospitalId= branchId= userId= - 

Using generated security password: 8b1407d6-2539-4a53-9c7f-b3e3fccf4c31

This generated password is for development use only. Your security configuration must be updated before running your application in production.

2026-05-13 17:40:52 INFO  [restartedMain] o.s.s.c.a.a.c.InitializeUserDetailsBeanManagerConfigurer$InitializeUserDetailsManagerConfigurer requestId= tenantId= hospitalId= branchId= userId= - Global AuthenticationManager configured with UserDetailsService bean with name inMemoryUserDetailsManager
2026-05-13 17:40:53 WARN  [restartedMain] o.s.b.d.a.OptionalLiveReloadServer requestId= tenantId= hospitalId= branchId= userId= - Unable to start LiveReload server
2026-05-13 17:40:53 INFO  [restartedMain] o.s.b.w.e.tomcat.TomcatWebServer requestId= tenantId= hospitalId= branchId= userId= - Tomcat started on port 8095 (http) with context path '/'
2026-05-13 17:40:53 INFO  [restartedMain] c.p.d.p.DiagnosticsPaymentServiceApplication requestId= tenantId= hospitalId= branchId= userId= - Started DiagnosticsPaymentServiceApplication in 2.453 seconds (process running for 3841.764)
2026-05-13 17:40:53 INFO  [restartedMain] o.s.b.d.a.ConditionEvaluationDeltaLoggingListener requestId= tenantId= hospitalId= branchId= userId= - Condition evaluation unchanged
2026-05-13 17:41:13 INFO  [File Watcher] o.s.b.d.a.LocalDevToolsAutoConfiguration$RestartingClassPathChangeChangedEventListener requestId= tenantId= hospitalId= branchId= userId= - Restarting due to 1 class path change (0 additions, 0 deletions, 1 modification)
2026-05-13 17:41:13 INFO  [Thread-81] o.s.b.w.e.tomcat.GracefulShutdown requestId= tenantId= hospitalId= branchId= userId= - Commencing graceful shutdown. Waiting for active requests to complete
2026-05-13 17:41:13 INFO  [tomcat-shutdown] o.s.b.w.e.tomcat.GracefulShutdown requestId= tenantId= hospitalId= branchId= userId= - Graceful shutdown complete
2026-05-13 17:41:13 INFO  [restartedMain] c.p.d.p.DiagnosticsPaymentServiceApplication requestId= tenantId= hospitalId= branchId= userId= - Starting DiagnosticsPaymentServiceApplication using Java 17.0.8 with PID 12244 (C:\Users\ms\OneDrive\Desktop\diagnostics-payment-service\target\classes started by ms in C:\Users\ms\OneDrive\Desktop\diagnostics-payment-service)
2026-05-13 17:41:13 DEBUG [restartedMain] c.p.d.p.DiagnosticsPaymentServiceApplication requestId= tenantId= hospitalId= branchId= userId= - Running with Spring Boot v3.4.4, Spring v6.2.5
2026-05-13 17:41:13 INFO  [restartedMain] c.p.d.p.DiagnosticsPaymentServiceApplication requestId= tenantId= hospitalId= branchId= userId= - No active profile set, falling back to 1 default profile: "default"
2026-05-13 17:41:14 INFO  [restartedMain] o.s.b.w.e.tomcat.TomcatWebServer requestId= tenantId= hospitalId= branchId= userId= - Tomcat initialized with port 8095 (http)
2026-05-13 17:41:14 INFO  [restartedMain] o.a.catalina.core.StandardService requestId= tenantId= hospitalId= branchId= userId= - Starting service [Tomcat]
2026-05-13 17:41:14 INFO  [restartedMain] o.a.catalina.core.StandardEngine requestId= tenantId= hospitalId= branchId= userId= - Starting Servlet engine: [Apache Tomcat/10.1.39]
2026-05-13 17:41:14 INFO  [restartedMain] o.a.c.c.C.[Tomcat].[localhost].[/] requestId= tenantId= hospitalId= branchId= userId= - Initializing Spring embedded WebApplicationContext
2026-05-13 17:41:14 INFO  [restartedMain] o.s.b.w.s.c.ServletWebServerApplicationContext requestId= tenantId= hospitalId= branchId= userId= - Root WebApplicationContext: initialization completed in 941 ms
2026-05-13 17:41:14 DEBUG [restartedMain] c.p.d.p.s.JwtAuthenticationFilter requestId= tenantId= hospitalId= branchId= userId= - Filter 'jwtAuthenticationFilter' configured for use
2026-05-13 17:41:14 DEBUG [restartedMain] c.p.d.p.logging.RequestMdcFilter requestId= tenantId= hospitalId= branchId= userId= - Filter 'requestMdcFilter' configured for use
2026-05-13 17:41:15 WARN  [restartedMain] o.s.b.a.s.s.UserDetailsServiceAutoConfiguration requestId= tenantId= hospitalId= branchId= userId= - 

Using generated security password: 54f20e31-3bc0-413c-bba1-6a4c93cb6821

This generated password is for development use only. Your security configuration must be updated before running your application in production.

2026-05-13 17:41:15 INFO  [restartedMain] o.s.s.c.a.a.c.InitializeUserDetailsBeanManagerConfigurer$InitializeUserDetailsManagerConfigurer requestId= tenantId= hospitalId= branchId= userId= - Global AuthenticationManager configured with UserDetailsService bean with name inMemoryUserDetailsManager
2026-05-13 17:41:15 WARN  [restartedMain] o.s.b.d.a.OptionalLiveReloadServer requestId= tenantId= hospitalId= branchId= userId= - Unable to start LiveReload server
2026-05-13 17:41:15 INFO  [restartedMain] o.s.b.w.e.tomcat.TomcatWebServer requestId= tenantId= hospitalId= branchId= userId= - Tomcat started on port 8095 (http) with context path '/'
2026-05-13 17:41:15 INFO  [restartedMain] c.p.d.p.DiagnosticsPaymentServiceApplication requestId= tenantId= hospitalId= branchId= userId= - Started DiagnosticsPaymentServiceApplication in 1.64 seconds (process running for 3863.429)
2026-05-13 17:41:15 INFO  [restartedMain] o.s.b.d.a.ConditionEvaluationDeltaLoggingListener requestId= tenantId= hospitalId= branchId= userId= - Condition evaluation unchanged
2026-05-13 17:42:48 INFO  [File Watcher] o.s.b.d.a.LocalDevToolsAutoConfiguration$RestartingClassPathChangeChangedEventListener requestId= tenantId= hospitalId= branchId= userId= - Restarting due to 1 class path change (1 addition, 0 deletions, 0 modifications)
2026-05-13 17:42:48 INFO  [Thread-85] o.s.b.w.e.tomcat.GracefulShutdown requestId= tenantId= hospitalId= branchId= userId= - Commencing graceful shutdown. Waiting for active requests to complete
2026-05-13 17:42:48 INFO  [tomcat-shutdown] o.s.b.w.e.tomcat.GracefulShutdown requestId= tenantId= hospitalId= branchId= userId= - Graceful shutdown complete
2026-05-13 17:42:48 INFO  [restartedMain] c.p.d.p.DiagnosticsPaymentServiceApplication requestId= tenantId= hospitalId= branchId= userId= - Starting DiagnosticsPaymentServiceApplication using Java 17.0.8 with PID 12244 (C:\Users\ms\OneDrive\Desktop\diagnostics-payment-service\target\classes started by ms in C:\Users\ms\OneDrive\Desktop\diagnostics-payment-service)
2026-05-13 17:42:48 DEBUG [restartedMain] c.p.d.p.DiagnosticsPaymentServiceApplication requestId= tenantId= hospitalId= branchId= userId= - Running with Spring Boot v3.4.4, Spring v6.2.5
2026-05-13 17:42:48 INFO  [restartedMain] c.p.d.p.DiagnosticsPaymentServiceApplication requestId= tenantId= hospitalId= branchId= userId= - No active profile set, falling back to 1 default profile: "default"
2026-05-13 17:42:49 INFO  [restartedMain] o.s.b.w.e.tomcat.TomcatWebServer requestId= tenantId= hospitalId= branchId= userId= - Tomcat initialized with port 8095 (http)
2026-05-13 17:42:49 INFO  [restartedMain] o.a.catalina.core.StandardService requestId= tenantId= hospitalId= branchId= userId= - Starting service [Tomcat]
2026-05-13 17:42:49 INFO  [restartedMain] o.a.catalina.core.StandardEngine requestId= tenantId= hospitalId= branchId= userId= - Starting Servlet engine: [Apache Tomcat/10.1.39]
2026-05-13 17:42:49 INFO  [restartedMain] o.a.c.c.C.[Tomcat].[localhost].[/] requestId= tenantId= hospitalId= branchId= userId= - Initializing Spring embedded WebApplicationContext
2026-05-13 17:42:49 INFO  [restartedMain] o.s.b.w.s.c.ServletWebServerApplicationContext requestId= tenantId= hospitalId= branchId= userId= - Root WebApplicationContext: initialization completed in 776 ms
2026-05-13 17:42:49 DEBUG [restartedMain] c.p.d.p.s.JwtAuthenticationFilter requestId= tenantId= hospitalId= branchId= userId= - Filter 'jwtAuthenticationFilter' configured for use
2026-05-13 17:42:49 DEBUG [restartedMain] c.p.d.p.logging.RequestMdcFilter requestId= tenantId= hospitalId= branchId= userId= - Filter 'requestMdcFilter' configured for use
2026-05-13 17:42:49 WARN  [restartedMain] o.s.b.a.s.s.UserDetailsServiceAutoConfiguration requestId= tenantId= hospitalId= branchId= userId= - 

Using generated security password: a52b6637-eb6e-49af-9273-78903f78345b

This generated password is for development use only. Your security configuration must be updated before running your application in production.

2026-05-13 17:42:49 INFO  [restartedMain] o.s.s.c.a.a.c.InitializeUserDetailsBeanManagerConfigurer$InitializeUserDetailsManagerConfigurer requestId= tenantId= hospitalId= branchId= userId= - Global AuthenticationManager configured with UserDetailsService bean with name inMemoryUserDetailsManager
2026-05-13 17:42:50 WARN  [restartedMain] o.s.b.d.a.OptionalLiveReloadServer requestId= tenantId= hospitalId= branchId= userId= - Unable to start LiveReload server
2026-05-13 17:42:50 INFO  [restartedMain] o.s.b.w.e.tomcat.TomcatWebServer requestId= tenantId= hospitalId= branchId= userId= - Tomcat started on port 8095 (http) with context path '/'
2026-05-13 17:42:50 INFO  [restartedMain] c.p.d.p.DiagnosticsPaymentServiceApplication requestId= tenantId= hospitalId= branchId= userId= - Started DiagnosticsPaymentServiceApplication in 1.579 seconds (process running for 3958.188)
2026-05-13 17:42:50 INFO  [restartedMain] o.s.b.d.a.ConditionEvaluationDeltaLoggingListener requestId= tenantId= hospitalId= branchId= userId= - Condition evaluation unchanged
2026-05-13 17:43:20 INFO  [File Watcher] o.s.b.d.a.LocalDevToolsAutoConfiguration$RestartingClassPathChangeChangedEventListener requestId= tenantId= hospitalId= branchId= userId= - Restarting due to 1 class path change (0 additions, 0 deletions, 1 modification)
2026-05-13 17:43:20 INFO  [Thread-89] o.s.b.w.e.tomcat.GracefulShutdown requestId= tenantId= hospitalId= branchId= userId= - Commencing graceful shutdown. Waiting for active requests to complete
2026-05-13 17:43:20 INFO  [tomcat-shutdown] o.s.b.w.e.tomcat.GracefulShutdown requestId= tenantId= hospitalId= branchId= userId= - Graceful shutdown complete
2026-05-13 17:43:20 INFO  [restartedMain] c.p.d.p.DiagnosticsPaymentServiceApplication requestId= tenantId= hospitalId= branchId= userId= - Starting DiagnosticsPaymentServiceApplication using Java 17.0.8 with PID 12244 (C:\Users\ms\OneDrive\Desktop\diagnostics-payment-service\target\classes started by ms in C:\Users\ms\OneDrive\Desktop\diagnostics-payment-service)
2026-05-13 17:43:20 DEBUG [restartedMain] c.p.d.p.DiagnosticsPaymentServiceApplication requestId= tenantId= hospitalId= branchId= userId= - Running with Spring Boot v3.4.4, Spring v6.2.5
2026-05-13 17:43:20 INFO  [restartedMain] c.p.d.p.DiagnosticsPaymentServiceApplication requestId= tenantId= hospitalId= branchId= userId= - No active profile set, falling back to 1 default profile: "default"
2026-05-13 17:43:21 INFO  [restartedMain] o.s.b.w.e.tomcat.TomcatWebServer requestId= tenantId= hospitalId= branchId= userId= - Tomcat initialized with port 8095 (http)
2026-05-13 17:43:21 INFO  [restartedMain] o.a.catalina.core.StandardService requestId= tenantId= hospitalId= branchId= userId= - Starting service [Tomcat]
2026-05-13 17:43:21 INFO  [restartedMain] o.a.catalina.core.StandardEngine requestId= tenantId= hospitalId= branchId= userId= - Starting Servlet engine: [Apache Tomcat/10.1.39]
2026-05-13 17:43:21 INFO  [restartedMain] o.a.c.c.C.[Tomcat].[localhost].[/] requestId= tenantId= hospitalId= branchId= userId= - Initializing Spring embedded WebApplicationContext
2026-05-13 17:43:21 INFO  [restartedMain] o.s.b.w.s.c.ServletWebServerApplicationContext requestId= tenantId= hospitalId= branchId= userId= - Root WebApplicationContext: initialization completed in 666 ms
2026-05-13 17:43:21 DEBUG [restartedMain] c.p.d.p.s.JwtAuthenticationFilter requestId= tenantId= hospitalId= branchId= userId= - Filter 'jwtAuthenticationFilter' configured for use
2026-05-13 17:43:21 DEBUG [restartedMain] c.p.d.p.logging.RequestMdcFilter requestId= tenantId= hospitalId= branchId= userId= - Filter 'requestMdcFilter' configured for use
2026-05-13 17:43:21 WARN  [restartedMain] o.s.b.a.s.s.UserDetailsServiceAutoConfiguration requestId= tenantId= hospitalId= branchId= userId= - 

Using generated security password: b16879c6-e8df-4a34-847b-df83550ad1b4

This generated password is for development use only. Your security configuration must be updated before running your application in production.

2026-05-13 17:43:21 INFO  [restartedMain] o.s.s.c.a.a.c.InitializeUserDetailsBeanManagerConfigurer$InitializeUserDetailsManagerConfigurer requestId= tenantId= hospitalId= branchId= userId= - Global AuthenticationManager configured with UserDetailsService bean with name inMemoryUserDetailsManager
2026-05-13 17:43:21 WARN  [restartedMain] o.s.b.d.a.OptionalLiveReloadServer requestId= tenantId= hospitalId= branchId= userId= - Unable to start LiveReload server
2026-05-13 17:43:21 INFO  [restartedMain] o.s.b.w.e.tomcat.TomcatWebServer requestId= tenantId= hospitalId= branchId= userId= - Tomcat started on port 8095 (http) with context path '/'
2026-05-13 17:43:21 INFO  [restartedMain] c.p.d.p.DiagnosticsPaymentServiceApplication requestId= tenantId= hospitalId= branchId= userId= - Started DiagnosticsPaymentServiceApplication in 1.405 seconds (process running for 3989.975)
2026-05-13 17:43:21 INFO  [restartedMain] o.s.b.d.a.ConditionEvaluationDeltaLoggingListener requestId= tenantId= hospitalId= branchId= userId= - Condition evaluation unchanged
2026-05-13 17:44:51 INFO  [File Watcher] o.s.b.d.a.LocalDevToolsAutoConfiguration$RestartingClassPathChangeChangedEventListener requestId= tenantId= hospitalId= branchId= userId= - Restarting due to 1 class path change (1 addition, 0 deletions, 0 modifications)
2026-05-13 17:44:51 INFO  [Thread-93] o.s.b.w.e.tomcat.GracefulShutdown requestId= tenantId= hospitalId= branchId= userId= - Commencing graceful shutdown. Waiting for active requests to complete
2026-05-13 17:44:51 INFO  [tomcat-shutdown] o.s.b.w.e.tomcat.GracefulShutdown requestId= tenantId= hospitalId= branchId= userId= - Graceful shutdown complete
2026-05-13 17:44:52 INFO  [restartedMain] c.p.d.p.DiagnosticsPaymentServiceApplication requestId= tenantId= hospitalId= branchId= userId= - Starting DiagnosticsPaymentServiceApplication using Java 17.0.8 with PID 12244 (C:\Users\ms\OneDrive\Desktop\diagnostics-payment-service\target\classes started by ms in C:\Users\ms\OneDrive\Desktop\diagnostics-payment-service)
2026-05-13 17:44:52 DEBUG [restartedMain] c.p.d.p.DiagnosticsPaymentServiceApplication requestId= tenantId= hospitalId= branchId= userId= - Running with Spring Boot v3.4.4, Spring v6.2.5
2026-05-13 17:44:52 INFO  [restartedMain] c.p.d.p.DiagnosticsPaymentServiceApplication requestId= tenantId= hospitalId= branchId= userId= - No active profile set, falling back to 1 default profile: "default"
2026-05-13 17:44:55 INFO  [restartedMain] o.s.b.w.e.tomcat.TomcatWebServer requestId= tenantId= hospitalId= branchId= userId= - Tomcat initialized with port 8095 (http)
2026-05-13 17:44:55 INFO  [restartedMain] o.a.catalina.core.StandardService requestId= tenantId= hospitalId= branchId= userId= - Starting service [Tomcat]
2026-05-13 17:44:55 INFO  [restartedMain] o.a.catalina.core.StandardEngine requestId= tenantId= hospitalId= branchId= userId= - Starting Servlet engine: [Apache Tomcat/10.1.39]
2026-05-13 17:44:55 INFO  [restartedMain] o.a.c.c.C.[Tomcat].[localhost].[/] requestId= tenantId= hospitalId= branchId= userId= - Initializing Spring embedded WebApplicationContext
2026-05-13 17:44:55 INFO  [restartedMain] o.s.b.w.s.c.ServletWebServerApplicationContext requestId= tenantId= hospitalId= branchId= userId= - Root WebApplicationContext: initialization completed in 3179 ms
2026-05-13 17:44:55 DEBUG [restartedMain] c.p.d.p.s.JwtAuthenticationFilter requestId= tenantId= hospitalId= branchId= userId= - Filter 'jwtAuthenticationFilter' configured for use
2026-05-13 17:44:55 DEBUG [restartedMain] c.p.d.p.logging.RequestMdcFilter requestId= tenantId= hospitalId= branchId= userId= - Filter 'requestMdcFilter' configured for use
2026-05-13 17:44:55 WARN  [restartedMain] o.s.b.a.s.s.UserDetailsServiceAutoConfiguration requestId= tenantId= hospitalId= branchId= userId= - 

Using generated security password: 66b81a6a-e602-4658-8422-cc161ab93547

This generated password is for development use only. Your security configuration must be updated before running your application in production.

2026-05-13 17:44:55 INFO  [restartedMain] o.s.s.c.a.a.c.InitializeUserDetailsBeanManagerConfigurer$InitializeUserDetailsManagerConfigurer requestId= tenantId= hospitalId= branchId= userId= - Global AuthenticationManager configured with UserDetailsService bean with name inMemoryUserDetailsManager
2026-05-13 17:44:55 WARN  [restartedMain] o.s.b.d.a.OptionalLiveReloadServer requestId= tenantId= hospitalId= branchId= userId= - Unable to start LiveReload server
2026-05-13 17:44:55 INFO  [restartedMain] o.s.b.w.e.tomcat.TomcatWebServer requestId= tenantId= hospitalId= branchId= userId= - Tomcat started on port 8095 (http) with context path '/'
2026-05-13 17:44:55 INFO  [restartedMain] c.p.d.p.DiagnosticsPaymentServiceApplication requestId= tenantId= hospitalId= branchId= userId= - Started DiagnosticsPaymentServiceApplication in 3.953 seconds (process running for 4084.021)
2026-05-13 17:44:55 INFO  [restartedMain] o.s.b.d.a.ConditionEvaluationDeltaLoggingListener requestId= tenantId= hospitalId= branchId= userId= - Condition evaluation unchanged
2026-05-13 17:45:08 INFO  [File Watcher] o.s.b.d.a.LocalDevToolsAutoConfiguration$RestartingClassPathChangeChangedEventListener requestId= tenantId= hospitalId= branchId= userId= - Restarting due to 1 class path change (0 additions, 0 deletions, 1 modification)
2026-05-13 17:45:08 INFO  [Thread-97] o.s.b.w.e.tomcat.GracefulShutdown requestId= tenantId= hospitalId= branchId= userId= - Commencing graceful shutdown. Waiting for active requests to complete
2026-05-13 17:45:08 INFO  [tomcat-shutdown] o.s.b.w.e.tomcat.GracefulShutdown requestId= tenantId= hospitalId= branchId= userId= - Graceful shutdown complete
2026-05-13 17:45:08 INFO  [restartedMain] c.p.d.p.DiagnosticsPaymentServiceApplication requestId= tenantId= hospitalId= branchId= userId= - Starting DiagnosticsPaymentServiceApplication using Java 17.0.8 with PID 12244 (C:\Users\ms\OneDrive\Desktop\diagnostics-payment-service\target\classes started by ms in C:\Users\ms\OneDrive\Desktop\diagnostics-payment-service)
2026-05-13 17:45:08 DEBUG [restartedMain] c.p.d.p.DiagnosticsPaymentServiceApplication requestId= tenantId= hospitalId= branchId= userId= - Running with Spring Boot v3.4.4, Spring v6.2.5
2026-05-13 17:45:08 INFO  [restartedMain] c.p.d.p.DiagnosticsPaymentServiceApplication requestId= tenantId= hospitalId= branchId= userId= - No active profile set, falling back to 1 default profile: "default"
2026-05-13 17:45:09 INFO  [restartedMain] o.s.b.w.e.tomcat.TomcatWebServer requestId= tenantId= hospitalId= branchId= userId= - Tomcat initialized with port 8095 (http)
2026-05-13 17:45:09 INFO  [restartedMain] o.a.catalina.core.StandardService requestId= tenantId= hospitalId= branchId= userId= - Starting service [Tomcat]
2026-05-13 17:45:09 INFO  [restartedMain] o.a.catalina.core.StandardEngine requestId= tenantId= hospitalId= branchId= userId= - Starting Servlet engine: [Apache Tomcat/10.1.39]
2026-05-13 17:45:09 INFO  [restartedMain] o.a.c.c.C.[Tomcat].[localhost].[/] requestId= tenantId= hospitalId= branchId= userId= - Initializing Spring embedded WebApplicationContext
2026-05-13 17:45:09 INFO  [restartedMain] o.s.b.w.s.c.ServletWebServerApplicationContext requestId= tenantId= hospitalId= branchId= userId= - Root WebApplicationContext: initialization completed in 833 ms
2026-05-13 17:45:09 DEBUG [restartedMain] c.p.d.p.s.JwtAuthenticationFilter requestId= tenantId= hospitalId= branchId= userId= - Filter 'jwtAuthenticationFilter' configured for use
2026-05-13 17:45:09 DEBUG [restartedMain] c.p.d.p.logging.RequestMdcFilter requestId= tenantId= hospitalId= branchId= userId= - Filter 'requestMdcFilter' configured for use
2026-05-13 17:45:09 WARN  [restartedMain] o.s.b.a.s.s.UserDetailsServiceAutoConfiguration requestId= tenantId= hospitalId= branchId= userId= - 

Using generated security password: c9d24ef3-d720-45ee-b809-bf7814e417d8

This generated password is for development use only. Your security configuration must be updated before running your application in production.

2026-05-13 17:45:09 INFO  [restartedMain] o.s.s.c.a.a.c.InitializeUserDetailsBeanManagerConfigurer$InitializeUserDetailsManagerConfigurer requestId= tenantId= hospitalId= branchId= userId= - Global AuthenticationManager configured with UserDetailsService bean with name inMemoryUserDetailsManager
2026-05-13 17:45:10 WARN  [restartedMain] o.s.b.d.a.OptionalLiveReloadServer requestId= tenantId= hospitalId= branchId= userId= - Unable to start LiveReload server
2026-05-13 17:45:10 INFO  [restartedMain] o.s.b.w.e.tomcat.TomcatWebServer requestId= tenantId= hospitalId= branchId= userId= - Tomcat started on port 8095 (http) with context path '/'
2026-05-13 17:45:10 INFO  [restartedMain] c.p.d.p.DiagnosticsPaymentServiceApplication requestId= tenantId= hospitalId= branchId= userId= - Started DiagnosticsPaymentServiceApplication in 1.568 seconds (process running for 4098.43)
2026-05-13 17:45:10 INFO  [restartedMain] o.s.b.d.a.ConditionEvaluationDeltaLoggingListener requestId= tenantId= hospitalId= branchId= userId= - Condition evaluation unchanged
2026-05-13 17:47:20 INFO  [File Watcher] o.s.b.d.a.LocalDevToolsAutoConfiguration$RestartingClassPathChangeChangedEventListener requestId= tenantId= hospitalId= branchId= userId= - Restarting due to 2 class path changes (0 additions, 0 deletions, 2 modifications)
2026-05-13 17:47:20 INFO  [Thread-101] o.s.b.w.e.tomcat.GracefulShutdown requestId= tenantId= hospitalId= branchId= userId= - Commencing graceful shutdown. Waiting for active requests to complete
2026-05-13 17:47:20 INFO  [tomcat-shutdown] o.s.b.w.e.tomcat.GracefulShutdown requestId= tenantId= hospitalId= branchId= userId= - Graceful shutdown complete
2026-05-13 17:47:20 INFO  [restartedMain] c.p.d.p.DiagnosticsPaymentServiceApplication requestId= tenantId= hospitalId= branchId= userId= - Starting DiagnosticsPaymentServiceApplication using Java 17.0.8 with PID 12244 (C:\Users\ms\OneDrive\Desktop\diagnostics-payment-service\target\classes started by ms in C:\Users\ms\OneDrive\Desktop\diagnostics-payment-service)
2026-05-13 17:47:20 DEBUG [restartedMain] c.p.d.p.DiagnosticsPaymentServiceApplication requestId= tenantId= hospitalId= branchId= userId= - Running with Spring Boot v3.4.4, Spring v6.2.5
2026-05-13 17:47:20 INFO  [restartedMain] c.p.d.p.DiagnosticsPaymentServiceApplication requestId= tenantId= hospitalId= branchId= userId= - No active profile set, falling back to 1 default profile: "default"
2026-05-13 17:47:21 INFO  [restartedMain] o.s.b.w.e.tomcat.TomcatWebServer requestId= tenantId= hospitalId= branchId= userId= - Tomcat initialized with port 8095 (http)
2026-05-13 17:47:21 INFO  [restartedMain] o.a.catalina.core.StandardService requestId= tenantId= hospitalId= branchId= userId= - Starting service [Tomcat]
2026-05-13 17:47:21 INFO  [restartedMain] o.a.catalina.core.StandardEngine requestId= tenantId= hospitalId= branchId= userId= - Starting Servlet engine: [Apache Tomcat/10.1.39]
2026-05-13 17:47:21 INFO  [restartedMain] o.a.c.c.C.[Tomcat].[localhost].[/] requestId= tenantId= hospitalId= branchId= userId= - Initializing Spring embedded WebApplicationContext
2026-05-13 17:47:21 INFO  [restartedMain] o.s.b.w.s.c.ServletWebServerApplicationContext requestId= tenantId= hospitalId= branchId= userId= - Root WebApplicationContext: initialization completed in 785 ms
2026-05-13 17:47:21 DEBUG [restartedMain] c.p.d.p.s.JwtAuthenticationFilter requestId= tenantId= hospitalId= branchId= userId= - Filter 'jwtAuthenticationFilter' configured for use
2026-05-13 17:47:21 DEBUG [restartedMain] c.p.d.p.logging.RequestMdcFilter requestId= tenantId= hospitalId= branchId= userId= - Filter 'requestMdcFilter' configured for use
2026-05-13 17:47:21 WARN  [restartedMain] o.s.b.a.s.s.UserDetailsServiceAutoConfiguration requestId= tenantId= hospitalId= branchId= userId= - 

Using generated security password: f05f5cd7-7dc8-4037-a870-bd18d7e38769

This generated password is for development use only. Your security configuration must be updated before running your application in production.

2026-05-13 17:47:21 INFO  [restartedMain] o.s.s.c.a.a.c.InitializeUserDetailsBeanManagerConfigurer$InitializeUserDetailsManagerConfigurer requestId= tenantId= hospitalId= branchId= userId= - Global AuthenticationManager configured with UserDetailsService bean with name inMemoryUserDetailsManager
2026-05-13 17:47:21 WARN  [restartedMain] o.s.b.d.a.OptionalLiveReloadServer requestId= tenantId= hospitalId= branchId= userId= - Unable to start LiveReload server
2026-05-13 17:47:21 INFO  [restartedMain] o.s.b.w.e.tomcat.TomcatWebServer requestId= tenantId= hospitalId= branchId= userId= - Tomcat started on port 8095 (http) with context path '/'
2026-05-13 17:47:21 INFO  [restartedMain] c.p.d.p.DiagnosticsPaymentServiceApplication requestId= tenantId= hospitalId= branchId= userId= - Started DiagnosticsPaymentServiceApplication in 1.316 seconds (process running for 4229.905)
2026-05-13 17:47:21 INFO  [restartedMain] o.s.b.d.a.ConditionEvaluationDeltaLoggingListener requestId= tenantId= hospitalId= branchId= userId= - Condition evaluation unchanged
2026-05-13 17:47:30 INFO  [RMI TCP Connection(74)-127.0.0.1] o.s.b.a.SpringApplicationAdminMXBeanRegistrar$SpringApplicationAdmin requestId= tenantId= hospitalId= branchId= userId= - Application shutdown requested.
2026-05-13 17:47:30 INFO  [RMI TCP Connection(74)-127.0.0.1] o.s.b.w.e.tomcat.GracefulShutdown requestId= tenantId= hospitalId= branchId= userId= - Commencing graceful shutdown. Waiting for active requests to complete
2026-05-13 17:47:30 INFO  [tomcat-shutdown] o.s.b.w.e.tomcat.GracefulShutdown requestId= tenantId= hospitalId= branchId= userId= - Graceful shutdown complete
2026-05-13 17:47:42 INFO  [restartedMain] c.p.d.p.DiagnosticsPaymentServiceApplication requestId= tenantId= hospitalId= branchId= userId= - Starting DiagnosticsPaymentServiceApplication using Java 17.0.8 with PID 16624 (C:\Users\ms\OneDrive\Desktop\diagnostics-payment-service\target\classes started by ms in C:\Users\ms\OneDrive\Desktop\diagnostics-payment-service)
2026-05-13 17:47:42 DEBUG [restartedMain] c.p.d.p.DiagnosticsPaymentServiceApplication requestId= tenantId= hospitalId= branchId= userId= - Running with Spring Boot v3.4.4, Spring v6.2.5
2026-05-13 17:47:42 INFO  [restartedMain] c.p.d.p.DiagnosticsPaymentServiceApplication requestId= tenantId= hospitalId= branchId= userId= - No active profile set, falling back to 1 default profile: "default"
2026-05-13 17:47:42 INFO  [restartedMain] o.s.b.d.e.DevToolsPropertyDefaultsPostProcessor requestId= tenantId= hospitalId= branchId= userId= - Devtools property defaults active! Set 'spring.devtools.add-properties' to 'false' to disable
2026-05-13 17:47:42 INFO  [restartedMain] o.s.b.d.e.DevToolsPropertyDefaultsPostProcessor requestId= tenantId= hospitalId= branchId= userId= - For additional web related logging consider setting the 'logging.level.web' property to 'DEBUG'
2026-05-13 17:47:44 INFO  [restartedMain] o.s.b.w.e.tomcat.TomcatWebServer requestId= tenantId= hospitalId= branchId= userId= - Tomcat initialized with port 8095 (http)
2026-05-13 17:47:44 INFO  [restartedMain] o.a.catalina.core.StandardService requestId= tenantId= hospitalId= branchId= userId= - Starting service [Tomcat]
2026-05-13 17:47:44 INFO  [restartedMain] o.a.catalina.core.StandardEngine requestId= tenantId= hospitalId= branchId= userId= - Starting Servlet engine: [Apache Tomcat/10.1.39]
2026-05-13 17:47:44 INFO  [restartedMain] o.a.c.c.C.[Tomcat].[localhost].[/] requestId= tenantId= hospitalId= branchId= userId= - Initializing Spring embedded WebApplicationContext
2026-05-13 17:47:44 INFO  [restartedMain] o.s.b.w.s.c.ServletWebServerApplicationContext requestId= tenantId= hospitalId= branchId= userId= - Root WebApplicationContext: initialization completed in 2203 ms
2026-05-13 17:47:44 DEBUG [restartedMain] c.p.d.p.s.JwtAuthenticationFilter requestId= tenantId= hospitalId= branchId= userId= - Filter 'jwtAuthenticationFilter' configured for use
2026-05-13 17:47:44 DEBUG [restartedMain] c.p.d.p.logging.RequestMdcFilter requestId= tenantId= hospitalId= branchId= userId= - Filter 'requestMdcFilter' configured for use
2026-05-13 17:47:45 WARN  [restartedMain] o.s.b.a.s.s.UserDetailsServiceAutoConfiguration requestId= tenantId= hospitalId= branchId= userId= - 

Using generated security password: 0b65cbda-9f89-4695-8e30-2cefe1639710

This generated password is for development use only. Your security configuration must be updated before running your application in production.

2026-05-13 17:47:45 INFO  [restartedMain] o.s.s.c.a.a.c.InitializeUserDetailsBeanManagerConfigurer$InitializeUserDetailsManagerConfigurer requestId= tenantId= hospitalId= branchId= userId= - Global AuthenticationManager configured with UserDetailsService bean with name inMemoryUserDetailsManager
2026-05-13 17:47:46 WARN  [restartedMain] o.s.b.d.a.OptionalLiveReloadServer requestId= tenantId= hospitalId= branchId= userId= - Unable to start LiveReload server
2026-05-13 17:47:46 INFO  [restartedMain] o.s.b.w.e.tomcat.TomcatWebServer requestId= tenantId= hospitalId= branchId= userId= - Tomcat started on port 8095 (http) with context path '/'
2026-05-13 17:47:46 INFO  [restartedMain] c.p.d.p.DiagnosticsPaymentServiceApplication requestId= tenantId= hospitalId= branchId= userId= - Started DiagnosticsPaymentServiceApplication in 4.649 seconds (process running for 5.958)
2026-05-13 17:50:49 INFO  [http-nio-8095-exec-2] o.a.c.c.C.[Tomcat].[localhost].[/] requestId= tenantId= hospitalId= branchId= userId= - Initializing Spring DispatcherServlet 'dispatcherServlet'
2026-05-13 17:50:49 INFO  [http-nio-8095-exec-2] o.s.web.servlet.DispatcherServlet requestId= tenantId= hospitalId= branchId= userId= - Initializing Servlet 'dispatcherServlet'
2026-05-13 17:50:49 INFO  [http-nio-8095-exec-2] o.s.web.servlet.DispatcherServlet requestId= tenantId= hospitalId= branchId= userId= - Completed initialization in 1 ms
2026-05-13 17:50:49 INFO  [http-nio-8095-exec-2] c.p.d.p.d.s.DiagnosticOrderService requestId=3f084088-5bf5-4ad1-8806-897d4685f189 tenantId=1 hospitalId=1 branchId=br_main userId=1 - Fetching diagnostics bootstrap. tenantId=1 hospitalId=1 branchId=br_main
2026-05-13 17:50:49 INFO  [http-nio-8095-exec-2] com.zaxxer.hikari.HikariDataSource requestId=3f084088-5bf5-4ad1-8806-897d4685f189 tenantId=1 hospitalId=1 branchId=br_main userId=1 - HikariPool-1 - Starting...
2026-05-13 17:50:50 INFO  [http-nio-8095-exec-2] com.zaxxer.hikari.pool.HikariPool requestId=3f084088-5bf5-4ad1-8806-897d4685f189 tenantId=1 hospitalId=1 branchId=br_main userId=1 - HikariPool-1 - Added connection com.mysql.cj.jdbc.ConnectionImpl@6c1ed4a6
2026-05-13 17:50:50 INFO  [http-nio-8095-exec-2] com.zaxxer.hikari.HikariDataSource requestId=3f084088-5bf5-4ad1-8806-897d4685f189 tenantId=1 hospitalId=1 branchId=br_main userId=1 - HikariPool-1 - Start completed.
2026-05-13 17:56:28 INFO  [http-nio-8095-exec-7] c.p.d.p.d.s.DiagnosticOrderService requestId=53fd5bc1-9dae-42bf-9461-f56b4f8efbd0 tenantId=1 hospitalId=1 branchId=br_main userId=1 - Creating diagnostic order. tenantId=1 hospitalId=1 branchId=br_main orderNo=DORD-1778675188243
2026-05-13 19:26:40 WARN  [http-nio-8095-exec-7] c.p.d.p.c.e.GlobalExceptionHandler requestId=2b665adf-d40f-42e9-af32-329756ce1055 tenantId=1 hospitalId=1 branchId=br_main userId=1 - Handled API exception. code=VALIDATION_ERROR message=X-Idempotency-Key header is required.
2026-05-13 19:26:40 WARN  [http-nio-8095-exec-7] o.s.w.s.m.m.a.ExceptionHandlerExceptionResolver requestId=2b665adf-d40f-42e9-af32-329756ce1055 tenantId=1 hospitalId=1 branchId=br_main userId=1 - Resolved [com.plasmit.diagnostics.payment.common.exception.ApiException: X-Idempotency-Key header is required.]
2026-05-13 19:47:27 INFO  [http-nio-8095-exec-1] c.p.d.p.d.s.DiagnosticOrderService requestId=0aeb0ac1-bf3d-4f96-b0da-6607f21527f9 tenantId=1 hospitalId=1 branchId=br_main userId=1 - Creating diagnostic order. tenantId=1 hospitalId=1 branchId=br_main orderNo=DORD-1778681847633
2026-05-13 20:24:30 WARN  [HikariPool-1 housekeeper] com.zaxxer.hikari.pool.HikariPool requestId= tenantId= hospitalId= branchId= userId= - HikariPool-1 - Thread starvation or clock leap detected (housekeeper delta=2m12s536ms338µs200ns).
2026-05-13 20:41:13 INFO  [RMI TCP Connection(176)-127.0.0.1] o.s.b.a.SpringApplicationAdminMXBeanRegistrar$SpringApplicationAdmin requestId= tenantId= hospitalId= branchId= userId= - Application shutdown requested.
2026-05-13 20:41:13 INFO  [RMI TCP Connection(176)-127.0.0.1] o.s.b.w.e.tomcat.GracefulShutdown requestId= tenantId= hospitalId= branchId= userId= - Commencing graceful shutdown. Waiting for active requests to complete
2026-05-13 20:41:13 INFO  [tomcat-shutdown] o.s.b.w.e.tomcat.GracefulShutdown requestId= tenantId= hospitalId= branchId= userId= - Graceful shutdown complete
2026-05-13 20:41:13 INFO  [RMI TCP Connection(176)-127.0.0.1] com.zaxxer.hikari.HikariDataSource requestId= tenantId= hospitalId= branchId= userId= - HikariPool-1 - Shutdown initiated...
2026-05-13 20:41:13 INFO  [RMI TCP Connection(176)-127.0.0.1] com.zaxxer.hikari.HikariDataSource requestId= tenantId= hospitalId= branchId= userId= - HikariPool-1 - Shutdown completed.
